target,feature,description,group,auc,direction,nonzero_share
y_injury,vehicle__TOWED=5,vehicle.TOWED = Not Towed (count),post_crash,0.6813021337940368,higher -> less likely,0.6278826913456729
y_injury,acc__EVENT1_IM,accident.EVENT1_IM,crash_record,0.6457060827018094,higher -> more likely,1.0
y_injury,person__EJECT_IM=8,person.EJECT_IM = Not Applicable (count),crash_record,0.6404489131504848,higher -> more likely,0.15458979489744873
y_injury,acc__MANCOL_IM,accident.MANCOL_IM,crash_record,0.6383819542228085,higher -> more likely,1.0
y_injury,vehicle__DEFORMED=6,vehicle.DEFORMED = Disabling Damage (count),post_crash,0.6372521789164745,higher -> more likely,0.4015945472736368
y_injury,person__AIR_BAG=20,person.AIR_BAG = Not Deployed (count),crash_record,0.6211358874033948,higher -> less likely,0.8309217108554278
y_injury,cevent__AOI2=77,cevent.AOI2 = Not a Motor Vehicle (count),crash_record,0.6161859681491865,higher -> more likely,0.36772136068034017
y_injury,vevent__AOI2=77,vevent.AOI2 = Not a Motor Vehicle (count),crash_record,0.6161859681491865,higher -> more likely,0.36772136068034017
y_injury,vehicle__DEFORMED=2,vehicle.DEFORMED = Minor Damage (count),post_crash,0.5991556549831842,higher -> less likely,0.2924337168584292
y_injury,vehicle__TOWED=2,vehicle.TOWED = 2 (count),post_crash,0.5898494160358712,higher -> more likely,0.2523511755877939
y_injury,person__REST_USE=20,person.REST_USE = None Used/Not Applicable (count),crash_record,0.5879717140254891,higher -> more likely,0.12541895947973988
y_injury,nmcrash__n_rows,nmcrash.n_rows,crash_record,0.5854614596544612,higher -> more likely,0.09217108554277138
y_injury,nmprior__n_rows,nmprior.n_rows,crash_record,0.5854572212348155,higher -> more likely,0.09217108554277138
y_injury,nmdistract__n_rows,nmdistract.n_rows,crash_record,0.5854561329590499,higher -> more likely,0.09217108554277138
y_injury,acc__PEDS,accident.PEDS,crash_record,0.5854560901784459,higher -> more likely,0.09217108554277138
y_injury,person__REST_USE=96,person.REST_USE = Not a Motor Vehicle Occupant (count),crash_record,0.5854560901784459,higher -> more likely,0.09217108554277138
y_injury,person__HELM_USE=96,person.HELM_USE = Not a Motor Vehicle Occupant (count),crash_record,0.5854560901784459,higher -> more likely,0.09217108554277138
y_injury,person__HELM_MIS=8,person.HELM_MIS = Not a Motor Vehicle Occupant (count),crash_record,0.5854560901784459,higher -> more likely,0.09217108554277138
y_injury,person__REST_MIS=8,person.REST_MIS = Not a Motor Vehicle Occupant (count),crash_record,0.5854560901784459,higher -> more likely,0.09217108554277138
y_injury,person__AIR_BAG=97,person.AIR_BAG = Not a Motor Vehicle Occupant (count),crash_record,0.5854560901784459,higher -> more likely,0.09217108554277138
y_injury,person__SEAT_IM=0,person.SEAT_IM = Not a Motor Vehicle Occupant (count),crash_record,0.5854560901784459,higher -> more likely,0.09217108554277138
y_injury,safetyeq__n_rows,safetyeq.n_rows,crash_record,0.5854560901784459,higher -> more likely,0.09217108554277138
y_injury,nmimpair__n_rows,nmimpair.n_rows,crash_record,0.5854550837745516,higher -> more likely,0.09217108554277138
y_injury,pbtype__n_rows,pbtype.n_rows,crash_record,0.5851790642602311,higher -> more likely,0.09180840420210105
y_injury,pbtype__PBSZONE=0,pbtype.PBSZONE = None Noted (count),crash_record,0.5848372645044088,higher -> more likely,0.09144572286143071
y_injury,person__STR_VEH=1,person.STR_VEH = 1 (count),crash_record,0.5844430766415213,higher -> more likely,0.09108304152076038
y_injury,acc__PERNOTMVIT,accident.PERNOTMVIT,crash_record,0.5836955830812754,higher -> more likely,0.0979239619809905
y_injury,vpicdecode__CUSTOMMOTORCYCLETYPEID=0.0,vpicdecode.CUSTOMMOTORCYCLETYPEID = 0 (count),crash_record,0.5765992268579998,higher -> less likely,0.9464857428714357
y_injury,vpicdecode__MOTORCYCLESUSPENSIONTYPEID=0.0,vpicdecode.MOTORCYCLESUSPENSIONTYPEID = 0 (count),crash_record,0.5765992268579998,higher -> less likely,0.9464857428714357
y_injury,vpicdecode__MOTORCYCLECHASSISTYPEID=0.0,vpicdecode.MOTORCYCLECHASSISTYPEID = 0 (count),crash_record,0.5765992268579998,higher -> less likely,0.9464857428714357
y_injury,cevent__n_rows,cevent.n_rows,crash_record,0.5753047410459307,higher -> more likely,1.0
y_injury,cevent__AOI1=12,cevent.AOI1 = 12 Clock Point (count),crash_record,0.5733478865977266,higher -> more likely,0.6810530265132566
y_injury,vehicle__UNDEROVERRIDE=7.0,vehicle.UNDEROVERRIDE = Not Applicable (count),crash_record,0.5719107094959911,higher -> more likely,0.21867808904452227
y_injury,person__IMPACT1=12.0,person.IMPACT1 = 12 (count),crash_record,0.5718169613365776,higher -> more likely,0.7047836418209105
y_injury,damage__DAMAGE=12,damage.DAMAGE = 12 Clock Value (count),post_crash,0.571670040732862,higher -> more likely,0.7543334167083542
y_injury,vehicle__ROLLOVER=0,vehicle.ROLLOVER = No Rollover (count),crash_record,0.5716040279061687,higher -> less likely,0.9566220610305153
y_injury,vehicle__ROLINLOC=0,vehicle.ROLINLOC = No Rollover (count),crash_record,0.5716040279061687,higher -> less likely,0.9566220610305153
y_injury,person__REST_MIS=7,person.REST_MIS = None Used/Not Applicable (count),crash_record,0.5712609348416682,higher -> more likely,0.27665707853926963
y_injury,vsoe__AOI=12,vsoe.AOI = 12 Clock Point (count),crash_record,0.5700709239740823,higher -> more likely,0.7104052026013007
y_injury,nmdistract__NMDISTRACT=96,nmdistract.NMDISTRACT = Not Reported (count),crash_record,0.5690796073465116,higher -> more likely,0.07447473736868435
y_injury,pbtype__PBSWALK=0,pbtype.PBSWALK = None Noted (count),crash_record,0.5686371055029864,higher -> more likely,0.07393696848424212
y_injury,vehicle__IMPACT1_IM=12,vehicle.IMPACT1_IM = 12 Clock Point (count),crash_record,0.5675255322839035,higher -> more likely,0.716852176088044
y_injury,vehicle__TRAV_SP__max,vehicle.TRAV_SP__max,crash_record,0.5657212516803531,higher -> more likely,0.8895260130065032
y_injury,vpicdecode__DISPLACEMENTL__min,vpicdecode.DISPLACEMENTL__min,crash_record,0.5629586975597022,higher -> less likely,0.9946785892946474
y_injury,vpicdecode__DISPLACEMENTL__max,vpicdecode.DISPLACEMENTL__max,crash_record,0.5623897072858708,higher -> less likely,0.9979302151075538
y_injury,safetyeq__NMOTHPRE=8,safetyeq.NMOTHPRE = Not Reported (count),crash_record,0.5617908654131156,higher -> more likely,0.06652701350675337
y_injury,safetyeq__NMOTHPRO=8,safetyeq.NMOTHPRO = Not Reported (count),crash_record,0.5613658200183893,higher -> more likely,0.06608929464732366
y_injury,vpicdecode__SEATBELTTYPEID=1.0,vpicdecode.SEATBELTTYPEID = 1 (count),crash_record,0.5611266466139831,higher -> less likely,0.8777576288144072
y_injury,person__AIR_BAG=9,person.AIR_BAG = Deployment- Unknown Location (count),crash_record,0.5602372954756193,higher -> more likely,0.11390695347673836
y_injury,nmprior__NMACTION=3,nmprior.NMACTION = Crossing Roadway (count),crash_record,0.5598164444639903,higher -> more likely,0.06453851925962982
y_injury,vpicdecode__AIRBAGLOCFRONTID=3.0,vpicdecode.AIRBAGLOCFRONTID = 3 (count),crash_record,0.5594851952685482,higher -> less likely,0.8756065532766383
y_injury,safetyeq__NMPROPAD=8,safetyeq.NMPROPAD = Not Reported (count),crash_record,0.5594492462168746,higher -> more likely,0.06398824412206103
y_injury,vpicdecode__ENGINEPOWERKW__min,vpicdecode.ENGINEPOWERKW__min,crash_record,0.55943567354044,higher -> less likely,0.9995872936468234
y_injury,vpicdecode__ENGINEBRAKEHP_FROM__min,vpicdecode.ENGINEBRAKEHP_FROM__min,crash_record,0.5593509373311006,higher -> less likely,0.9996498249124562
y_injury,person__AIR_BAG=8,person.AIR_BAG = Deployed- Combination (count),crash_record,0.5585360187132541,higher -> more likely,0.09798024012006003
y_injury,drimpair__DRIMPAIR=0,drimpair.DRIMPAIR = None/Apparently Normal (count),crash_record,0.5582112132972121,higher -> less likely,0.5568721860930466
y_injury,pbtype__PBCWALK=0,pbtype.PBCWALK = None Noted (count),crash_record,0.5580208378044952,higher -> more likely,0.06263131565782891
y_injury,safetyeq__NMLIGHT=8,safetyeq.NMLIGHT = Not Reported (count),crash_record,0.5578788183665512,higher -> more likely,0.06226863431715858
y_injury,vehicle__UNDEROVERRIDE=0.0,vehicle.UNDEROVERRIDE = No Underride or Override (count),crash_record,0.5575468046149956,higher -> less likely,0.31694597298649324
y_injury,safetyeq__NMREFCLO=8,safetyeq.NMREFCLO = Not Reported (count),crash_record,0.5570302486041836,higher -> more likely,0.06136818409204602
y_injury,pbtype__PBSEX=1,pbtype.PBSEX = Male (count),crash_record,0.5570203768032195,higher -> more likely,0.061530765382691345
y_injury,acc__VE_TOTAL,accident.VE_TOTAL,crash_record,0.55686022058713,higher -> less likely,1.0
y_injury,vehicle__V_ALCH_IM=2,vehicle.V_ALCH_IM = No Alcohol Involved (count),crash_record,0.556211136702191,higher -> less likely,0.9653139069534767
y_injury,vehicle__SPEEDREL=0,vehicle.SPEEDREL = No (count),crash_record,0.5555422795436389,higher -> less likely,0.9375500250125063
y_injury,nmimpair__NMIMPAIR=98,nmimpair.NMIMPAIR = Not Reported (count),crash_record,0.5551237474762302,higher -> more likely,0.05947973986993497
y_injury,person__DRUGS=8,person.DRUGS = Not Reported (count),crash_record,0.5549570415889338,higher -> more likely,0.6648011505752877
y_injury,violatn__VIOLATION=0,violatn.VIOLATION = nan (count),crash_record,0.5549277479432806,higher -> less likely,0.8974112056028014
y_injury,vehicle__ACC_TYPE=13,vehicle.ACC_TYPE = C13-Single Driver-Forward Impact-Pedestrian/ Animal (count),crash_record,0.5540852998105915,higher -> more likely,0.11814657328664332
y_injury,pbtype__BIKECTYPE=0,pbtype.BIKECTYPE = Not a Cyclist (count),crash_record,0.5535118555656681,higher -> more likely,0.05732866433216608
y_injury,pbtype__BIKELOC=7,pbtype.BIKELOC = Not a Cyclist (count),crash_record,0.5535118555656681,higher -> more likely,0.05732866433216608
y_injury,pbtype__BIKEPOS=7,pbtype.BIKEPOS = Not a Cyclist (count),crash_record,0.5535118555656681,higher -> more likely,0.05732866433216608
y_injury,pbtype__BIKEDIR=7,pbtype.BIKEDIR = Not a Cyclist (count),crash_record,0.5535118555656681,higher -> more likely,0.05732866433216608
y_injury,pbtype__BIKECGP=0,pbtype.BIKECGP = Not a Cyclist (count),crash_record,0.5535118555656681,higher -> more likely,0.05732866433216608
y_injury,vpicdecode__ENGINECYLINDERSCOUNT__min,vpicdecode.ENGINECYLINDERSCOUNT__min,crash_record,0.5523036189833785,higher -> less likely,1.0
y_injury,vpicdecode__ENGINEPOWERKW__max,vpicdecode.ENGINEPOWERKW__max,crash_record,0.5517385722962602,higher -> less likely,0.9997373686843422
y_injury,vehicle__VEVENT_IM=12,vehicle.VEVENT_IM = Motor Vehicle In-Transport (count),crash_record,0.551564168726139,higher -> less likely,0.6661768384192096
y_injury,vpicdecode__ENGINEBRAKEHP_FROM__max,vpicdecode.ENGINEBRAKEHP_FROM__max,crash_record,0.5515206811040884,higher -> less likely,0.9997686343171586
y_injury,vpicdecode__VEHICLETYPEID=1,vpicdecode.VEHICLETYPEID = 1 (count),crash_record,0.550829994848041,higher -> more likely,0.057572536268134064
y_injury,vehicle__IMPACT1_IM=6,vehicle.IMPACT1_IM = 6 Clock Point (count),crash_record,0.5507821410925051,higher -> less likely,0.2837168584292146
y_injury,vpicdecode__GROSSVEHICLEWEIGHTRATINGFROMID=10.0,vpicdecode.GROSSVEHICLEWEIGHTRATINGFROMID = 10 (count),crash_record,0.5507285606232876,higher -> more likely,0.057903951975987994
y_injury,vpicdecode__BACKUPCAMERAID=0.0,vpicdecode.BACKUPCAMERAID = 0 (count),crash_record,0.5506900855535717,higher -> more likely,0.058022761380690346
y_injury,vpicdecode__FORWARDCOLLISIONWARNINGID=0.0,vpicdecode.FORWARDCOLLISIONWARNINGID = 0 (count),crash_record,0.5506893325364468,higher -> more likely,0.05803526763381691
y_injury,vpicdecode__DYNAMICBRAKESUPPORTID=0.0,vpicdecode.DYNAMICBRAKESUPPORTID = 0 (count),crash_record,0.5506893325364468,higher -> more likely,0.05803526763381691
y_injury,vpicdecode__PEDESTRIANAUTOEMERGENCYBRAKINGID=0.0,vpicdecode.PEDESTRIANAUTOEMERGENCYBRAKINGID = 0 (count),crash_record,0.5506893325364468,higher -> more likely,0.05803526763381691
y_injury,vpicdecode__BLINDSPOTWARNINGID=0.0,vpicdecode.BLINDSPOTWARNINGID = 0 (count),crash_record,0.5506893325364468,higher -> more likely,0.05803526763381691
y_injury,vpicdecode__LANEDEPARTUREWARNINGID=0.0,vpicdecode.LANEDEPARTUREWARNINGID = 0 (count),crash_record,0.5506893325364468,higher -> more likely,0.05803526763381691
y_injury,vpicdecode__LANEKEEPINGASSISTANCEID=0.0,vpicdecode.LANEKEEPINGASSISTANCEID = 0 (count),crash_record,0.5506893325364468,higher -> more likely,0.05803526763381691
y_injury,vpicdecode__REARCROSSTRAFFICALERTID=0.0,vpicdecode.REARCROSSTRAFFICALERTID = 0 (count),crash_record,0.5506893325364468,higher -> more likely,0.05803526763381691
y_injury,vpicdecode__PARKASSISTID=0.0,vpicdecode.PARKASSISTID = 0 (count),crash_record,0.5506893325364468,higher -> more likely,0.05803526763381691
y_injury,vpicdecode__DAYTIMERUNNINGLIGHTID=0.0,vpicdecode.DAYTIMERUNNINGLIGHTID = 0 (count),crash_record,0.5506893325364468,higher -> more likely,0.05803526763381691
y_injury,vpicdecode__HEADLAMPLIGHTSOURCEID=0.0,vpicdecode.HEADLAMPLIGHTSOURCEID = 0 (count),crash_record,0.5506893325364468,higher -> more likely,0.05803526763381691
y_injury,vpicdecode__SEMIAUTOHEADLAMPBEAMSWITCHINGID=0.0,vpicdecode.SEMIAUTOHEADLAMPBEAMSWITCHINGID = 0 (count),crash_record,0.5506893325364468,higher -> more likely,0.05803526763381691
y_injury,vpicdecode__ADAPTIVEDRIVINGBEAMID=0.0,vpicdecode.ADAPTIVEDRIVINGBEAMID = 0 (count),crash_record,0.5506893325364468,higher -> more likely,0.05803526763381691
y_injury,vpicdecode__ADAPTIVECRUISECONTROLID=0.0,vpicdecode.ADAPTIVECRUISECONTROLID = 0 (count),crash_record,0.5506893325364468,higher -> more likely,0.05803526763381691
y_injury,vpicdecode__AUTOMATICCRASHNOTIFICATIONID=0.0,vpicdecode.AUTOMATICCRASHNOTIFICATIONID = 0 (count),crash_record,0.5506893325364468,higher -> more likely,0.05803526763381691
y_injury,vpicdecode__EVENTDATARECORDERID=0.0,vpicdecode.EVENTDATARECORDERID = 0 (count),crash_record,0.5506893325364468,higher -> more likely,0.05803526763381691
y_injury,vpicdecode__AUTOPEDESTRIANALERTINGSOUNDID=0.0,vpicdecode.AUTOPEDESTRIANALERTINGSOUNDID = 0 (count),crash_record,0.5506893325364468,higher -> more likely,0.05803526763381691
y_injury,vpicdecode__AUTOREVERSESYSTEMID=0.0,vpicdecode.AUTOREVERSESYSTEMID = 0 (count),crash_record,0.5506893325364468,higher -> more likely,0.05803526763381691
y_injury,acc__REGION,accident.REGION,crash_record,0.55060514949209,higher -> more likely,1.0
y_injury,personrf__n_rows,personrf.n_rows,crash_record,0.5499525443317201,higher -> more likely,1.0
y_injury,person__n_rows,person.n_rows,crash_record,0.5499524446411387,higher -> more likely,1.0
y_injury,vevent__AOI1=12,vevent.AOI1 = 12 Clock Point (count),crash_record,0.549794190317254,higher -> more likely,0.6810530265132566
y_injury,person__REST_USE=3,person.REST_USE = Shoulder and Lap Belt Used (count),crash_record,0.5492244797593469,higher -> less likely,0.8580665332666333
y_injury,cevent__SOE=8,cevent.SOE = Pedestrian (count),crash_record,0.5490009634279911,higher -> more likely,0.0523824412206103
y_injury,vevent__SOE=8,vevent.SOE = Pedestrian (count),crash_record,0.5490009634279911,higher -> more likely,0.0523824412206103
y_injury,vsoe__SOE=8,vsoe.SOE = Pedestrian (count),crash_record,0.5490009634279911,higher -> more likely,0.0523824412206103
y_injury,personrf__PERSONRF=0,personrf.PERSONRF = None Noted (count),crash_record,0.5488434802539276,higher -> more likely,0.9999812406203101
y_injury,person__PER_TYP=5,person.PER_TYP = Pedestrian (count),crash_record,0.5488240396485701,higher -> more likely,0.05219484742371185
y_injury,pbtype__PBPTYPE=5,pbtype.PBPTYPE = Pedestrian (count),crash_record,0.5488240396485701,higher -> more likely,0.05219484742371185
y_injury,vehicle__PCRASH4=1,vehicle.PCRASH4 = Tracking (count),crash_record,0.5487709179915171,higher -> less likely,0.9242808904452227
y_injury,acc__RELJCT2_IM,accident.RELJCT2_IM,crash_record,0.548683109271357,higher -> more likely,1.0
y_injury,vehicle__FIRE_EXP=0,vehicle.FIRE_EXP = No or Not Reported (count),crash_record,0.5481860646697644,higher -> less likely,0.9970610305152576
y_injury,vpicdecode__TPMSID=1.0,vpicdecode.TPMSID = 1 (count),crash_record,0.5480951998445562,higher -> less likely,0.6894822411205603
y_injury,person__SEAT_IM=11,"person.SEAT_IM = Front Seat, Left Side (count)",crash_record,0.5479531396669179,higher -> less likely,0.9994184592296148
y_injury,vision__VISION=0,vision.VISION = No Obstruction Noted (count),crash_record,0.5479147110671424,higher -> less likely,0.9763631815907954
y_injury,vehicle__DEFORMED=4,vehicle.DEFORMED = Functional Damage (count),post_crash,0.5478747699964022,higher -> less likely,0.23768134067033517
y_injury,vehicle__VEVENT_IM=8,vehicle.VEVENT_IM = Pedestrian (count),crash_record,0.5477043801888838,higher -> more likely,0.05100675337668834
y_injury,person__IMPACT1=6.0,person.IMPACT1 = 6 (count),crash_record,0.5473822391802505,higher -> less likely,0.28342921460730364
y_injury,driverrf__DRIVERRF=0,driverrf.DRIVERRF = None Noted (count),crash_record,0.5472911100572566,higher -> less likely,0.936568284142071
y_injury,person__PER_TYP=1,person.PER_TYP = Driver of a Motor Vehicle In-Transport (count),crash_record,0.5470495172330834,higher -> less likely,0.9994247123561781
y_injury,vehicle__DR_PRES=1,vehicle.DR_PRES = Yes (count),crash_record,0.547006959716309,higher -> less likely,0.9995310155077539
y_injury,vehicle__TRLR3GVWR=77,vehicle.TRLR3GVWR = No Trailing Units (count),crash_record,0.5468835187564336,higher -> less likely,0.9999812406203101
y_injury,acc__VE_FORMS,accident.VE_FORMS,crash_record,0.5468833757357724,higher -> less likely,1.0
y_injury,vehicle__n_rows,vehicle.n_rows,crash_record,0.5468833757357724,higher -> less likely,1.0
y_injury,vehicle__UNITTYPE=1,vehicle.UNITTYPE = Motor Vehicle In-Transport (Inside or Outside the Trafficway) (count),crash_record,0.5468833757357724,higher -> less likely,1.0
y_injury,vehiclesf__n_rows,vehiclesf.n_rows,crash_record,0.5468833757357724,higher -> less likely,1.0
y_injury,maneuver__n_rows,maneuver.n_rows,crash_record,0.5468779789429679,higher -> less likely,1.0
y_injury,vision__n_rows,vision.n_rows,crash_record,0.5468043944988623,higher -> less likely,1.0
y_injury,vehicle__HAZ_INV=1,vehicle.HAZ_INV = No (count),crash_record,0.5467611047665408,higher -> less likely,0.9997748874437219
y_injury,vehicle__HAZ_PLAC=0,vehicle.HAZ_PLAC = Not Applicable (count),crash_record,0.5467611047665408,higher -> less likely,0.9997748874437219
y_injury,vehicle__HAZ_REL=0,vehicle.HAZ_REL = Not Applicable (count),crash_record,0.5467611047665408,higher -> less likely,0.9997748874437219
y_injury,distract__n_rows,distract.n_rows,crash_record,0.5467549195546806,higher -> less likely,1.0
y_injury,vehicle__TRLR2GVWR=77,vehicle.TRLR2GVWR = No Trailing Units (count),crash_record,0.5467515628864541,higher -> less likely,0.9996873436718359
y_injury,factor__n_rows,factor.n_rows,crash_record,0.5467112155962183,higher -> less likely,1.0
y_injury,cevent__AOI1=0,cevent.AOI1 = Non-Collision (count),crash_record,0.5466233746924846,higher -> more likely,0.0763631815907954
y_injury,vevent__AOI1=0,vevent.AOI1 = Non-Collision (count),crash_record,0.5466233746924846,higher -> more likely,0.0763631815907954
y_injury,vsoe__AOI=0,vsoe.AOI = Non-Collision (count),crash_record,0.5466167606541305,higher -> more likely,0.07636943471735869
y_injury,vehiclesf__VEHICLESF=0,vehiclesf.VEHICLESF = None Noted (count),crash_record,0.54637909022261,higher -> less likely,0.9991308154077039
y_injury,vehicle__TRAV_SP__min,vehicle.TRAV_SP__min,crash_record,0.54622559891062,higher -> more likely,0.8035892946473236
y_injury,drimpair__n_rows,drimpair.n_rows,crash_record,0.5460599654427921,higher -> less likely,1.0
y_injury,safetyeq__NMHELMET=8,safetyeq.NMHELMET = Not Reported (count),crash_record,0.5459229688402271,higher -> more likely,0.04935592796398199
y_injury,person__REST_MIS=0,person.REST_MIS = No Indication of Misuse (count),crash_record,0.5453169956370454,higher -> less likely,0.8729927463731866
y_injury,vehicle__TOWED=6,vehicle.TOWED = Towed (count),post_crash,0.5452727652024175,higher -> more likely,0.16503251625812906
y_injury,cevent__SOE=12,cevent.SOE = Motor Vehicle In-Transport (count),crash_record,0.5449467954474811,higher -> less likely,0.6667333666833417
y_injury,vevent__SOE=12,vevent.SOE = Motor Vehicle In-Transport (count),crash_record,0.5449467954474811,higher -> less likely,0.6667333666833417
y_injury,vsoe__SOE=12,vsoe.SOE = Motor Vehicle In-Transport (count),crash_record,0.5449467954474811,higher -> less likely,0.6667333666833417
y_injury,vehicle__EMER_USE=0,vehicle.EMER_USE = Not Applicable (count),crash_record,0.5449387110122978,higher -> less likely,0.9959792396198099
y_injury,vehicle__MDLYR_IM__max,vehicle.MDLYR_IM__max,crash_record,0.5447984846703806,higher -> less likely,1.0
y_injury,vpicdecode__n_rows,vpicdecode.n_rows,crash_record,0.5443072880595945,higher -> less likely,0.9741183091545773
y_injury,cevent__SOE=1,cevent.SOE = Rollover/Overturn (count),crash_record,0.5441719515014533,higher -> more likely,0.06601425712856428
y_injury,vevent__SOE=1,vevent.SOE = Rollover/Overturn (count),crash_record,0.5441719515014533,higher -> more likely,0.06601425712856428
y_injury,vsoe__SOE=1,vsoe.SOE = Rollover/Overturn (count),crash_record,0.5441719515014533,higher -> more likely,0.06601425712856428
y_injury,person__BODY_TYP=80.0,person.BODY_TYP = 80 (count),crash_record,0.5436060019473518,higher -> more likely,0.048999499749874935
y_injury,vehicle__BODY_TYP=80,vehicle.BODY_TYP = Two Wheel Motorcycle (excluding motor scooters) (count),crash_record,0.543591690540159,higher -> more likely,0.04898699349674837
y_injury,cevent__AOI2=55,cevent.AOI2 = Non-Harmful Event (count),crash_record,0.5432504054075276,higher -> more likely,0.255283891945973
y_injury,vevent__AOI2=55,vevent.AOI2 = Non-Harmful Event (count),crash_record,0.5432504054075276,higher -> more likely,0.255283891945973
y_injury,cevent__AOI1=55,cevent.AOI1 = Non-Harmful Event (count),crash_record,0.5430885732122206,higher -> more likely,0.2711543271635818
y_injury,vevent__AOI1=55,vevent.AOI1 = Non-Harmful Event (count),crash_record,0.5430885732122206,higher -> more likely,0.2711543271635818
y_injury,vsoe__AOI=55,vsoe.AOI = Non-Harmful Event (count),crash_record,0.5430885732122206,higher -> more likely,0.2711543271635818
y_injury,nmcrash__NMCC=0,nmcrash.NMCC = None Noted (count),crash_record,0.5429207291253711,higher -> more likely,0.046223111555777886
y_injury,driverrf__n_rows,driverrf.n_rows,crash_record,0.5426134369896093,higher -> less likely,1.0
y_injury,vehicle__ICFINALBODY=0,vehicle.ICFINALBODY = Not Applicable (count),crash_record,0.5420970727457979,higher -> less likely,0.9969172086043021
y_injury,person__SEX_IM=1,person.SEX_IM = Male (count),crash_record,0.5415854672750693,higher -> more likely,0.836655827913957
y_injury,person__EJECT_IM=0,person.EJECT_IM = Not Ejected (count),crash_record,0.5409129212510142,higher -> less likely,0.968027763881941
y_injury,vehicle__ACC_TYPE=45,"vehicle.ACC_TYPE = F45-Same Trafficway, Same Direction-Angle, Sideswipe-Straight Ahead on Left/Right (count)",crash_record,0.5405060359478999,higher -> less likely,0.0755440220110055
y_injury,vpicdecode__AIRBAGLOCSIDEID=3.0,vpicdecode.AIRBAGLOCSIDEID = 3 (count),crash_record,0.5393076796441988,higher -> less likely,0.61774012006003
y_injury,vehicle__PCRASH5=2,"vehicle.PCRASH5 = Stayed on roadway, but left original travel lane (count)",crash_record,0.5388496399638383,higher -> less likely,0.15671585792896447
y_injury,vehicle__VALIGN=1,vehicle.VALIGN = Straight (count),crash_record,0.53849959022367,higher -> less likely,0.8755252626313157
y_injury,factor__VEHICLECC=0,factor.VEHICLECC = None Noted (count),crash_record,0.5382873069799438,higher -> less likely,0.9526450725362682
y_injury,vehicle__BUS_USE=0,vehicle.BUS_USE = Not a Bus (count),crash_record,0.5382624990964735,higher -> less likely,0.988031515757879
y_injury,vehicle__SPEC_USE=0,vehicle.SPEC_USE = No Special Use Noted (count),crash_record,0.5380712332962165,higher -> less likely,0.985123811905953
y_injury,vehicle__P_CRASH2=53,vehicle.P_CRASH2 = Traveling in same direction with higher speed (count),crash_record,0.5379354613963706,higher -> less likely,0.2519947473736868
y_injury,vehicle__VTRAFCON=0,vehicle.VTRAFCON = No Controls (count),crash_record,0.5378144136384242,higher -> less likely,0.5514569784892446
y_injury,vehicle__VTCONT_F=0,vehicle.VTCONT_F = No Controls (count),crash_record,0.5378144136384242,higher -> less likely,0.5514569784892446
y_injury,vsoe__AOI=6,vsoe.AOI = 6 Clock Point (count),crash_record,0.5377381427293875,higher -> less likely,0.20806653326663332
y_injury,person__AIR_BAG=1,person.AIR_BAG = Deployed- Front (count),crash_record,0.537660686915368,higher -> more likely,0.0833791895947974
y_injury,person__PER_TYP=2,person.PER_TYP = Passenger of a Motor Vehicle In-Transport (count),crash_record,0.5375414185950537,higher -> more likely,0.3484617308654327
y_injury,vpicdecode__ENGINECYLINDERSCOUNT__max,vpicdecode.ENGINECYLINDERSCOUNT__max,crash_record,0.5373894896778155,higher -> less likely,1.0
y_injury,person__HELM_USE=20,person.HELM_USE = Not Applicable (count),crash_record,0.5372339711931735,higher -> less likely,0.9718609304652326
y_injury,person__MOD_YEAR__max,person.MOD_YEAR__max,crash_record,0.5370806393076174,higher -> less likely,1.0
y_injury,cevent__AOI2=6,cevent.AOI2 = 6 Clock Point (count),crash_record,0.5368935822553211,higher -> less likely,0.2710792896448224
y_injury,vevent__AOI2=6,vevent.AOI2 = 6 Clock Point (count),crash_record,0.5368935822553211,higher -> less likely,0.2710792896448224
y_injury,vpicdecode__BRAKESYSTEMTYPEID=2.0,vpicdecode.BRAKESYSTEMTYPEID = 2 (count),crash_record,0.5362967682616868,higher -> less likely,0.4396198099049525
y_injury,person__PERALCH_IM=0,person.PERALCH_IM = No (Alcohol Not Involved) (count),crash_record,0.5362343281256456,higher -> more likely,0.9745310155077539
y_injury,acc__TYP_INT,accident.TYP_INT,crash_record,0.5361421162216423,higher -> more likely,1.0
y_injury,person__ALC_STATUS=0,person.ALC_STATUS = Test Not Given (count),post_crash,0.5360538398192107,higher -> more likely,0.8535267633816909
y_injury,person__ATST_TYP=0,person.ATST_TYP = Test Not Given (count),post_crash,0.5360538398192107,higher -> more likely,0.8535267633816909
y_injury,person__ALC_RES=996,person.ALC_RES = Test Not Given (count),post_crash,0.5360538398192107,higher -> more likely,0.8535267633816909
y_injury,vehicle__NUMOCCS__max,vehicle.NUMOCCS__max,crash_record,0.5358035391404854,higher -> more likely,0.9995872936468234
y_injury,vehicle__TRLR1GVWR=77,vehicle.TRLR1GVWR = No Trailing Units (count),crash_record,0.5354366796058574,higher -> less likely,0.9888069034517258
y_injury,vehicle__J_KNIFE=0,vehicle.J_KNIFE = Not an Articulated Vehicle (count),crash_record,0.5354196472737609,higher -> less likely,0.9887756378189094
y_injury,vehicle__VPROFILE=1,vehicle.VPROFILE = Level (count),crash_record,0.5352497817445055,higher -> less likely,0.7451350675337669
y_injury,vehicle__TOW_VEH=0,vehicle.TOW_VEH = No Trailers (count),crash_record,0.5351223639153919,higher -> less likely,0.9881253126563282
y_injury,person__ROLLOVER=0.0,person.ROLLOVER = 0 (count),crash_record,0.5350979774797425,higher -> less likely,0.9563781890945473
y_injury,damage__DAMAGE=9,damage.DAMAGE = 9 Clock Value (count),post_crash,0.5347758673987385,higher -> more likely,0.16058029014507252
y_injury,vehicle__PCRASH1_IM=5,vehicle.PCRASH1_IM = Stopped in Roadway (count),crash_record,0.5345315841848082,higher -> less likely,0.19259004502251126
y_injury,person__HELM_MIS=0,person.HELM_MIS = No Indication of Misuse (count),crash_record,0.5344331526874687,higher -> more likely,0.03882566283141571
y_injury,acc__REL_ROAD,accident.REL_ROAD,crash_record,0.5337507664965475,higher -> more likely,1.0
y_injury,acc__HOUR_IM,accident.HOUR_IM,crash_record,0.5336953096464945,higher -> more likely,1.0
y_injury,vpicdecode__BUSTYPEID=0.0,vpicdecode.BUSTYPEID = 0 (count),crash_record,0.5335053121145256,higher -> less likely,0.9648949474737368
y_injury,vpicdecode__BUSFLOORCONFIGURATIONTYPEID=0.0,vpicdecode.BUSFLOORCONFIGURATIONTYPEID = 0 (count),crash_record,0.5335053121145256,higher -> less likely,0.9648949474737368
y_injury,vpicdecode__CRASHIMMINENTBRAKINGID=0.0,vpicdecode.CRASHIMMINENTBRAKINGID = 0 (count),crash_record,0.5332556313228257,higher -> more likely,0.038325412706353174
y_injury,damage__DAMAGE=10,damage.DAMAGE = 10 Clock Value (count),post_crash,0.5331250027505181,higher -> more likely,0.1960792896448224
y_injury,acc__MONTH,accident.MONTH,crash_record,0.5330332119803496,higher -> more likely,1.0
y_injury,vpicdecode__VEHICLETYPEID=3,vpicdecode.VEHICLETYPEID = 3 (count),crash_record,0.5329767628557759,higher -> less likely,0.25495872936468233
y_injury,damage__DAMAGE=11,damage.DAMAGE = 11 Clock Value (count),post_crash,0.5326981402398295,higher -> more likely,0.318471735867934
y_injury,distract__DRDISTRACT=0,distract.DRDISTRACT = Not Distracted (count),crash_record,0.5318939166159617,higher -> less likely,0.43908204102051024
y_injury,person__GVWR_FROM=11.0,person.GVWR_FROM = 11 (count),crash_record,0.5318547762097346,higher -> more likely,0.8797336168084042
y_injury,vpicdecode__FUELTYPEPRIMARYID=4.0,vpicdecode.FUELTYPEPRIMARYID = 4 (count),crash_record,0.531725428543655,higher -> less likely,0.9144634817408704
y_injury,cevent__SOE=9,cevent.SOE = Pedalcyclist (count),crash_record,0.5317183623653408,higher -> more likely,0.0345360180090045
y_injury,vevent__SOE=9,vevent.SOE = Pedalcyclist (count),crash_record,0.5317183623653408,higher -> more likely,0.0345360180090045
y_injury,vsoe__SOE=9,vsoe.SOE = Pedalcyclist (count),crash_record,0.5317183623653408,higher -> more likely,0.0345360180090045
y_injury,pbtype__PEDCTYPE=0,pbtype.PEDCTYPE = Not a Pedestrian (count),crash_record,0.5317183364614888,higher -> more likely,0.0345360180090045
y_injury,pbtype__PEDLOC=7,pbtype.PEDLOC = Not a Pedestrian (count),crash_record,0.5317183364614888,higher -> more likely,0.0345360180090045
y_injury,pbtype__PEDPOS=77,pbtype.PEDPOS = Not a Pedestrian (count),crash_record,0.5317183364614888,higher -> more likely,0.0345360180090045
y_injury,pbtype__PEDDIR=7,pbtype.PEDDIR = Not a Pedestrian (count),crash_record,0.5317183364614888,higher -> more likely,0.0345360180090045
y_injury,pbtype__MOTDIR=7,pbtype.MOTDIR = Not a Pedestrian (count),crash_record,0.5317183364614888,higher -> more likely,0.0345360180090045
y_injury,pbtype__MOTMAN=7,pbtype.MOTMAN = Not a Pedestrian (count),crash_record,0.5317183364614888,higher -> more likely,0.0345360180090045
y_injury,pbtype__PEDLEG=7,pbtype.PEDLEG = Not a Pedestrian (count),crash_record,0.5317183364614888,higher -> more likely,0.0345360180090045
y_injury,pbtype__PEDSNR=7,pbtype.PEDSNR = Not a Pedestrian (count),crash_record,0.5317183364614888,higher -> more likely,0.0345360180090045
y_injury,pbtype__PEDCGP=0,pbtype.PEDCGP = Not a Pedestrian (count),crash_record,0.5317183364614888,higher -> more likely,0.0345360180090045
y_injury,vehicle__VEVENT_IM=9,vehicle.VEVENT_IM = Pedalcyclist (count),crash_record,0.5316265741855573,higher -> more likely,0.03449224612306153
y_injury,person__PER_TYP=6,person.PER_TYP = Bicyclist (count),crash_record,0.5315599793856581,higher -> more likely,0.034354677338669336
y_injury,pbtype__PBPTYPE=6,pbtype.PBPTYPE = Bicyclist (count),crash_record,0.5315599793856581,higher -> more likely,0.034354677338669336
y_injury,vpicdecode__PLANTCOUNTRYID=6.0,vpicdecode.PLANTCOUNTRYID = 6 (count),crash_record,0.5312710003312278,higher -> less likely,0.6998311655827913
y_injury,safetyeq__NMHELMET=1,safetyeq.NMHELMET = No (count),crash_record,0.5307075442976088,higher -> more likely,0.03330415207603802
y_injury,vehicle__P_CRASH2=50,vehicle.P_CRASH2 = Other vehicle stopped (count),crash_record,0.5304164353185805,higher -> less likely,0.15801650825412705
y_injury,vehicle__PCRASH1_IM=15,vehicle.PCRASH1_IM = Changing Lanes (count),crash_record,0.5303072645552243,higher -> less likely,0.07192971485742872
y_injury,vehicle__P_CRASH2=62,vehicle.P_CRASH2 = From opposite direction  over left lane line (count),crash_record,0.5301782631372982,higher -> more likely,0.09640445222611306
y_injury,person__LOCATION=11,"person.LOCATION = Not at Intersection - On Roadway, Not in Marked Crosswalk (count)",crash_record,0.5301679621958546,higher -> more likely,0.03249124562281141
y_injury,damage__DAMAGE=6,damage.DAMAGE = 6 Clock Value (count),post_crash,0.5295934879980804,higher -> less likely,0.33887568784392197
y_injury,violatn__n_rows,violatn.n_rows,crash_record,0.5293831009163129,higher -> less likely,1.0
y_injury,vehicle__ACC_TYPE=20,"vehicle.ACC_TYPE = D20-Same Trafficway, Same Direction-Rear End-Stopped (count)",crash_record,0.5293007681134503,higher -> less likely,0.14517883941970985
y_injury,vehicle__VEVENT_IM=1,vehicle.VEVENT_IM = Rollover/Overturn (count),crash_record,0.5286790534534581,higher -> more likely,0.04432216108054027
y_injury,vehicle__PCRASH1_IM=11,vehicle.PCRASH1_IM = Turning Left (count),crash_record,0.5285678763975243,higher -> more likely,0.18331665832916458
y_injury,vehicle__P_CRASH2=11,vehicle.P_CRASH2 = Over the lane line on right side of travel lane (count),crash_record,0.5285433167200533,higher -> less likely,0.0621935967983992
y_injury,person__DRUGS=0,person.DRUGS = No (drugs not involved) (count),crash_record,0.5285264658719131,higher -> less likely,0.4565032516258129
y_injury,vehicle__VNUM_LAN=8,vehicle.VNUM_LAN = Not Reported (count),crash_record,0.5284909947855554,higher -> less likely,0.29112056028014005
y_injury,person__SEAT_IM=13,"person.SEAT_IM = Front Seat, Right Side (count)",crash_record,0.5284512455603121,higher -> more likely,0.2948286643321661
y_injury,vehicle__ACC_TYPE=98,vehicle.ACC_TYPE = M98-Other Crash Type (count),crash_record,0.5283701468797509,higher -> more likely,0.11600175087543772
y_injury,vehicle__GVWR_FROM=12,"vehicle.GVWR_FROM = Class 2: 6,001 - 10,000 lbs. (2,722 - 4,536 kg) (count)",crash_record,0.5280268541985977,higher -> less likely,0.2701788394197099
y_injury,damage__DAMAGE=3,damage.DAMAGE = 3 Clock Value (count),post_crash,0.5275022184623938,higher -> more likely,0.15862931465732866
y_injury,acc__LGTCON_IM,accident.LGTCON_IM,crash_record,0.5274576769460535,higher -> more likely,1.0
y_injury,vpicdecode__DRIVETYPEID=2.0,vpicdecode.DRIVETYPEID = 2 (count),crash_record,0.5274033625343657,higher -> less likely,0.28643071535767883
y_injury,pbtype__PBSEX=2,pbtype.PBSEX = Female (count),crash_record,0.5270320739905393,higher -> more likely,0.02896448224112056
y_injury,pbtype__PBCWALK=1,pbtype.PBCWALK = Yes (count),crash_record,0.5269981813122235,higher -> more likely,0.02900825412706353
y_injury,safetyeq__NMREFCLO=1,safetyeq.NMREFCLO = No (count),crash_record,0.5268140358528802,higher -> more likely,0.02903951975987994
y_injury,vpicdecode__STEERINGLOCATIONID=1.0,vpicdecode.STEERINGLOCATIONID = 1 (count),crash_record,0.526804802071638,higher -> less likely,0.4455040020010005
y_injury,person__MOD_YEAR__min,person.MOD_YEAR__min,crash_record,0.5266367681802011,higher -> less likely,1.0
y_injury,vpicdecode__AIRBAGLOCCURTAINID=6.0,vpicdecode.AIRBAGLOCCURTAINID = 6 (count),crash_record,0.5264782086618431,higher -> less likely,0.31001750875437717
y_injury,pbtype__PEDDIR=8,pbtype.PEDDIR = Not Applicable (count),crash_record,0.5263607873646654,higher -> more likely,0.028251625812906453
y_injury,pbtype__MOTDIR=8,pbtype.MOTDIR = Not Applicable (count),crash_record,0.5263607873646654,higher -> more likely,0.028251625812906453
y_injury,pbtype__MOTMAN=8,pbtype.MOTMAN = Not Applicable (count),crash_record,0.5263607873646654,higher -> more likely,0.028251625812906453
y_injury,pbtype__PEDLEG=8,pbtype.PEDLEG = Not Applicable (count),crash_record,0.5263607873646654,higher -> more likely,0.028251625812906453
y_injury,pbtype__PEDSNR=8,pbtype.PEDSNR = Not Applicable (count),crash_record,0.5263607873646654,higher -> more likely,0.028251625812906453
y_injury,person__GVWR_FROM=12.0,person.GVWR_FROM = 12 (count),crash_record,0.5260364106181241,higher -> less likely,0.2705040020010005
y_injury,person__PERALCH_IM=1,person.PERALCH_IM = Yes (Alcohol Involved) (count),crash_record,0.5259378898702403,higher -> more likely,0.07655077538769385
y_injury,vehicle__P_CRASH3=99,vehicle.P_CRASH3 = Unknown/Not Reported (count),crash_record,0.5259311301423435,higher -> less likely,0.8900637818909455
y_injury,nmcrash__NMCC=2,nmcrash.NMCC = Failure to Yield Right-Of-Way (count),crash_record,0.5258084883555472,higher -> more likely,0.02793271635817909
y_injury,damage__DAMAGE=2,damage.DAMAGE = 2 Clock Value (count),post_crash,0.5256354018000536,higher -> more likely,0.19443471735867934
y_injury,person__HELM_MIS=7,person.HELM_MIS = None Used/Not Applicable (count),crash_record,0.5256153955487665,higher -> less likely,0.9831915957978989
y_injury,safetyeq__NMLIGHT=1,safetyeq.NMLIGHT = No (count),crash_record,0.5255831999652325,higher -> more likely,0.027720110055027513
y_injury,maneuver__MANEUVER=98,maneuver.MANEUVER = Not Reported (count),crash_record,0.5255182104191856,higher -> less likely,0.8905765382691345
y_injury,pbtype__PEDLOC=3,pbtype.PEDLOC = Not At Intersection (count),crash_record,0.5254532673430791,higher -> more likely,0.02728864432216108
y_injury,vehicle__HIT_RUN=0,vehicle.HIT_RUN = No (count),crash_record,0.5254082112820444,higher -> less likely,0.9614369684842421
y_injury,vpicdecode__ELECTRONICSTABILITYCONTROLID=1.0,vpicdecode.ELECTRONICSTABILITYCONTROLID = 1 (count),crash_record,0.5253198670586188,higher -> less likely,0.39482866433216607
y_injury,vehicle__P_CRASH3=1,vehicle.P_CRASH3 = No Avoidance Maneuver (count),crash_record,0.5251496602264906,higher -> less likely,0.2542521260630315
y_injury,vpicdecode__TRACTIONCONTROLID=1.0,vpicdecode.TRACTIONCONTROLID = 1 (count),crash_record,0.524980520711557,higher -> less likely,0.3817221110555278
y_injury,vehicle__VEVENT_IM=11,vehicle.VEVENT_IM = Live Animal (count),crash_record,0.5248474461876584,higher -> less likely,0.032603801900950476
y_injury,safetyeq__NMPROPAD=1,safetyeq.NMPROPAD = No (count),crash_record,0.5248414776261957,higher -> more likely,0.026919709854927462
y_injury,damage__n_rows,damage.n_rows,post_crash,0.5247118508264877,higher -> more likely,1.0
y_injury,vpicdecode__VEHICLETYPEID=7,vpicdecode.VEHICLETYPEID = 7 (count),crash_record,0.5247054613666802,higher -> less likely,0.4712731365682841
y_injury,vpicdecode__ANTILOCKBRAKESYSTEMID=1.0,vpicdecode.ANTILOCKBRAKESYSTEMID = 1 (count),crash_record,0.5246737248308002,higher -> less likely,0.4273449224612306
y_injury,cevent__SOE=11,cevent.SOE = Live Animal (count),crash_record,0.5246705505099918,higher -> less likely,0.03326663331665833
y_injury,vevent__SOE=11,vevent.SOE = Live Animal (count),crash_record,0.5246705505099918,higher -> less likely,0.03326663331665833
y_injury,vsoe__SOE=11,vsoe.SOE = Live Animal (count),crash_record,0.5246705505099918,higher -> less likely,0.03326663331665833
y_injury,damage__DAMAGE=1,damage.DAMAGE = 1 Clock Value (count),post_crash,0.5243667855368996,higher -> more likely,0.31755877938969485
y_injury,acc__WKDY_IM,accident.WKDY_IM,crash_record,0.5243229599873266,higher -> more likely,1.0
y_injury,maneuver__MANEUVER=0,maneuver.MANEUVER = Driver Did Not Maneuver to Avoid (count),crash_record,0.5243112408492399,higher -> less likely,0.25910455227613804
y_injury,vpicdecode__ENGINECONFIGURATIONID=1.0,vpicdecode.ENGINECONFIGURATIONID = 1 (count),crash_record,0.5242851102993926,higher -> less likely,0.48016508254127066
y_injury,vpicdecode__BACKUPCAMERAID=1.0,vpicdecode.BACKUPCAMERAID = 1 (count),crash_record,0.5241535004420774,higher -> less likely,0.38374187093546774
y_injury,pbtype__PEDPOS=3,pbtype.PEDPOS = Travel Lane (count),crash_record,0.5240993183755236,higher -> more likely,0.025825412706353176
y_injury,cevent__SOE=64,cevent.SOE = Ran Off Roadway - Left (count),crash_record,0.5240296714738991,higher -> more likely,0.10008754377188595
y_injury,vevent__SOE=64,vevent.SOE = Ran Off Roadway - Left (count),crash_record,0.5240296714738991,higher -> more likely,0.10008754377188595
y_injury,vsoe__SOE=64,vsoe.SOE = Ran Off Roadway - Left (count),crash_record,0.5240296714738991,higher -> more likely,0.10008754377188595
y_injury,acc__ALCHL_IM,accident.ALCHL_IM,crash_record,0.5238974707732711,higher -> more likely,1.0
y_injury,vpicdecode__AUTOREVERSESYSTEMID=1.0,vpicdecode.AUTOREVERSESYSTEMID = 1 (count),crash_record,0.5236904470319343,higher -> less likely,0.37291145572786394
y_injury,vpicdecode__DAYTIMERUNNINGLIGHTID=1.0,vpicdecode.DAYTIMERUNNINGLIGHTID = 1 (count),crash_record,0.5235280133177875,higher -> less likely,0.3492246123061531
y_injury,vehicle__ACC_TYPE=21,"vehicle.ACC_TYPE = D21-Same Trafficway, Same Direction-Rear End-Stopped, Straight (count)",crash_record,0.5233047378922546,higher -> less likely,0.12315532766383191
y_injury,safetyeq__NMOTHPRO=1,safetyeq.NMOTHPRO = No (count),crash_record,0.5232898627230487,higher -> more likely,0.025206353176588293
y_injury,safetyeq__NMOTHPRE=1,safetyeq.NMOTHPRE = No (count),crash_record,0.5228243135160238,higher -> more likely,0.024712356178089045
y_injury,vpicdecode__SEMIAUTOHEADLAMPBEAMSWITCHINGID=1.0,vpicdecode.SEMIAUTOHEADLAMPBEAMSWITCHINGID = 1 (count),crash_record,0.5227679260897156,higher -> less likely,0.34566658329164585
y_injury,vpicdecode__BODYCLASSID=7.0,vpicdecode.BODYCLASSID = 7 (count),crash_record,0.5225806366877175,higher -> less likely,0.4204602301150575
y_injury,nmimpair__NMIMPAIR=0,nmimpair.NMIMPAIR = None/Apparently Normal (count),crash_record,0.5222826586351388,higher -> more likely,0.024030765382691346
y_injury,vpicdecode__ENGINECONFIGURATIONID=2.0,vpicdecode.ENGINECONFIGURATIONID = 2 (count),crash_record,0.5222723132646641,higher -> less likely,0.47477488744372187
y_injury,damage__DAMAGE=8,damage.DAMAGE = 8 Clock Value (count),post_crash,0.5222631580584393,higher -> more likely,0.13983241620810405
y_injury,vpicdecode__FUELTYPEPRIMARYID=1.0,vpicdecode.FUELTYPEPRIMARYID = 1 (count),crash_record,0.5221984771607125,higher -> less likely,0.08796898449224612
y_injury,vehicle__P_CRASH2=17,vehicle.P_CRASH2 = Crossing Over (Passing Through) Junction (count),crash_record,0.5219266251836794,higher -> more likely,0.09176463231615808
y_injury,vehicle__VPICBODYCLASS=60,vehicle.VPICBODYCLASS = Pickup (count),crash_record,0.5218661177889756,higher -> less likely,0.2118184092046023
y_injury,vehicle__ACC_TYPE=68,vehicle.ACC_TYPE = J68-Trafficway Vehicle Turning-Turn Across Path-Initial Opposite Directions (Left/Right) (count),crash_record,0.5218536512070168,higher -> more likely,0.0720360180090045
y_injury,vehicle__ACC_TYPE=69,vehicle.ACC_TYPE = J69-Trafficway Vehicle Turning-Turn Across Path-Initial Opposite Directions (Going Straight) (count),crash_record,0.5218536512070168,higher -> more likely,0.0720360180090045
y_injury,vpicdecode__DYNAMICBRAKESUPPORTID=1.0,vpicdecode.DYNAMICBRAKESUPPORTID = 1 (count),crash_record,0.5218179500473561,higher -> less likely,0.3534017008504252
y_injury,person__GVWR_TO=11.0,person.GVWR_TO = 11 (count),crash_record,0.5216233541891931,higher -> more likely,0.7506753376688344
y_injury,vpicdecode__BODYCLASSID=60.0,vpicdecode.BODYCLASSID = 60 (count),crash_record,0.5215804333905201,higher -> less likely,0.21003626813406703
y_injury,person__AGE_IM__min,person.AGE_IM__min,crash_record,0.5215696633538673,higher -> less likely,0.9903576788394197
y_injury,vpicdecode__TRUCKBODYCABTYPEID=0.0,vpicdecode.TRUCKBODYCABTYPEID = 0 (count),crash_record,0.5215195128686267,higher -> more likely,0.6378689344672336
y_injury,vpicdecode__TRUCKBEDTYPEID=0.0,vpicdecode.TRUCKBEDTYPEID = 0 (count),crash_record,0.5215125029723179,higher -> more likely,0.6379064532266133
y_injury,vehicle__VSURCOND=1,vehicle.VSURCOND = Dry (count),crash_record,0.5213553770359209,higher -> less likely,0.8096673336668334
y_injury,vsoe__AOI=98,vsoe.AOI = Not Reported (count),crash_record,0.5213289533800647,higher -> more likely,0.0523511755877939
y_injury,pbtype__PEDLOC=1,pbtype.PEDLOC = At Intersection (count),crash_record,0.5212609587517085,higher -> more likely,0.022773886943471735
y_injury,cevent__AOI1=98,cevent.AOI1 = Not Reported (count),crash_record,0.5212564481061284,higher -> more likely,0.05088169084542271
y_injury,vevent__AOI1=98,vevent.AOI1 = Not Reported (count),crash_record,0.5211388841022756,higher -> more likely,0.05088169084542271
y_injury,vehicle__P_CRASH2=61,vehicle.P_CRASH2 = From adjacent lane (same direction) over right lane line (count),crash_record,0.5211363426989153,higher -> less likely,0.0560967983991996
y_injury,vevent__n_rows,vevent.n_rows,crash_record,0.5210892600932007,higher -> more likely,1.0
y_injury,vsoe__n_rows,vsoe.n_rows,crash_record,0.5210892600932007,higher -> more likely,1.0
y_injury,person__LOCATION=1,person.LOCATION = At Intersection - In Marked Crosswalk (count),crash_record,0.521073724140282,higher -> more likely,0.022655077538769386
y_injury,cevent__SOE=63,cevent.SOE = Ran Off Roadway - Right (count),crash_record,0.5209659543828308,higher -> more likely,0.14708604302151077
y_injury,vevent__SOE=63,vevent.SOE = Ran Off Roadway - Right (count),crash_record,0.5209659543828308,higher -> more likely,0.14708604302151077
y_injury,vsoe__SOE=63,vsoe.SOE = Ran Off Roadway - Right (count),crash_record,0.5209659543828308,higher -> more likely,0.14708604302151077
y_injury,vehicle__P_CRASH2=60,vehicle.P_CRASH2 = From adjacent lane (same direction) over left lane line (count),crash_record,0.5209093514050762,higher -> less likely,0.061449474737368684
y_injury,acc__WEATHR_IM,accident.WEATHR_IM,crash_record,0.5208883199107297,higher -> more likely,1.0
y_injury,person__VPICBODYCLASS=60.0,person.VPICBODYCLASS = 60 (count),crash_record,0.520730261357168,higher -> less likely,0.21209979989994998
y_injury,vpicdecode__DRIVETYPEID=7.0,vpicdecode.DRIVETYPEID = 7 (count),crash_record,0.520483487605623,higher -> less likely,0.4411455727863932
y_injury,vehicle__P_CRASH2=10,vehicle.P_CRASH2 = Over the lane line on left side of travel lane (count),crash_record,0.520386259224459,higher -> less likely,0.07556903451725863
y_injury,vehicle__P_CRASH2=66,"vehicle.P_CRASH2 = From crossing street, across path (count)",crash_record,0.5199271075623835,higher -> more likely,0.07841420710355178
y_injury,vehicle__V_ALCH_IM=1,vehicle.V_ALCH_IM = Alcohol Involved (count),crash_record,0.5196735547727974,higher -> more likely,0.06976613306653327
y_injury,pbtype__PEDPOS=2,pbtype.PEDPOS = Crosswalk Area (count),crash_record,0.5192972904915046,higher -> more likely,0.020610305152576287
y_injury,vehicle__VPICBODYCLASS=7,vehicle.VPICBODYCLASS = Sport Utility Vehicle (SUV)/Multi-Purpose Vehicle (MPV) (count),crash_record,0.5191834875699541,higher -> less likely,0.38492371185592794
y_injury,person__HELM_USE=5,person.HELM_USE = DOT-Compliant Motorcycle Helmet (count),crash_record,0.5190827880726363,higher -> more likely,0.02146073036518259
y_injury,damage__DAMAGE=4,damage.DAMAGE = 4 Clock Value (count),post_crash,0.5190111370763368,higher -> more likely,0.13795647823911955
y_injury,pbtype__BIKELOC=1,pbtype.BIKELOC = At Intersection (count),crash_record,0.5189688990404022,higher -> more likely,0.02064782391195598
y_injury,person__HELM_USE=17,person.HELM_USE = No Helmet (count),crash_record,0.5188595521308532,higher -> more likely,0.021010505252626314
y_injury,person__SEX_IM=2,person.SEX_IM = Female (count),crash_record,0.5187456196900432,higher -> more likely,0.6670085042521261
y_injury,drimpair__DRIMPAIR=9,"drimpair.DRIMPAIR = Under the Influence of Alcohol, Drugs or Medication (count)",crash_record,0.5185012026395448,higher -> more likely,0.05140695347673837
y_injury,vehicle__GVWR_TO=12,"vehicle.GVWR_TO = Class 2: 6,001 - 10,000 lbs. (2,722 - 4,536 kg) (count)",crash_record,0.5184657562010946,higher -> less likely,0.4272823911955978
y_injury,vpicdecode__TRANSMISSIONSTYLEID=2.0,vpicdecode.TRANSMISSIONSTYLEID = 2 (count),crash_record,0.5182792175398223,higher -> less likely,0.31091795897948976
y_injury,vehicle__BODY_TYP=34,vehicle.BODY_TYP = Light Pickup (count),crash_record,0.5182058980214748,higher -> less likely,0.19658579289644823
y_injury,vpicdecode__ENGINEVALVETRAINDESIGNID=2.0,vpicdecode.ENGINEVALVETRAINDESIGNID = 2 (count),crash_record,0.5180999713623341,higher -> less likely,0.46040520260130063
y_injury,person__AGE_IM__max,person.AGE_IM__max,crash_record,0.5179743554208577,higher -> more likely,1.0
y_injury,vpicdecode__VEHICLETYPEID=2,vpicdecode.VEHICLETYPEID = 2 (count),crash_record,0.5179221837287007,higher -> less likely,0.5898261630815408
y_injury,pbtype__BIKEPOS=1,pbtype.BIKEPOS = Travel Lane (count),crash_record,0.5178971475773476,higher -> more likely,0.019497248624312156
y_injury,vehicle__CARGO_BT=0,vehicle.CARGO_BT = Not Applicable (N/A) (count),crash_record,0.5178260814586254,higher -> less likely,0.9673586793396698
y_injury,vehicle__V_CONFIG=0,vehicle.V_CONFIG = Not Applicable (count),crash_record,0.517824144949455,higher -> less likely,0.9673524262131066
y_injury,vehicle__P_CRASH2=15,vehicle.P_CRASH2 = Turning Left (count),crash_record,0.5178140111271041,higher -> more likely,0.13396073036518258
y_injury,vehicle__BDYTYP_IM=80.0,vehicle.BDYTYP_IM = 80 (count),crash_record,0.5177193432239552,higher -> more likely,0.020253876938469233
y_injury,vehicle__BODY_TYP=4,"vehicle.BODY_TYP = 4-door sedan, hardtop (count)",crash_record,0.5176707724811976,higher -> less likely,0.46724612306153074
y_injury,pbtype__BIKEDIR=1,pbtype.BIKEDIR = With Traffic (count),crash_record,0.5175333358271365,higher -> more likely,0.01908454227113557
y_injury,vehicle__HIT_RUN=1,vehicle.HIT_RUN = Yes (count),crash_record,0.5174569054916658,higher -> less likely,0.1176400700350175
y_injury,cevent__AOI2=12,cevent.AOI2 = 12 Clock Point (count),crash_record,0.5172946600121762,higher -> more likely,0.09137693846923461
y_injury,vevent__AOI2=12,vevent.AOI2 = 12 Clock Point (count),crash_record,0.5172946600121762,higher -> more likely,0.09137693846923461
y_injury,person__BODY_TYP=34.0,person.BODY_TYP = 34 (count),crash_record,0.5172731284164951,higher -> less likely,0.19687968984492246
y_injury,vpicdecode__DESTINATIONMARKETID=1.0,vpicdecode.DESTINATIONMARKETID = 1 (count),crash_record,0.5171080870479243,higher -> more likely,0.019566033016508253
y_injury,vehicle__IMPACT1_IM=0,vehicle.IMPACT1_IM = Non-Collision (count),crash_record,0.5170930851068373,higher -> more likely,0.031496998499249626
y_injury,person__IMPACT1=0.0,person.IMPACT1 = 0 (count),crash_record,0.517082509977046,higher -> more likely,0.031503251625812904
y_injury,acc__URBANICITY,accident.URBANICITY,crash_record,0.5170335553863011,higher -> more likely,1.0
y_injury,person__ALC_STATUS=2,person.ALC_STATUS = Test Given (count),post_crash,0.5170231285364378,higher -> more likely,0.04663581790895448
y_injury,vehicle__ROLINLOC=5,vehicle.ROLINLOC = On Roadside (count),crash_record,0.5169433463995251,higher -> more likely,0.03025887943971986
y_injury,person__DEVMOTOR=0.0,person.DEVMOTOR = 0 (count),crash_record,0.5166306942073305,higher -> more likely,0.01783391695847924
y_injury,person__DEVTYPE=0.0,person.DEVTYPE = 0 (count),crash_record,0.5165850603334056,higher -> more likely,0.01775887943971986
y_injury,pbtype__PBSWALK=1,pbtype.PBSWALK = Yes (count),crash_record,0.5164229422537694,higher -> more likely,0.017746373186593296
y_injury,weather__WEATHERCODE=1.0,weather.WEATHERCODE = 1 (count),crash_record,0.516369921935725,higher -> more likely,0.23730615307653827
y_injury,vehicle__UNDEROVERRIDE=8.0,vehicle.UNDEROVERRIDE = Not Reported (count),crash_record,0.5162876693563065,higher -> less likely,0.13569909954977488
y_injury,vehicle__TOWED=7,vehicle.TOWED = 7 (count),post_crash,0.5161319893258245,higher -> more likely,0.049749874937468734
y_injury,person__IMPACT1=1.0,person.IMPACT1 = 1 (count),crash_record,0.5161304916122059,higher -> less likely,0.09834917458729364
y_injury,vehicle__MDLYR_IM__min,vehicle.MDLYR_IM__min,crash_record,0.5160863337083633,higher -> less likely,1.0
y_injury,vehicle__ROLLOVER=8,vehicle.ROLLOVER = Not Applicable (count),crash_record,0.5160704115525617,higher -> more likely,0.018277888944472236
y_injury,vehicle__ROLINLOC=8,vehicle.ROLINLOC = Not Applicable (count),crash_record,0.5160704115525617,higher -> more likely,0.018277888944472236
y_injury,person__ROLLOVER=8.0,person.ROLLOVER = 8 (count),crash_record,0.5160642903938625,higher -> more likely,0.018284142071035518
y_injury,vehicle__IMPACT1_IM=1,vehicle.IMPACT1_IM = 1 Clock Point (count),crash_record,0.516056616887966,higher -> less likely,0.100887943971986
y_injury,violatn__VIOLATION=46,violatn.VIOLATION = Fail to yield generally (count),crash_record,0.5158960360841951,higher -> more likely,0.06640820410205102
y_injury,person__SEAT_IM=21,"person.SEAT_IM = Second Seat, Left Side (count)",crash_record,0.5156919790403689,higher -> more likely,0.08934467233616808
y_injury,vehicle__VEVENT_IM=14,vehicle.VEVENT_IM = Parked Motor Vehicle (count),crash_record,0.5156734066065325,higher -> less likely,0.031109304652326163
y_injury,cevent__SOE=42,cevent.SOE = Tree (Standing Only) (count),crash_record,0.5155496878474695,higher -> more likely,0.034961230615307655
y_injury,vevent__SOE=42,vevent.SOE = Tree (Standing Only) (count),crash_record,0.5155496878474695,higher -> more likely,0.034961230615307655
y_injury,vsoe__SOE=42,vsoe.SOE = Tree (Standing Only) (count),crash_record,0.5155496878474695,higher -> more likely,0.034961230615307655
y_injury,vpicdecode__BODYCLASSID=13.0,vpicdecode.BODYCLASSID = 13 (count),crash_record,0.5155166285667161,higher -> less likely,0.5008816908454227
y_injury,pbtype__PEDLEG=2,pbtype.PEDLEG = Farside (count),crash_record,0.5154000113878985,higher -> more likely,0.016408204102051027
y_injury,vehicle__GVWR_TO=18,"vehicle.GVWR_TO = Class 8: 33,001 lbs. and above (14,969 kg and above) (count)",crash_record,0.5153057359673541,higher -> less likely,0.04953101550775388
y_injury,vpicdecode__GROSSVEHICLEWEIGHTRATINGFROMID=14.0,vpicdecode.GROSSVEHICLEWEIGHTRATINGFROMID = 14 (count),crash_record,0.515288998154204,higher -> less likely,0.20168834417208603
y_injury,vehicle__PCRASH1_IM=1,vehicle.PCRASH1_IM = Going Straight (count),crash_record,0.5152464626949518,higher -> more likely,0.7664957478739369
y_injury,person__GVWR_TO=18.0,person.GVWR_TO = 18 (count),crash_record,0.515173745637402,higher -> less likely,0.04977488744372186
y_injury,cevent__SOE=68,cevent.SOE = Cross Centerline (count),crash_record,0.515154491068799,higher -> more likely,0.04502251125562781
y_injury,vevent__SOE=68,vevent.SOE = Cross Centerline (count),crash_record,0.515154491068799,higher -> more likely,0.04502251125562781
y_injury,vsoe__SOE=68,vsoe.SOE = Cross Centerline (count),crash_record,0.515154491068799,higher -> more likely,0.04502251125562781
y_injury,person__HELM_USE=19,"person.HELM_USE = Helmet, Unknown if DOT-Compliant (count)",crash_record,0.5149500862853853,higher -> more likely,0.016902201100550275
y_injury,parkwork__PHARM_EV=14,parkwork.PHARM_EV = Parked Motor Vehicle (count),crash_record,0.5149479125597287,higher -> less likely,0.03112806403201601
y_injury,vehicle__MAKE=12,vehicle.MAKE = Ford (count),crash_record,0.5148887625268641,higher -> less likely,0.20209479739869934
y_injury,person__VPICBODYCLASS=7.0,person.VPICBODYCLASS = 7 (count),crash_record,0.5147378559483141,higher -> less likely,0.385167583791896
y_injury,vpicdecode__AUTOMATICCRASHNOTIFICATIONID=1.0,vpicdecode.AUTOMATICCRASHNOTIFICATIONID = 1 (count),crash_record,0.5146908914798636,higher -> less likely,0.1682591295647824
y_injury,person__ROLLOVER=1.0,person.ROLLOVER = 1 (count),crash_record,0.514624700623061,higher -> more likely,0.023080290145072537
y_injury,vehicle__ROLLOVER=1,vehicle.ROLLOVER = 1 (count),crash_record,0.5146153889732699,higher -> more likely,0.02308654327163582
y_injury,pbtype__PEDCGP=790,pbtype.PEDCGP = Crossing Roadway - Vehicle Turning (count),crash_record,0.5145299684312614,higher -> more likely,0.01555152576288144
y_injury,pbtype__PEDCGP=750,pbtype.PEDCGP = Crossing Roadway - Vehicle Not Turning (count),crash_record,0.5142782791490814,higher -> more likely,0.015257628814407204
y_injury,vehicle__PCRASH1_IM=13,vehicle.PCRASH1_IM = Backing Up (other than for Parking Position) (count),crash_record,0.5142475844975235,higher -> less likely,0.0211168084042021
y_injury,drimpair__DRIMPAIR=98,drimpair.DRIMPAIR = Not Reported (count),crash_record,0.5140607131679955,higher -> more likely,0.3930527763881941
y_injury,vpicdecode__TRUCKBODYCABTYPEID=4.0,vpicdecode.TRUCKBODYCABTYPEID = 4 (count),crash_record,0.5140579785062007,higher -> less likely,0.09395947973986994
y_injury,vpicdecode__KEYLESSIGNITIONID=1.0,vpicdecode.KEYLESSIGNITIONID = 1 (count),crash_record,0.514046135500604,higher -> less likely,0.2408391695847924
y_injury,person__ALC_RES=997,"person.ALC_RES = AC Test Performed, Results Unknown (count)",post_crash,0.5140031756891598,higher -> more likely,0.023336668334167084
y_injury,vehicle__VPICBODYCLASS=13,vehicle.VPICBODYCLASS = Sedan/Saloon (count),crash_record,0.5139964468888922,higher -> less likely,0.4864744872436218
y_injury,person__SEAT_IM=23,"person.SEAT_IM = Second Seat, Right Side (count)",crash_record,0.5139119426367721,higher -> more likely,0.1073224112056028
y_injury,parkwork__PVE_FORMS=1,parkwork.PVE_FORMS = 1 (count),crash_record,0.5138590339407803,higher -> less likely,0.03439219609804903
y_injury,person__GVWR_TO=12.0,person.GVWR_TO = 12 (count),crash_record,0.5138280587426567,higher -> less likely,0.42770135067533765
y_injury,vehicle__TOW_VEH=1,vehicle.TOW_VEH = One Trailer (count),crash_record,0.5137541778956882,higher -> less likely,0.048874437218609304
y_injury,vehicle__NUMOCCS__min,vehicle.NUMOCCS__min,crash_record,0.5137438546612324,higher -> more likely,0.9969172086043021
y_injury,vehicle__J_KNIFE=1,vehicle.J_KNIFE = No (count),crash_record,0.5136598985503177,higher -> less likely,0.04894947473736869
y_injury,person__MAKE=12.0,person.MAKE = 12 (count),crash_record,0.5136510658862973,higher -> less likely,0.20236993496748373
y_injury,parkwork__PMAN_COLL=0,parkwork.PMAN_COLL = The First Harmful Event was Not a Collision with a Motor Vehicle In-Transport (count),crash_record,0.5136166665129391,higher -> less likely,0.03488619309654827
y_injury,person__TOW_VEH=1.0,person.TOW_VEH = 1 (count),crash_record,0.5135782612266302,higher -> less likely,0.04893696848424212
y_injury,vehicle__TRLR1GVWR=98,vehicle.TRLR1GVWR = Not Reported (count),crash_record,0.5135579019764887,higher -> less likely,0.048349174587293646
y_injury,vpicdecode__AIRBAGLOCSIDEID=4.0,vpicdecode.AIRBAGLOCSIDEID = 4 (count),crash_record,0.5135572753387623,higher -> less likely,0.1954414707353677
y_injury,vehicle__BODY_TYP=14,"vehicle.BODY_TYP = Compact Utility (Utility Vehicle Categories ""Small"" and ""Midsize"") (count)",crash_record,0.5133847642412633,higher -> less likely,0.26193096548274136
y_injury,vsoe__AOI=1,vsoe.AOI = 1 Clock Point (count),crash_record,0.5132688948988002,higher -> less likely,0.08985742871435717
y_injury,vpicdecode__BRAKESYSTEMTYPEID=1.0,vpicdecode.BRAKESYSTEMTYPEID = 1 (count),crash_record,0.5132553552694008,higher -> less likely,0.04616683341670835
y_injury,vpicdecode__FORWARDCOLLISIONWARNINGID=1.0,vpicdecode.FORWARDCOLLISIONWARNINGID = 1 (count),crash_record,0.5130875285302827,higher -> less likely,0.19350300150075037
y_injury,vpicdecode__AIRBAGLOCCURTAINID=4.0,vpicdecode.AIRBAGLOCCURTAINID = 4 (count),crash_record,0.5130737268009999,higher -> less likely,0.3376250625312656
y_injury,vpicdecode__BODYCLASSID=80.0,vpicdecode.BODYCLASSID = 80 (count),crash_record,0.5130242761907398,higher -> more likely,0.014726113056528264
y_injury,person__ATST_TYP=1,person.ATST_TYP = Blood (count),post_crash,0.5130111923121407,higher -> more likely,0.018465482741370685
y_injury,person__IMPACT1=11.0,person.IMPACT1 = 11 (count),crash_record,0.5129108209302802,higher -> less likely,0.10236368184092046
y_injury,vehicle__IMPACT1_IM=7,vehicle.IMPACT1_IM = 7 Clock Point (count),crash_record,0.5128843289824507,higher -> less likely,0.0371248124062031
y_injury,vehicle__IMPACT1_IM=11,vehicle.IMPACT1_IM = 11 Clock Point (count),crash_record,0.5128681442557869,higher -> less likely,0.10467733866933467
y_injury,person__IMPACT1=7.0,person.IMPACT1 = 7 (count),crash_record,0.512826150579522,higher -> less likely,0.03708104052026013
y_injury,vehicle__VNUM_LAN=2,vehicle.VNUM_LAN = Two lanes (count),crash_record,0.512821629886387,higher -> more likely,0.3770135067533767
y_injury,vehicle__VTRAFWAY=1,"vehicle.VTRAFWAY = Two-Way, Not Divided (count)",crash_record,0.5127677388064362,higher -> more likely,0.4452788894447224
y_injury,vsoe__AOI=11,vsoe.AOI = 11 Clock Point (count),crash_record,0.5122997186074303,higher -> less likely,0.09273386693346673
y_injury,parkwork__PTYPE=2,parkwork.PTYPE = Motor Vehicle Not In-Transport Within the Trafficway (count),crash_record,0.5122630622236068,higher -> less likely,0.03396698349174587
y_injury,vpicdecode__PLANTCOUNTRYID=12.0,vpicdecode.PLANTCOUNTRYID = 12 (count),crash_record,0.5122407359291481,higher -> less likely,0.18015882941470734
y_injury,vehicle__TOWED=3,vehicle.TOWED = 3 (count),post_crash,0.5120482394604368,higher -> more likely,0.05478364182091046
y_injury,vevent__AOI1=6,vevent.AOI1 = 6 Clock Point (count),crash_record,0.511772576006335,higher -> less likely,0.03147823911955978
y_injury,vpicdecode__GROSSVEHICLEWEIGHTRATINGFROMID=9.0,vpicdecode.GROSSVEHICLEWEIGHTRATINGFROMID = 9 (count),crash_record,0.5117210905307634,higher -> less likely,0.04067033516758379
y_injury,vpicdecode__VEHICLETYPEID=10,vpicdecode.VEHICLETYPEID = 10 (count),crash_record,0.5116602178132514,higher -> less likely,0.041364432216108055
y_injury,cevent__AOI1=6,cevent.AOI1 = 6 Clock Point (count),crash_record,0.5116324058679267,higher -> less likely,0.03147823911955978
y_injury,vehicle__PCRASH5=4,vehicle.PCRASH5 = Departed roadway (count),crash_record,0.5115872563960322,higher -> more likely,0.19320285142571286
y_injury,parkwork__PTRAILER=0,parkwork.PTRAILER = No Trailers (count),crash_record,0.5115144636678364,higher -> less likely,0.038237868934467234
y_injury,parkwork__PTRLR1GVWR=77,parkwork.PTRLR1GVWR = No Trailing Units (count),crash_record,0.5115104316155441,higher -> less likely,0.038281640820410204
y_injury,parkwork__PM_HARM=12,parkwork.PM_HARM = Motor Vehicle In-Transport (count),crash_record,0.5114886832124723,higher -> less likely,0.03875687843921961
y_injury,cevent__SOE=14,cevent.SOE = Parked Motor Vehicle (count),crash_record,0.5114263739301312,higher -> less likely,0.03893821910955478
y_injury,vevent__SOE=14,vevent.SOE = Parked Motor Vehicle (count),crash_record,0.5114263739301312,higher -> less likely,0.03893821910955478
y_injury,vsoe__SOE=14,vsoe.SOE = Parked Motor Vehicle (count),crash_record,0.5114263739301312,higher -> less likely,0.03893821910955478
y_injury,vehicle__VTCONT_F=3,vehicle.VTCONT_F = Device Functioning Properly (count),crash_record,0.5114195529749482,higher -> more likely,0.36333791895947976
y_injury,person__LOCATION=3,person.LOCATION = At Intersection - Not In Crosswalk (count),crash_record,0.5114186715375152,higher -> more likely,0.012449974987493747
y_injury,parkwork__PFIRE=0,parkwork.PFIRE = No or Not Reported (count),crash_record,0.5113983321469935,higher -> less likely,0.03935717858929465
y_injury,acc__PVH_INVL,accident.PVH_INVL,crash_record,0.5113931046711846,higher -> less likely,0.03937593796898449
y_injury,parkwork__n_rows,parkwork.n_rows,crash_record,0.5113931046711846,higher -> less likely,0.03937593796898449
y_injury,parkwork__PTRLR3GVWR=77,parkwork.PTRLR3GVWR = No Trailing Units (count),crash_record,0.5113931046711846,higher -> less likely,0.03937593796898449
y_injury,pvehiclesf__n_rows,pvehiclesf.n_rows,crash_record,0.5113931046711846,higher -> less likely,0.03937593796898449
y_injury,parkwork__PHAZ_INV=1,parkwork.PHAZ_INV = No (count),crash_record,0.5113918871901455,higher -> less likely,0.03935092546273137
y_injury,parkwork__PHAZPLAC=0,parkwork.PHAZPLAC = Not Applicable (count),crash_record,0.5113918871901455,higher -> less likely,0.03935092546273137
y_injury,parkwork__PHAZ_REL=0,parkwork.PHAZ_REL = Not Applicable (count),crash_record,0.5113918871901455,higher -> less likely,0.03935092546273137
y_injury,parkwork__PTRLR2GVWR=77,parkwork.PTRLR2GVWR = No Trailing Units (count),crash_record,0.5113908380841437,higher -> less likely,0.039338419209604805
y_injury,parkwork__PHIT_RUN=0,parkwork.PHIT_RUN = No (count),crash_record,0.5113730583081753,higher -> less likely,0.03935717858929465
y_injury,vehicle__IMPACT1_IM=5,vehicle.IMPACT1_IM = 5 Clock Point (count),crash_record,0.5113668519807508,higher -> less likely,0.03452976488244122
y_injury,parkwork__PICFINALBODY=0,parkwork.PICFINALBODY = Not Applicable (count),crash_record,0.511359877486373,higher -> less likely,0.03876313156578289
y_injury,vehicle__GVWR_FROM=11,"vehicle.GVWR_FROM = Class 1: 6,000 lbs. or less (2,722 kg or less) (count)",crash_record,0.511356041989369,higher -> more likely,0.8791645822911456
y_injury,parkwork__PV_CONFIG=0,parkwork.PV_CONFIG = Not Applicable (count),crash_record,0.5113529898091471,higher -> less likely,0.036193096548274135
y_injury,parkwork__PCARGTYP=0,parkwork.PCARGTYP = Not Applicable (N/A) (count),crash_record,0.5113529898091471,higher -> less likely,0.036193096548274135
y_injury,parkwork__PBUS_USE=0,parkwork.PBUS_USE = Not a Bus (count),crash_record,0.5113471177199086,higher -> less likely,0.038775637818909456
y_injury,pvehiclesf__PVEHICLESF=0,pvehiclesf.PVEHICLESF = None Noted (count),crash_record,0.5113468687289444,higher -> less likely,0.03909454727363682
y_injury,person__IMPACT1=5.0,person.IMPACT1 = 5 (count),crash_record,0.5113394621897154,higher -> less likely,0.033835667833916956
y_injury,person__BODY_TYP=14.0,person.BODY_TYP = 14 (count),crash_record,0.5113015022926661,higher -> less likely,0.26209979989994997
y_injury,pbtype__BIKEPOS=3,pbtype.BIKEPOS = Sidewalk  / Crosswalk / Driveway Access (count),crash_record,0.5112821346890731,higher -> more likely,0.012224862431215608
y_injury,parkwork__PEM_USE=0,parkwork.PEM_USE = Not Applicable (count),crash_record,0.5112621537921622,higher -> less likely,0.03882566283141571
y_injury,vehicle__GVWR_FROM=18,"vehicle.GVWR_FROM = Class 8: 33,001 lbs. and above (14,969 kg and above) (count)",crash_record,0.5111514338999661,higher -> less likely,0.0381815907953977
y_injury,person__GVWR_FROM=18.0,person.GVWR_FROM = 18 (count),crash_record,0.5111304062519493,higher -> less likely,0.038356678339169586
y_injury,parkwork__PSP_USE=0,parkwork.PSP_USE = No Special Use Noted (count),crash_record,0.5110383616240322,higher -> less likely,0.03805652826413206
y_injury,pbtype__MOTMAN=3,pbtype.MOTMAN = Straight through (count),crash_record,0.5110136119849804,higher -> more likely,0.011793396698349175
y_injury,vehicle__VSURCOND=2,vehicle.VSURCOND = Wet (count),crash_record,0.511008951646535,higher -> less likely,0.125887943971986
y_injury,parkwork__PTOWED=5,parkwork.PTOWED = Not Towed (count),post_crash,0.5110005216696667,higher -> less likely,0.030421460730365182
y_injury,vpicdecode__LANEDEPARTUREWARNINGID=1.0,vpicdecode.LANEDEPARTUREWARNINGID = 1 (count),crash_record,0.5109780626375912,higher -> less likely,0.1696223111555778
y_injury,vehicle__BODY_TYP=66,"vehicle.BODY_TYP = Truck-tractor (Cab only, or with any number of trailing unit; any weight) (count)",crash_record,0.5109624581572098,higher -> less likely,0.035630315157578786
y_injury,vehicle__VPICBODYCLASS=66,vehicle.VPICBODYCLASS = Truck-Tractor (count),crash_record,0.5109223307357289,higher -> less likely,0.03539269634817409
y_injury,vehicle__VSURCOND=98,vehicle.VSURCOND = Not Reported (count),crash_record,0.5109181909077136,higher -> more likely,0.12122936468234118
y_injury,person__BODY_TYP=66.0,person.BODY_TYP = 66 (count),crash_record,0.5109140711748075,higher -> less likely,0.035755377688844424
y_injury,vsoe__AOI=7,vsoe.AOI = 7 Clock Point (count),crash_record,0.5109038966127624,higher -> less likely,0.03397323661830916
y_injury,person__VPICBODYCLASS=66.0,person.VPICBODYCLASS = 66 (count),crash_record,0.5108739107847879,higher -> less likely,0.03551775887943972
y_injury,vehicle__PCRASH1_IM=14,vehicle.PCRASH1_IM = Negotiating a Curve (count),crash_record,0.5106358420619205,higher -> more likely,0.08659954977488744
y_injury,damage__DAMAGE=5,damage.DAMAGE = 5 Clock Value (count),post_crash,0.5105524424128423,higher -> more likely,0.15423336668334167
y_injury,vpicdecode__GROSSVEHICLEWEIGHTRATINGFROMID=12.0,vpicdecode.GROSSVEHICLEWEIGHTRATINGFROMID = 12 (count),crash_record,0.5105373193516234,higher -> less likely,0.2643259129564782
y_injury,person__DEVTYPE=3.0,person.DEVTYPE = 3 (count),crash_record,0.5105117015410509,higher -> more likely,0.011380690345172586
y_injury,nmdistract__NMDISTRACT=0,nmdistract.NMDISTRACT = Not Distracted (count),crash_record,0.510457165769174,higher -> more likely,0.011349424712356178
y_injury,vehicle__PCRASH1_IM=2,vehicle.PCRASH1_IM = Decelerating in Road (count),crash_record,0.5104466007654338,higher -> less likely,0.07146073036518259
y_injury,pbtype__PEDDIR=9,pbtype.PEDDIR = Not Derived/Unknown Initial Direction of Travel (count),crash_record,0.5104463662963258,higher -> more likely,0.011218109054527263
y_injury,vevent__AOI1=1,vevent.AOI1 = 1 Clock Point (count),crash_record,0.5103629277129734,higher -> less likely,0.06298774387193597
y_injury,vpicdecode__AIRBAGLOCSIDEID=6.0,vpicdecode.AIRBAGLOCSIDEID = 6 (count),crash_record,0.5103427801679487,higher -> less likely,0.14521010505252627
y_injury,vehicle__MAKE=20,vehicle.MAKE = Chevrolet (count),crash_record,0.5102821044767041,higher -> less likely,0.1935967983991996
y_injury,nmcrash__NMCC=12,nmcrash.NMCC = Improper Crossing of Roadway or Intersection (Jaywalking) (count),crash_record,0.5102557024858876,higher -> more likely,0.010949224612306152
y_injury,cevent__AOI2=7,cevent.AOI2 = 7 Clock Point (count),crash_record,0.5102018998715159,higher -> less likely,0.03221610805402701
y_injury,vevent__AOI2=7,vevent.AOI2 = 7 Clock Point (count),crash_record,0.5102018998715159,higher -> less likely,0.03221610805402701
y_injury,vpicdecode__POLKVIN__min,vpicdecode.POLKVIN__min,crash_record,0.5101548537666836,higher -> more likely,0.08000250125062532
y_injury,vevent__AOI1=11,vevent.AOI1 = 11 Clock Point (count),crash_record,0.5101528167034699,higher -> less likely,0.06193096548274137
y_injury,vpicdecode__POLKVIN__max,vpicdecode.POLKVIN__max,crash_record,0.5100940120552971,higher -> more likely,0.08682466233116558
y_injury,vpicdecode__TRUCKBODYCABTYPEID=5.0,vpicdecode.TRUCKBODYCABTYPEID = 5 (count),crash_record,0.5100653342148505,higher -> less likely,0.035067533766883444
y_injury,pbtype__BIKELOC=3,pbtype.BIKELOC = Not At Intersection (count),crash_record,0.5100284724841284,higher -> more likely,0.010867933966983491
y_injury,pbtype__PEDCTYPE=760,pbtype.PEDCTYPE = Pedestrian Failed to Yield (count),crash_record,0.5099654210171825,higher -> more likely,0.01066783391695848
y_injury,damage__DAMAGE=7,damage.DAMAGE = 7 Clock Value (count),post_crash,0.5099646460210319,higher -> more likely,0.15969234617308653
y_injury,cevent__AOI1=1,cevent.AOI1 = 1 Clock Point (count),crash_record,0.509944611040018,higher -> less likely,0.06298774387193597
y_injury,vpicdecode__PLANTCOUNTRYID=3.0,vpicdecode.PLANTCOUNTRYID = 3 (count),crash_record,0.5099203301036924,higher -> more likely,0.17443096548274137
y_injury,cevent__AOI1=11,cevent.AOI1 = 11 Clock Point (count),crash_record,0.5098530390396532,higher -> less likely,0.06193096548274137
y_injury,vehicle__CARGO_BT=98,vehicle.CARGO_BT = Unknown Cargo Body Type (count),crash_record,0.5098411281345657,higher -> less likely,0.021517008504252127
y_injury,vpicdecode__WHEELBASEIN_FROM__min,vpicdecode.WHEELBASEIN_FROM__min,crash_record,0.5098384170217272,higher -> less likely,1.0
y_injury,vehicle__PCRASH4=9,vehicle.PCRASH4 = Precrash stability unknown (count),crash_record,0.5098356415417414,higher -> more likely,0.04275887943971986
y_injury,vehicle__V_CONFIG=6,vehicle.V_CONFIG = Truck Tractor/Semi-Trailer (count),crash_record,0.5098314926866261,higher -> less likely,0.03217858929464732
y_injury,vehicle__ROLLOVER=3,vehicle.ROLLOVER = Rollover (count),crash_record,0.5098309541219963,higher -> more likely,0.016251875937968986
y_injury,person__ROLLOVER=3.0,person.ROLLOVER = 3 (count),crash_record,0.5098219274930726,higher -> more likely,0.01623311655827914
y_injury,acc__INT_HWY,accident.INT_HWY,crash_record,0.509814550076053,higher -> more likely,1.0
y_injury,person__BODY_TYP=4.0,person.BODY_TYP = 4 (count),crash_record,0.5097572746186039,higher -> less likely,0.4679089544772386
y_injury,vpicdecode__BASEPRICE__min,vpicdecode.BASEPRICE__min,crash_record,0.509725986690341,higher -> less likely,1.0
y_injury,nmprior__NMACTION=5,nmprior.NMACTION = Movement Along Roadway with Traffic (In or Adjacent to Travel Lane) (count),crash_record,0.5096920637123681,higher -> more likely,0.010417708854427214
y_injury,vehicle__P_CRASH2=13,vehicle.P_CRASH2 = Off the edge of the road on the right side (count),crash_record,0.5096399310329818,higher -> more likely,0.055465232616308154
y_injury,person__FIRE_EXP=0.0,person.FIRE_EXP = 0 (count),crash_record,0.5096375198553496,higher -> less likely,0.9967421210605303
y_injury,vpicdecode__LANEKEEPINGASSISTANCEID=1.0,vpicdecode.LANEKEEPINGASSISTANCEID = 1 (count),crash_record,0.5096339296599735,higher -> less likely,0.15195722861430716
y_injury,pbtype__MOTMAN=1,pbtype.MOTMAN = Left Turn (count),crash_record,0.5096251792603069,higher -> more likely,0.010280140070035018
y_injury,vehicle__VEVENT_IM=42,vehicle.VEVENT_IM = Tree (Standing Only) (count),crash_record,0.5095834292372428,higher -> more likely,0.023649324662331165
y_injury,vpicdecode__AIRBAGLOCKNEEID=3.0,vpicdecode.AIRBAGLOCKNEEID = 3 (count),crash_record,0.5094993072631793,higher -> less likely,0.18633691845922962
y_injury,vehicle__ACC_TYPE=1,vehicle.ACC_TYPE = A1-Single Driver-Right Roadside Departure-Drive Off Road (count),crash_record,0.5094706039898599,higher -> more likely,0.053101550775387696
y_injury,vpicdecode__DOORSCOUNT__max,vpicdecode.DOORSCOUNT__max,crash_record,0.5094306786969204,higher -> less likely,1.0
y_injury,vpicdecode__CRASHIMMINENTBRAKINGID=1.0,vpicdecode.CRASHIMMINENTBRAKINGID = 1 (count),crash_record,0.5093732767030796,higher -> less likely,0.14544772386193097
y_injury,vpicdecode__WHEELSIZEREARIN__min,vpicdecode.WHEELSIZEREARIN__min,crash_record,0.5093231176617181,higher -> less likely,1.0
y_injury,vpicdecode__WHEELSIZEFRONTIN__min,vpicdecode.WHEELSIZEFRONTIN__min,crash_record,0.5092372664877961,higher -> less likely,1.0
y_injury,vpicdecode__DRIVETYPEID=5.0,vpicdecode.DRIVETYPEID = 5 (count),crash_record,0.5092032088097933,higher -> less likely,0.03234742371185593
y_injury,vpicdecode__BODYCLASSID=66.0,vpicdecode.BODYCLASSID = 66 (count),crash_record,0.5091781484815121,higher -> less likely,0.03240370185092546
y_injury,vpicdecode__PEDESTRIANAUTOEMERGENCYBRAKINGID=1.0,vpicdecode.PEDESTRIANAUTOEMERGENCYBRAKINGID = 1 (count),crash_record,0.5090733192037334,higher -> less likely,0.12528139069534766
y_injury,vpicdecode__BLINDSPOTWARNINGID=1.0,vpicdecode.BLINDSPOTWARNINGID = 1 (count),crash_record,0.5090726869142577,higher -> less likely,0.13220985492746373
y_injury,parkwork__PGVWR_FROM=11,"parkwork.PGVWR_FROM = Class 1: 6,000 lbs. or less (2,722 kg or less) (count)",crash_record,0.5090599570549679,higher -> less likely,0.029364682341170584
y_injury,vpicdecode__AIRBAGLOCKNEEID=1.0,vpicdecode.AIRBAGLOCKNEEID = 1 (count),crash_record,0.5089276188284353,higher -> less likely,0.1584104552276138
y_injury,pbtype__BIKEDIR=2,pbtype.BIKEDIR = Facing Traffic (count),crash_record,0.5089198336219896,higher -> more likely,0.009704852426213106
y_injury,person__MAKE=20.0,person.MAKE = 20 (count),crash_record,0.508903764834687,higher -> less likely,0.19372811405702853
y_injury,vehicle__VTRAFCON=3,vehicle.VTRAFCON = Traffic control signal(on colors) not known whether or not Pedestrian Signal (count),crash_record,0.508883518227053,higher -> more likely,0.21568909454727364
y_injury,pbtype__PEDLEG=1,pbtype.PEDLEG = Nearside (count),crash_record,0.5088803754618458,higher -> more likely,0.00952976488244122
y_injury,vpicdecode__ENGINETURBOID=1.0,vpicdecode.ENGINETURBOID = 1 (count),crash_record,0.5088166703543704,higher -> less likely,0.11865932966483242
y_injury,vehicle__ROLINLOC=1,vehicle.ROLINLOC = On Roadway (count),crash_record,0.5087724268108235,higher -> more likely,0.01375687843921961
y_injury,vpicdecode__FUELDELIVERYINJECTIONTYPEID=1.0,vpicdecode.FUELDELIVERYINJECTIONTYPEID = 1 (count),crash_record,0.5087462955545077,higher -> less likely,0.10979864932466234
y_injury,vpicdecode__GROSSVEHICLEWEIGHTRATINGFROMID=15.0,vpicdecode.GROSSVEHICLEWEIGHTRATINGFROMID = 15 (count),crash_record,0.5087384914304004,higher -> less likely,0.06922836418209105
y_injury,vehicle__SPEEDREL=4,"vehicle.SPEEDREL = Yes, Too Fast for Conditions (count)",crash_record,0.508724641975233,higher -> more likely,0.08043396698349174
y_injury,person__REST_USE=99,person.REST_USE = Reported as Unknown (count),crash_record,0.5087148857211478,higher -> less likely,0.1033016508254127
y_injury,pbtype__PEDCTYPE=781,pbtype.PEDCTYPE = Motorist Left Turn - Parallel Paths (count),crash_record,0.5084414659331028,higher -> more likely,0.009010755377688844
y_injury,vpicdecode__WHEELSIZEREARIN__max,vpicdecode.WHEELSIZEREARIN__max,crash_record,0.508364285092396,higher -> less likely,1.0
y_injury,vsoe__AOI=5,vsoe.AOI = 5 Clock Point (count),crash_record,0.5083574282643029,higher -> less likely,0.02927088544272136
y_injury,vehicle__GVWR_TO=11,"vehicle.GVWR_TO = Class 1: 6,000 lbs. or less (2,722 kg or less) (count)",crash_record,0.5083405640717541,higher -> more likely,0.7501375687843922
y_injury,vpicdecode__WHEELSIZEFRONTIN__max,vpicdecode.WHEELSIZEFRONTIN__max,crash_record,0.5083019409575996,higher -> less likely,1.0
y_injury,person__STR_VEH=0,person.STR_VEH = 0 (count),crash_record,0.5082915042171747,higher -> less likely,0.9996685842921461
y_injury,person__LOCATION=0,person.LOCATION = Occupant of a Motor Vehicle (count),crash_record,0.5082915042171747,higher -> less likely,0.9996685842921461
y_injury,vehicle__GVWR_FROM=13,"vehicle.GVWR_FROM = Class 3: 10,001 - 14,000 lbs. (4,536 - 6,350 kg) (count)",crash_record,0.5082749739488258,higher -> less likely,0.02396198099049525
y_injury,person__DRUGS=1,person.DRUGS = Yes (drugs involved) (count),crash_record,0.5082553129252377,higher -> more likely,0.01615182591295648
y_injury,vehicle__VPROFILE=8,vehicle.VPROFILE = Not Reported (count),crash_record,0.5082315290288826,higher -> more likely,0.17703226613306652
y_injury,person__GVWR_FROM=13.0,person.GVWR_FROM = 13 (count),crash_record,0.5081830799557323,higher -> less likely,0.024068284142071034
y_injury,vehicle__MAKE=49,vehicle.MAKE = Toyota (count),crash_record,0.508146745172155,higher -> less likely,0.18913206603301652
y_injury,vpicdecode__FUELTYPESECONDARYID=10.0,vpicdecode.FUELTYPESECONDARYID = 10 (count),crash_record,0.5079722379081297,higher -> less likely,0.07266758379189595
y_injury,person__MAKE=37.0,person.MAKE = 37 (count),crash_record,0.5079618256586192,higher -> more likely,0.15378939469734867
y_injury,vehicle__VALIGN=3,vehicle.VALIGN = Curve - Left (count),crash_record,0.5078778645239271,higher -> more likely,0.04965607803901951
y_injury,parkwork__PUNDEROVERRIDE=0.0,parkwork.PUNDEROVERRIDE = No Underride or Override (count),crash_record,0.5077850095764248,higher -> less likely,0.018765632816408206
y_injury,vpicdecode__BASEPRICE__max,vpicdecode.BASEPRICE__max,crash_record,0.5077786800094626,higher -> less likely,1.0
y_injury,vehicle__DEFORMED=0,vehicle.DEFORMED = No Damage (count),post_crash,0.5077442807930975,higher -> more likely,0.050644072036018006
y_injury,vehicle__P_CRASH2=52,vehicle.P_CRASH2 = Traveling in same direction while decelerating (count),crash_record,0.5076902014784896,higher -> less likely,0.05611555777888944
y_injury,vehicle__V_CONFIG=1,"vehicle.V_CONFIG = Single-Unit Truck (2- axle and GVWR more than 10,000 lbs) (count)",crash_record,0.507630132329862,higher -> less likely,0.025287643821910955
y_injury,vehicle__MAKE=37,vehicle.MAKE = Honda (count),crash_record,0.5076011290428395,higher -> more likely,0.15348299149574787
y_injury,vpicdecode__PLANTCOUNTRYID=1.0,vpicdecode.PLANTCOUNTRYID = 1 (count),crash_record,0.5075659846590017,higher -> less likely,0.16607053526763382
y_injury,vpicdecode__TPMSID=2.0,vpicdecode.TPMSID = 2 (count),crash_record,0.5075486136144174,higher -> less likely,0.12613806903451727
y_injury,vehicle__VTRAFCON=20,vehicle.VTRAFCON = Stop Sign (count),crash_record,0.5075434864571623,higher -> more likely,0.10988619309654828
y_injury,vpicdecode__ENGINEBRAKEHP_TO__max,vpicdecode.ENGINEBRAKEHP_TO__max,crash_record,0.507538334573503,higher -> less likely,1.0
y_injury,acc__PERMVIT,accident.PERMVIT,crash_record,0.5075160541995091,higher -> less likely,0.9996623311655828
y_injury,vpicdecode__DRIVETYPEID=3.0,vpicdecode.DRIVETYPEID = 3 (count),crash_record,0.5074942152114521,higher -> less likely,0.08400450225112556
y_injury,vehicle__ACC_TYPE=28,"vehicle.ACC_TYPE = D28-Same Trafficway, Same Direction-Rear End-Decelerating (Slowing) (count)",crash_record,0.5074904859202412,higher -> less likely,0.05067533766883442
y_injury,person__EJECT_IM=1,person.EJECT_IM = Totally Ejected (count),crash_record,0.5074423477718102,higher -> more likely,0.008523011505752876
y_injury,vpicdecode__ADAPTIVECRUISECONTROLID=1.0,vpicdecode.ADAPTIVECRUISECONTROLID = 1 (count),crash_record,0.5074251361536599,higher -> less likely,0.1254064532266133
y_injury,vehicle__DEFORMED=9,vehicle.DEFORMED = Reported as Unknown (count),post_crash,0.5073871563969907,higher -> less likely,0.04326538269134567
y_injury,vpicdecode__ENGINEBRAKEHP_TO__min,vpicdecode.ENGINEBRAKEHP_TO__min,crash_record,0.5073072819481694,higher -> less likely,1.0
y_injury,vehicle__SPEEDREL=3,"vehicle.SPEEDREL = Yes, Exceeded Speed Limit (count)",crash_record,0.5073001523446663,higher -> more likely,0.013087793896948474
y_injury,vpicdecode__GROSSVEHICLEWEIGHTRATINGFROMID=13.0,vpicdecode.GROSSVEHICLEWEIGHTRATINGFROMID = 13 (count),crash_record,0.5072744692249882,higher -> less likely,0.20378939469734866
y_injury,cevent__AOI2=5,cevent.AOI2 = 5 Clock Point (count),crash_record,0.5072451369590467,higher -> less likely,0.02464982491245623
y_injury,vevent__AOI2=5,vevent.AOI2 = 5 Clock Point (count),crash_record,0.5072451369590467,higher -> less likely,0.02464982491245623
y_injury,vpicdecode__ENGINECOOLINGTYPEID=1.0,vpicdecode.ENGINECOOLINGTYPEID = 1 (count),crash_record,0.5072283041651063,higher -> more likely,0.008629314657328664
y_injury,vpicdecode__WHEELBASEIN_FROM__max,vpicdecode.WHEELBASEIN_FROM__max,crash_record,0.5071782925402111,higher -> less likely,1.0
y_injury,vehicle__VNUM_LAN=4,vehicle.VNUM_LAN = Four lanes (count),crash_record,0.5070454626114715,higher -> more likely,0.11023636818409205
y_injury,vpicdecode__DRIVETYPEID=1.0,vpicdecode.DRIVETYPEID = 1 (count),crash_record,0.5070450253073537,higher -> less likely,0.1632191095547774
y_injury,vehicle__PCRASH5=1,vehicle.PCRASH5 = Stayed in original travel lane (count),crash_record,0.5070446055079599,higher -> less likely,0.7813969484742371
y_injury,safetyeq__NMHELMET=2,safetyeq.NMHELMET = Yes (count),crash_record,0.5070181968449391,higher -> more likely,0.007553776888444222
y_injury,vpicdecode__TRANSMISSIONSPEEDS__max,vpicdecode.TRANSMISSIONSPEEDS__max,crash_record,0.5070037707543295,higher -> less likely,1.0
y_injury,vehicle__ACC_TYPE=82,vehicle.ACC_TYPE = K82-Trafficway Vehicle Turning-Turn Into Path-Turn Into Opposite Directions (Turning Left) (count),crash_record,0.5069598142725594,higher -> more likely,0.043284142071035515
y_injury,vehicle__ACC_TYPE=83,vehicle.ACC_TYPE = K83-Trafficway Vehicle Turning-Turn Into Path-Turn Into Opposite Directions (Going Straight) (count),crash_record,0.5069598142725594,higher -> more likely,0.043284142071035515
y_injury,vpicdecode__ENGINETURBOID=2.0,vpicdecode.ENGINETURBOID = 2 (count),crash_record,0.5069595211665504,higher -> less likely,0.09702976488244122
y_injury,person__MAKE=49.0,person.MAKE = 49 (count),crash_record,0.5069518618685243,higher -> less likely,0.18928214107053526
y_injury,vehicle__ACC_TYPE=29,"vehicle.ACC_TYPE = D29-Same Trafficway, Same Direction-Rear End-Decelerating (Slowing), Going Straight (count)",crash_record,0.5069013400162433,higher -> less likely,0.044347173586793395
y_injury,pbtype__MOTDIR=1,pbtype.MOTDIR = Northbound (count),crash_record,0.5068762394192468,higher -> more likely,0.007309904952476238
y_injury,parkwork__PGVWR_TO=11,"parkwork.PGVWR_TO = Class 1: 6,000 lbs. or less (2,722 kg or less) (count)",crash_record,0.5068684808231216,higher -> less likely,0.02133566783391696
y_injury,vehicle__VSPD_LIM__max,vehicle.VSPD_LIM__max,crash_record,0.5066473415234116,higher -> more likely,0.9848174087043522
y_injury,distract__DRDISTRACT=99,distract.DRDISTRACT = Reported as Unknown if Distracted (count),crash_record,0.5066234219065718,higher -> more likely,0.08569284642321161
y_injury,pbtype__MOTDIR=3,pbtype.MOTDIR = Southbound (count),crash_record,0.5066182639786805,higher -> more likely,0.007116058029014508
y_injury,vpicdecode__TRANSMISSIONSPEEDS__min,vpicdecode.TRANSMISSIONSPEEDS__min,crash_record,0.5066101669055574,higher -> less likely,1.0
y_injury,pbtype__MOTDIR=4,pbtype.MOTDIR = Westbound (count),crash_record,0.506578450778773,higher -> more likely,0.007047273636818409
y_injury,person__EMER_USE=0.0,person.EMER_USE = 0 (count),crash_record,0.5064586504090399,higher -> less likely,0.9956915957978989
y_injury,vehicle__MAKE=7,vehicle.MAKE = Dodge (count),crash_record,0.5064034858800308,higher -> less likely,0.09450350175087543
y_injury,violatn__VIOLATION=11,violatn.VIOLATION = Driving while intoxicated (alcohol or drugs) or BAC above limit (any detectable BAC for CDLs) (count),crash_record,0.5063939761835176,higher -> more likely,0.02469984992496248
y_injury,vpicdecode__HEADLAMPLIGHTSOURCEID=3.0,vpicdecode.HEADLAMPLIGHTSOURCEID = 3 (count),crash_record,0.50626762857597,higher -> less likely,0.08182841420710356
y_injury,vehicle__VPICBODYCLASS=11,vehicle.VPICBODYCLASS = Truck (count),crash_record,0.506264112402813,higher -> less likely,0.019128314157078538
y_injury,vehicle__DEFORMED=7,"vehicle.DEFORMED = Damage Reported, Extent Unknown (count)",post_crash,0.5062553426930022,higher -> less likely,0.07444347173586793
y_injury,pbtype__MOTDIR=2,pbtype.MOTDIR = Eastbound (count),crash_record,0.5062359854509499,higher -> more likely,0.006697098549274637
y_injury,person__VPICBODYCLASS=11.0,person.VPICBODYCLASS = 11 (count),crash_record,0.5062268701994542,higher -> less likely,0.01921585792896448
y_injury,cevent__SOE=30,cevent.SOE = Utility Pole/Light Support (count),crash_record,0.5061359127483515,higher -> more likely,0.028176588294147074
y_injury,vevent__SOE=30,vevent.SOE = Utility Pole/Light Support (count),crash_record,0.5061359127483515,higher -> more likely,0.028176588294147074
y_injury,vsoe__SOE=30,vsoe.SOE = Utility Pole/Light Support (count),crash_record,0.5061359127483515,higher -> more likely,0.028176588294147074
y_injury,person__MAKE=7.0,person.MAKE = 7 (count),crash_record,0.5061147671985601,higher -> less likely,0.0946848424212106
y_injury,violatn__VIOLATION=72,violatn.VIOLATION = Other driver license violations (count),crash_record,0.5061003524899458,higher -> more likely,0.041552026013006504
y_injury,vpicdecode__SEATSCOUNT__min,vpicdecode.SEATSCOUNT__min,crash_record,0.5060566187028057,higher -> less likely,1.0
y_injury,vpicdecode__SEATSCOUNT__max,vpicdecode.SEATSCOUNT__max,crash_record,0.5059741353436159,higher -> less likely,1.0
y_injury,vehicle__VTRAFWAY=8,vehicle.VTRAFWAY = Not Reported (count),crash_record,0.5059723485273109,higher -> less likely,0.16666458229114559
y_injury,vpicdecode__BLINDSPOTWARNINGID=3.0,vpicdecode.BLINDSPOTWARNINGID = 3 (count),crash_record,0.5059719883067765,higher -> less likely,0.10257628814407203
y_injury,vpicdecode__TRUCKBODYCABTYPEID=2.0,vpicdecode.TRUCKBODYCABTYPEID = 2 (count),crash_record,0.5059542949554774,higher -> less likely,0.079152076038019
y_injury,vehicle__VTCONT_F=8,vehicle.VTCONT_F = Not Reported (count),crash_record,0.5059528733049876,higher -> more likely,0.1744497248624312
y_injury,vehicle__CARGO_BT=1,vehicle.CARGO_BT = Van/Enclosed Box (count),crash_record,0.5059486863790597,higher -> less likely,0.022048524262131067
y_injury,vehicle__VTRAFCON=97,vehicle.VTRAFCON = Not Reported (count),crash_record,0.5059160890503316,higher -> more likely,0.1743871935967984
y_injury,pbtype__PEDLOC=2,pbtype.PEDLOC = Intersection-Related (count),crash_record,0.5059075109505284,higher -> more likely,0.006321910955477739
y_injury,maneuver__MANEUVER=5,"maneuver.MANEUVER = Pedestrian, Pedalcyclist or Other Non-Motorist (count)",crash_record,0.5058821451137878,higher -> more likely,0.0070410205102551275
y_injury,vpicdecode__WHEELSCOUNT__min,vpicdecode.WHEELSCOUNT__min,crash_record,0.505857098286908,higher -> less likely,1.0
y_injury,vehicle__BODY_TYP=9,vehicle.BODY_TYP = Other or Unknown automobile type (count),crash_record,0.5058186297324032,higher -> more likely,0.053295397698849424
y_injury,person__BODY_TYP=9.0,person.BODY_TYP = 9 (count),crash_record,0.5058145610222358,higher -> more likely,0.05336418209104552
y_injury,vehicle__VTRAFWAY=0,vehicle.VTRAFWAY = Non-Trafficway or Driveway Access (count),crash_record,0.5057778351689914,higher -> less likely,0.04379689844922461
y_injury,vehicle__VNUM_LAN=0,vehicle.VNUM_LAN = Non-Trafficway or Driveway Access (count),crash_record,0.5057778351689914,higher -> less likely,0.04379689844922461
y_injury,vehicle__VALIGN=0,vehicle.VALIGN = Non-Trafficway or Driveway Access (count),crash_record,0.5057778351689914,higher -> less likely,0.04379689844922461
y_injury,vehicle__VPROFILE=0,vehicle.VPROFILE = Non-Trafficway or Driveway Access (count),crash_record,0.5057778351689914,higher -> less likely,0.04379689844922461
y_injury,vehicle__VSURCOND=0,vehicle.VSURCOND = Non-Trafficway or Driveway Access (count),crash_record,0.5057778351689914,higher -> less likely,0.04379689844922461
y_injury,nmcrash__NMCC=9,nmcrash.NMCC = Wrong-Way Riding or Walking (count),crash_record,0.5057747975106259,higher -> more likely,0.006234367183591796
y_injury,drimpair__DRIMPAIR=1,"drimpair.DRIMPAIR = Ill, Blackout (count)",crash_record,0.5057702176311143,higher -> more likely,0.009786143071535768
y_injury,person__LOCATION=2,person.LOCATION = At Intersection - In Unmarked / Unknown if Marked Crosswalk (count),crash_record,0.5057668450280941,higher -> more likely,0.006159329664832416
y_injury,vehicle__BODY_TYP=15,"vehicle.BODY_TYP = Large utility (ANSI D16.1 Utility Vehicle Categories and ""Full Size"" and ""Large"") (count)",crash_record,0.5057222855360507,higher -> less likely,0.08813156578289144
y_injury,vehicle__VTRAFWAY=3,"vehicle.VTRAFWAY = Two-Way,  Divided, Positive  Median Barrier (count)",crash_record,0.5056780569853394,higher -> less likely,0.16037393696848423
y_injury,vehicle__VNUM_LAN=5,vehicle.VNUM_LAN = Five lanes (count),crash_record,0.5056392118045273,higher -> more likely,0.08626813406703351
y_injury,vehicle__PCRASH1_IM=10,vehicle.PCRASH1_IM = Turning Right (count),crash_record,0.5056372257640522,higher -> less likely,0.06675212606303152
y_injury,weather__WEATHER=2.0,weather.WEATHER = Rain (count),crash_record,0.5055991430199477,higher -> less likely,0.05248249124562281
y_injury,vehicle__VTRAFWAY=7,"vehicle.VTRAFWAY = Two-Way Divided, Unknown if Unprotected Median or Positive Median Barrier (count)",crash_record,0.5055405468585346,higher -> less likely,0.028570535267633815
y_injury,vpicdecode__ADAPTIVEDRIVINGBEAMID=1.0,vpicdecode.ADAPTIVEDRIVINGBEAMID = 1 (count),crash_record,0.5055384571241552,higher -> less likely,0.09242746373186593
y_injury,person__BODY_TYP=15.0,person.BODY_TYP = 15 (count),crash_record,0.5055346265724323,higher -> less likely,0.0882503751875938
y_injury,weather__WEATHER=10.0,weather.WEATHER = Cloudy (count),crash_record,0.5055338954558367,higher -> less likely,0.08967608804402201
y_injury,person__VPICBODYCLASS=13.0,person.VPICBODYCLASS = 13 (count),crash_record,0.505514315283665,higher -> less likely,0.48706228114057026
y_injury,person__AIR_BAG=2,"person.AIR_BAG = Deployed- Side (door, seatback) (count)",crash_record,0.505466845925592,higher -> more likely,0.013694347173586793
y_injury,vpicdecode__BODYCLASSID=11.0,vpicdecode.BODYCLASSID = 11 (count),crash_record,0.5054668187657958,higher -> less likely,0.01760255127563782
y_injury,vehicle__VTRAFCON=2,vehicle.VTRAFCON = Traffic control signal (on colors) with Pedestrian Signal (count),crash_record,0.5054331512155019,higher -> more likely,0.012825162581290645
y_injury,person__ROLLOVER=9.0,person.ROLLOVER = 9 (count),crash_record,0.5054071128205703,higher -> more likely,0.009836168084042021
y_injury,vehicle__ROLLOVER=9,vehicle.ROLLOVER = 9 (count),crash_record,0.5054033846283105,higher -> more likely,0.009836168084042021
y_injury,vpicdecode__WHEELSCOUNT__max,vpicdecode.WHEELSCOUNT__max,crash_record,0.5053881928826358,higher -> less likely,1.0
y_injury,vehicle__V_CONFIG=99,vehicle.V_CONFIG = Unknown (count),crash_record,0.5053693725567863,higher -> less likely,0.03961980990495247
y_injury,crashrf__CRASHRF=0,crashrf.CRASHRF = None Noted (count),crash_record,0.5053624201199308,higher -> less likely,0.9547211105552776
y_injury,vpicdecode__FUELDELIVERYINJECTIONTYPEID=3.0,vpicdecode.FUELDELIVERYINJECTIONTYPEID = 3 (count),crash_record,0.5053502882471372,higher -> less likely,0.20833541770885441
y_injury,person__DEVMOTOR=3.0,person.DEVMOTOR = 3 (count),crash_record,0.505342317474916,higher -> more likely,0.005815407703851926
y_injury,nmcrash__NMCC=3,"nmcrash.NMCC = Failure to Obey Traffic Signs, Signals or Officer (count)",crash_record,0.5052863808541274,higher -> more likely,0.0057028514257128566
y_injury,vpicdecode__LANEDEPARTUREWARNINGID=3.0,vpicdecode.LANEDEPARTUREWARNINGID = 3 (count),crash_record,0.5052025033967266,higher -> less likely,0.07647573786893447
y_injury,acc__RELJCT1_IM,accident.RELJCT1_IM,crash_record,0.5051329000606712,higher -> more likely,1.0
y_injury,maneuver__MANEUVER=4,maneuver.MANEUVER = Contact Motor Vehicle (In this crash) (count),crash_record,0.5051269172128416,higher -> more likely,0.06972861430715357
y_injury,vehicle__CARGO_BT=99,vehicle.CARGO_BT = Unknown (count),crash_record,0.5051092748842814,higher -> less likely,0.03885692846423212
y_injury,person__DEVMOTOR=1.0,person.DEVMOTOR = 1 (count),crash_record,0.5050978778174197,higher -> more likely,0.005502751375687844
y_injury,vpicdecode__DESTINATIONMARKETID=6.0,vpicdecode.DESTINATIONMARKETID = 6 (count),crash_record,0.505065623047509,higher -> more likely,0.005721610805402701
y_injury,vehicle__SPEEDREL=5,"vehicle.SPEEDREL = Yes, Specifics Unknown (count)",crash_record,0.5050426365188132,higher -> more likely,0.014288394197098549
y_injury,vpicdecode__GROSSVEHICLEWEIGHTRATINGFROMID=17.0,vpicdecode.GROSSVEHICLEWEIGHTRATINGFROMID = 17 (count),crash_record,0.5050302602863499,higher -> less likely,0.03147823911955978
y_injury,pbtype__MOTMAN=2,pbtype.MOTMAN = Right Turn (count),crash_record,0.5050286342309196,higher -> more likely,0.005402701350675338
y_injury,pbtype__BIKECGP=190,pbtype.BIKECGP = Crossing Paths - Other Circumstances (count),crash_record,0.5049828450908762,higher -> more likely,0.005433966983491746
y_injury,cevent__SOE=34,cevent.SOE = Ditch (count),crash_record,0.5049126480071369,higher -> more likely,0.027301150575287644
y_injury,vevent__SOE=34,vevent.SOE = Ditch (count),crash_record,0.5049126480071369,higher -> more likely,0.027301150575287644
y_injury,vsoe__SOE=34,vsoe.SOE = Ditch (count),crash_record,0.5049126480071369,higher -> more likely,0.027301150575287644
y_injury,vpicdecode__GROSSVEHICLEWEIGHTRATINGFROMID=4.0,vpicdecode.GROSSVEHICLEWEIGHTRATINGFROMID = 4 (count),crash_record,0.5048402750783347,higher -> less likely,0.01688344172086043
y_injury,vpicdecode__REARCROSSTRAFFICALERTID=1.0,vpicdecode.REARCROSSTRAFFICALERTID = 1 (count),crash_record,0.5048369972206153,higher -> less likely,0.04806153076538269
y_injury,violatn__VIOLATION=71,violatn.VIOLATION = Driving while license withdrawn (count),crash_record,0.5047885453215903,higher -> more likely,0.023768134067033517
y_injury,vehicle__TOWED=8,vehicle.TOWED = Not Reported (count),post_crash,0.5047636889272702,higher -> less likely,0.051588294147073534
y_injury,vpicdecode__FORWARDCOLLISIONWARNINGID=3.0,vpicdecode.FORWARDCOLLISIONWARNINGID = 3 (count),crash_record,0.5046749006490258,higher -> less likely,0.06698974487243622
y_injury,crashrf__CRASHRF=16,crashrf.CRASHRF = Non-occupant struck vehicle (count),crash_record,0.5046489985240544,higher -> more likely,0.005146323161580791
y_injury,person__IMPACT1=2.0,person.IMPACT1 = 2 (count),crash_record,0.5046458352712555,higher -> less likely,0.03330415207603802
y_injury,vehicle__GVWR_TO=13,"vehicle.GVWR_TO = Class 3: 10,001 - 14,000 lbs. (4,536 - 6,350 kg) (count)",crash_record,0.5046340700557108,higher -> less likely,0.014957478739369685
y_injury,vehicle__MAKE=99,vehicle.MAKE = Unknown Make (count),crash_record,0.5046264100512159,higher -> less likely,0.04733616808404202
y_injury,vpicdecode__ADAPTIVECRUISECONTROLID=3.0,vpicdecode.ADAPTIVECRUISECONTROLID = 3 (count),crash_record,0.5046202757835978,higher -> less likely,0.06894072036018009
y_injury,person__GVWR_TO=13.0,person.GVWR_TO = 13 (count),crash_record,0.5046165094420287,higher -> less likely,0.01498249124562281
y_injury,person__MAKE=99.0,person.MAKE = 99 (count),crash_record,0.5046066116587162,higher -> less likely,0.04739869934967484
y_injury,nmprior__NMACTION=8,"nmprior.NMACTION = In Roadway - Other (Working, Playing, Etc.) (count)",crash_record,0.5046044186229156,higher -> more likely,0.004952476238119059
y_injury,cevent__AOI2=1,cevent.AOI2 = 1 Clock Point (count),crash_record,0.5046036162314789,higher -> less likely,0.04339669834917459
y_injury,vevent__AOI2=1,vevent.AOI2 = 1 Clock Point (count),crash_record,0.5046036162314789,higher -> less likely,0.04339669834917459
y_injury,person__SEAT_IM=22,"person.SEAT_IM = Second Seat, Middle (count)",crash_record,0.5045937336764915,higher -> more likely,0.027382441220610305
y_injury,pbtype__PEDCGP=740,"pbtype.PEDCGP = Dash - Run, No Visual Obstruction Noted / Dart-Out - Visual Obstruction Noted (count)",crash_record,0.504588263803426,higher -> more likely,0.004908704352176088
y_injury,driverrf__DRIVERRF=36,"driverrf.DRIVERRF = Operating the Vehicle in an Erratic, Reckless or Negligent Manner. (count)",crash_record,0.5045679963157175,higher -> more likely,0.0340607803901951
y_injury,person__ICFINALBODY=0.0,person.ICFINALBODY = 0 (count),crash_record,0.5045487265187893,higher -> less likely,0.9966608304152076
y_injury,violatn__VIOLATION=61,violatn.VIOLATION = Unsafe or prohibited lane change (count),crash_record,0.5045218340817104,higher -> less likely,0.01814032016008004
y_injury,vehicle__IMPACT1_IM=2,vehicle.IMPACT1_IM = 2 Clock Point (count),crash_record,0.5044991120077933,higher -> less likely,0.03402951475737869
y_injury,parkwork__PGVWR_TO=12,"parkwork.PGVWR_TO = Class 2: 6,001 - 10,000 lbs. (2,722 - 4,536 kg) (count)",crash_record,0.504473249366572,higher -> less likely,0.01692096048024012
y_injury,person__IMPACT1=10.0,person.IMPACT1 = 10 (count),crash_record,0.5044727936942682,higher -> less likely,0.03498624312156078
y_injury,vehicle__BDYTYP_IM=34.0,vehicle.BDYTYP_IM = 34 (count),crash_record,0.5044666473381858,higher -> less likely,0.07127938969484743
y_injury,person__SPEC_USE=99.0,person.SPEC_USE = 99 (count),crash_record,0.5044611430051477,higher -> less likely,0.01802776388194097
y_injury,parkwork__PBODYTYP=4,"parkwork.PBODYTYP = 4-door sedan, hardtop (count)",crash_record,0.504447164187714,higher -> less likely,0.013187843921960981
y_injury,vehicle__SPEC_USE=99,vehicle.SPEC_USE = Reported as Unknown (count),crash_record,0.504445288513347,higher -> less likely,0.018034017008504252
y_injury,parkwork__PVPICBODYCLASS=13,parkwork.PVPICBODYCLASS = Sedan/Saloon (count),crash_record,0.5044237463206356,higher -> less likely,0.014182091045522762
y_injury,vehicle__CARGO_BT=97,vehicle.CARGO_BT = Other (count),crash_record,0.5044237151575169,higher -> less likely,0.014913706853426714
y_injury,pbtype__PEDCGP=400,pbtype.PEDCGP = Walking/Running Along Roadway (count),crash_record,0.5043812487752031,higher -> more likely,0.004702351175587794
y_injury,pbtype__PEDCGP=100,pbtype.PEDCGP = Unusual Circumstances (count),crash_record,0.5043687198670068,higher -> more likely,0.004702351175587794
y_injury,nmcrash__NMCC=6,"nmcrash.NMCC = Inattentive (Talking, Eating, Etc.) (count)",crash_record,0.5043451216149236,higher -> more likely,0.004677338669334667
y_injury,pbtype__PEDCTYPE=770,pbtype.PEDCTYPE = Motorist Failed to Yield (count),crash_record,0.5043128319925575,higher -> more likely,0.004589794897448724
y_injury,weather__WEATHER=1.0,weather.WEATHER = Clear (count),crash_record,0.5042799355135884,higher -> more likely,0.4926463231615808
y_injury,parkwork__PMODYEAR__min,parkwork.PMODYEAR__min,crash_record,0.5042737064221727,higher -> less likely,1.0
y_injury,pbtype__PEDDIR=1,pbtype.PEDDIR = Northbound (count),crash_record,0.5042464791974323,higher -> more likely,0.004546023011505753
y_injury,vpicdecode__LANEKEEPINGASSISTANCEID=5.0,vpicdecode.LANEKEEPINGASSISTANCEID = 5 (count),crash_record,0.5042393138780121,higher -> less likely,0.06782766383191596
y_injury,vehicle__IMPACT1_IM=10,vehicle.IMPACT1_IM = 10 Clock Point (count),crash_record,0.504226976108844,higher -> less likely,0.03544272136068034
y_injury,pbtype__PEDDIR=3,pbtype.PEDDIR = Southbound (count),crash_record,0.5042236721902796,higher -> more likely,0.004508504252126063
y_injury,person__GVWR_TO=98.0,person.GVWR_TO = 98 (count),crash_record,0.5042012539763951,higher -> less likely,0.033379189594797395
y_injury,person__GVWR_FROM=98.0,person.GVWR_FROM = 98 (count),crash_record,0.5041894972384748,higher -> less likely,0.03339169584792396
y_injury,vehicle__GVWR_TO=98,vehicle.GVWR_TO = Not Reported (count),crash_record,0.5041820450927672,higher -> less likely,0.03326038019009505
y_injury,vehicle__GVWR_FROM=98,vehicle.GVWR_FROM = Not Reported (count),crash_record,0.5041702671607864,higher -> less likely,0.033272886443221614
y_injury,pbtype__PEDDIR=4,pbtype.PEDDIR = Westbound (count),crash_record,0.5041403491538061,higher -> more likely,0.004433466733366683
y_injury,pbtype__PEDDIR=2,pbtype.PEDDIR = Eastbound (count),crash_record,0.5041352805549554,higher -> more likely,0.004414707353676838
y_injury,nmimpair__NMIMPAIR=99,nmimpair.NMIMPAIR = Reported as Unknown if Impaired (count),crash_record,0.5041027457879546,higher -> more likely,0.004433466733366683
y_injury,pbtype__PEDCGP=990,pbtype.PEDCGP = Other / Unknown - Insufficient Details (count),crash_record,0.5040822424966972,higher -> more likely,0.004358429214607304
y_injury,violatn__VIOLATION=76,violatn.VIOLATION = Driving uninsured vehicle (count),crash_record,0.5040570612837737,higher -> more likely,0.02363056528264132
y_injury,vehicle__BUS_USE=99,vehicle.BUS_USE = Reported as Unknown (count),crash_record,0.5040382022591394,higher -> less likely,0.031772136068034015
y_injury,vehicle__VTRAFCON=21,vehicle.VTRAFCON = Yield Sign (count),crash_record,0.504032839690818,higher -> less likely,0.01162456228114057
y_injury,vsoe__AOI=10,vsoe.AOI = 10 Clock Point (count),crash_record,0.5039778983274177,higher -> less likely,0.030377688844422213
y_injury,nmcrash__NMCC=11,"nmcrash.NMCC = Dash - Run, No Visual Obstruction Noted (count)",crash_record,0.5039510636637782,higher -> more likely,0.004245872936468234
y_injury,vpicdecode__AIRBAGLOCSEATCUSHIONID=2.0,vpicdecode.AIRBAGLOCSEATCUSHIONID = 2 (count),crash_record,0.5039493342284298,higher -> less likely,0.058360430215107555
y_injury,vehicle__P_CRASH3=16,vehicle.P_CRASH3 = Braking (count),crash_record,0.5039099285824586,higher -> more likely,0.05045647823911956
y_injury,vpicdecode__PLANTCOUNTRYID=30.0,vpicdecode.PLANTCOUNTRYID = 30 (count),crash_record,0.5039000073286865,higher -> more likely,0.006203101550775388
y_injury,vehicle__MAKE=23,vehicle.MAKE = GMC (count),crash_record,0.503888491104106,higher -> less likely,0.044947473736868436
y_injury,vehicle__VSURCOND=3,vehicle.VSURCOND = Snow (count),crash_record,0.5038731643444154,higher -> less likely,0.01036768384192096
y_injury,vehicle__PCRASH4=2,vehicle.PCRASH4 = Skidding longitudinally  rotation less than 30 degrees (count),crash_record,0.5038590909386742,higher -> more likely,0.034586043021510755
y_injury,person__MAKE=23.0,person.MAKE = 23 (count),crash_record,0.5038005244489459,higher -> less likely,0.04501000500250125
y_injury,vpicdecode__SEATROWSCOUNT__max,vpicdecode.SEATROWSCOUNT__max,crash_record,0.5037849398281842,higher -> less likely,1.0
y_injury,violatn__VIOLATION=58,violatn.VIOLATION = Following too closely (count),crash_record,0.5037585438815999,higher -> less likely,0.04727988994497249
y_injury,pbtype__PEDSNR=99,pbtype.PEDSNR = Unknown/Insufficient Information (count),crash_record,0.5037476468375763,higher -> more likely,0.004083291645822912
y_injury,vehicle__VNUM_LAN=3,vehicle.VNUM_LAN = Three lanes (count),crash_record,0.503665232398332,higher -> more likely,0.13994497248624313
y_injury,vehicle__GVWR_FROM=17,"vehicle.GVWR_FROM = Class 7: 26,001 - 33,000 lbs. (11,794 - 14,969 kg) (count)",crash_record,0.5036595423425255,higher -> less likely,0.009823661830915457
y_injury,person__GVWR_FROM=17.0,person.GVWR_FROM = 17 (count),crash_record,0.5036462357692967,higher -> less likely,0.009886193096548274
y_injury,vpicdecode__TRANSMISSIONSTYLEID=7.0,vpicdecode.TRANSMISSIONSTYLEID = 7 (count),crash_record,0.5036277021912381,higher -> less likely,0.11192471235617808
y_injury,person__AIR_BAG=98,person.AIR_BAG = Not Reported (count),crash_record,0.5036261857169508,higher -> less likely,0.08219734867433717
y_injury,vpicdecode__SEATROWSCOUNT__min,vpicdecode.SEATROWSCOUNT__min,crash_record,0.503587509774638,higher -> less likely,1.0
y_injury,driverrf__DRIVERRF=51,driverrf.DRIVERRF = Driving on Wrong Side of Two-Way Trafficway (Intentional or Unintentional) (count),crash_record,0.5035278549306476,higher -> more likely,0.00735367683841921
y_injury,driverrf__DRIVERRF=58,driverrf.DRIVERRF = Overcorrecting (count),crash_record,0.503484181821318,higher -> more likely,0.012368684342171086
y_injury,vpicdecode__DESTINATIONMARKETID=3.0,vpicdecode.DESTINATIONMARKETID = 3 (count),crash_record,0.5034581176010309,higher -> more likely,0.003789394697348674
y_injury,weather__WEATHER=4.0,weather.WEATHER = Snow (count),crash_record,0.5034460701119973,higher -> less likely,0.009823661830915457
y_injury,cevent__AOI2=10,cevent.AOI2 = 10 Clock Point (count),crash_record,0.5034396245271773,higher -> less likely,0.02488119059529765
y_injury,vevent__AOI2=10,vevent.AOI2 = 10 Clock Point (count),crash_record,0.5034396245271773,higher -> less likely,0.02488119059529765
y_injury,drimpair__DRIMPAIR=2,drimpair.DRIMPAIR = Asleep or Fatigued (count),crash_record,0.503423192614969,higher -> more likely,0.015101300650325163
y_injury,pbtype__PEDSNR=11b,"pbtype.PEDSNR = Motorist turning left - Crash Occurred on Far Side of Intersection / Pedestrian within crosswalk area, approach direction opposite motoristâs (count)",crash_record,0.5033817543015893,higher -> more likely,0.0036018009004502253
y_injury,vpicdecode__AIRBAGLOCCURTAINID=3.0,vpicdecode.AIRBAGLOCCURTAINID = 3 (count),crash_record,0.503359496770083,higher -> less likely,0.08387943971985994
y_injury,vehicle__BDYTYP_IM=66.0,vehicle.BDYTYP_IM = 66 (count),crash_record,0.5033574545260988,higher -> less likely,0.011743371685842921
y_injury,vehicle__MAKE=55,vehicle.MAKE = Hyundai (count),crash_record,0.5033219981185904,higher -> less likely,0.06966608304152076
y_injury,pbtype__PEDCTYPE=741,"pbtype.PEDCTYPE = Dash - Run, No Visual Obstruction Noted (count)",crash_record,0.5033153979741206,higher -> more likely,0.003558029014507254
y_injury,vpicdecode__DESTINATIONMARKETID=2.0,vpicdecode.DESTINATIONMARKETID = 2 (count),crash_record,0.5032834202184321,higher -> more likely,0.003976988494247123
y_injury,vehicle__VALIGN=8,vehicle.VALIGN = Not Reported (count),crash_record,0.5032820590887596,higher -> more likely,0.04141445722861431
y_injury,vpicdecode__BODYCLASSID=95.0,vpicdecode.BODYCLASSID = 95 (count),crash_record,0.5032682198381401,higher -> less likely,0.02176088044022011
y_injury,vehicle__VALIGN=2,vehicle.VALIGN = Curve - Right (count),crash_record,0.5032647788646503,higher -> more likely,0.04915582791395698
y_injury,vpicdecode__PLANTCOUNTRYID=8.0,vpicdecode.PLANTCOUNTRYID = 8 (count),crash_record,0.5032451087354657,higher -> more likely,0.005521510755377689
y_injury,nmcrash__NMCC=4,"nmcrash.NMCC = In Roadway Improperly (Standing, Lying, Working, Playing, etc.) (count)",crash_record,0.5032380307826732,higher -> more likely,0.0034892446223111556
y_injury,person__MAKE=55.0,person.MAKE = 55 (count),crash_record,0.5032193249047512,higher -> less likely,0.06970360180090045
y_injury,person__VPICBODYCLASS=95.0,person.VPICBODYCLASS = 95 (count),crash_record,0.5032121889430298,higher -> less likely,0.01805902951475738
y_injury,vehicle__DEFORMED=8,vehicle.DEFORMED = Not Reported (count),post_crash,0.5031773632550667,higher -> less likely,0.16201850925462732
y_injury,vehicle__VPICBODYCLASS=95,vehicle.VPICBODYCLASS = Cargo Van (count),crash_record,0.5031675276409988,higher -> less likely,0.017965232616308155
y_injury,vpicdecode__ENTERTAINMENTSYSTEMID=2.0,vpicdecode.ENTERTAINMENTSYSTEMID = 2 (count),crash_record,0.5031483967044161,higher -> less likely,0.03608679339669835
y_injury,pbtype__BIKEDIR=3,pbtype.BIKEDIR = Not applicable (count),crash_record,0.5030804480750211,higher -> more likely,0.0032953976988494248
y_injury,vpicdecode__PLANTCOUNTRYID=15.0,vpicdecode.PLANTCOUNTRYID = 15 (count),crash_record,0.5030761912086931,higher -> less likely,0.07873936968484242
y_injury,factor__VEHICLECC=99,factor.VEHICLECC = Reported as Unknown (count),crash_record,0.5030519349987719,higher -> less likely,0.056609554777388695
y_injury,vpicdecode__CRASHIMMINENTBRAKINGID=3.0,vpicdecode.CRASHIMMINENTBRAKINGID = 3 (count),crash_record,0.5030496039660873,higher -> less likely,0.045472736368184094
y_injury,pbtype__BIKECGP=230,pbtype.BIKECGP = Motorist Overtaking Bicyclist (count),crash_record,0.503039199409236,higher -> more likely,0.0032516258129064533
y_injury,vpicdecode__ENGINECOOLINGTYPEID=2.0,vpicdecode.ENGINECOOLINGTYPEID = 2 (count),crash_record,0.5030325727329421,higher -> less likely,0.18543646823411705
y_injury,person__REST_USE=2,person.REST_USE = Lap Belt Only Used (count),crash_record,0.5030260575217078,higher -> more likely,0.01288144072036018
y_injury,vpicdecode__GROSSVEHICLEWEIGHTRATINGFROMID=8.0,vpicdecode.GROSSVEHICLEWEIGHTRATINGFROMID = 8 (count),crash_record,0.5029915067285611,higher -> less likely,0.00834792396198099
y_injury,vpicdecode__TRUCKBODYCABTYPEID=3.0,vpicdecode.TRUCKBODYCABTYPEID = 3 (count),crash_record,0.5029502884409294,higher -> less likely,0.021779639819909956
y_injury,pbtype__BIKECGP=210,pbtype.BIKECGP = Motorist Left Turn / Merge (count),crash_record,0.5029264667092512,higher -> more likely,0.0031453226613306655
y_injury,pbtype__PEDLEG=9,pbtype.PEDLEG = Unknown/None of the Above (count),crash_record,0.5028939404983711,higher -> more likely,0.0031640820410205103
y_injury,person__ATST_TYP=95,person.ATST_TYP = Not Reported (count),post_crash,0.5028823986054286,higher -> more likely,0.2521135567783892
y_injury,weather__WEATHERCODE=2.0,weather.WEATHERCODE = 2 (count),crash_record,0.5028794596171898,higher -> less likely,0.030765382691345673
y_injury,nmimpair__NMIMPAIR=9,"nmimpair.NMIMPAIR = Under the Influence of Alcohol, Drugs or Medication (count)",crash_record,0.50286241111481,higher -> more likely,0.003064032016008004
y_injury,nmprior__NMACTION=6,nmprior.NMACTION = Movement Along Roadway Against Traffic (In or Adjacent to Travel Lane) (count),crash_record,0.5028557527259218,higher -> more likely,0.003070285142571286
y_injury,vpicdecode__FUELDELIVERYINJECTIONTYPEID=4.0,vpicdecode.FUELDELIVERYINJECTIONTYPEID = 4 (count),crash_record,0.5028458125544879,higher -> less likely,0.08701850925462731
y_injury,vpicdecode__ADAPTIVEDRIVINGBEAMID=3.0,vpicdecode.ADAPTIVEDRIVINGBEAMID = 3 (count),crash_record,0.5028281254044141,higher -> less likely,0.04645447723861931
y_injury,vehicle__BODY_TYP=6,vehicle.BODY_TYP = Station Wagon (excluding van and truck based) (count),crash_record,0.5028269945835341,higher -> less likely,0.07636943471735869
y_injury,vehicle__MAKE=2,vehicle.MAKE = Jeep / Kaiser-Jeep / Willys- Jeep (count),crash_record,0.502826402484277,higher -> less likely,0.05992996498249124
y_injury,vpicdecode__PRETENSIONERID=1.0,vpicdecode.PRETENSIONERID = 1 (count),crash_record,0.502822957428968,higher -> less likely,0.07535017508754377
y_injury,cevent__AOI2=11,cevent.AOI2 = 11 Clock Point (count),crash_record,0.5028047598160188,higher -> less likely,0.05340170085042521
y_injury,vevent__AOI2=11,vevent.AOI2 = 11 Clock Point (count),crash_record,0.5028047598160188,higher -> less likely,0.05340170085042521
y_injury,vpicdecode__AIRBAGLOCSIDEID=5.0,vpicdecode.AIRBAGLOCSIDEID = 5 (count),crash_record,0.5027968814342028,higher -> less likely,0.02287393696848424
y_injury,vehicle__VSURCOND=4,vehicle.VSURCOND = Ice/Frost (count),crash_record,0.5027762971345359,higher -> less likely,0.007828914457228614
y_injury,vehicle__GVWR_TO=17,"vehicle.GVWR_TO = Class 7: 26,001 - 33,000 lbs. (11,794 - 14,969 kg) (count)",crash_record,0.5027715506069104,higher -> less likely,0.006809654827413707
y_injury,person__MAKE=2.0,person.MAKE = 2 (count),crash_record,0.5027704522835902,higher -> less likely,0.06003626813406703
y_injury,pbtype__BIKECGP=158,pbtype.BIKECGP = Bicyclist Failed to Yield - Signalized Intersection (count),crash_record,0.5027686479625608,higher -> more likely,0.0030577788894447224
y_injury,person__GVWR_TO=17.0,person.GVWR_TO = 17 (count),crash_record,0.5027676271938032,higher -> less likely,0.006878439219609805
y_injury,vehicle__VPROFILE=6,vehicle.VPROFILE = Downhill (count),crash_record,0.5027550886305348,higher -> more likely,0.0262256128064032
y_injury,person__SPEC_USE=0.0,person.SPEC_USE = 0 (count),crash_record,0.5027548511000626,higher -> less likely,0.9850237618809404
y_injury,person__REST_MIS=1,"person.REST_MIS = Yes, Indication of Misuse (count)",crash_record,0.5027510816186328,higher -> more likely,0.02184217108554277
y_injury,vehicle__CARGO_BT=22,vehicle.CARGO_BT = Bus (count),crash_record,0.5027255782559874,higher -> less likely,0.0076975987993997
y_injury,pbtype__PEDPOS=1,pbtype.PEDPOS = Intersection Area (count),crash_record,0.5027120240262353,higher -> more likely,0.002957728864432216
y_injury,vpicdecode__WHEELBASETYPEID=1.0,vpicdecode.WHEELBASETYPEID = 1 (count),crash_record,0.5027064049312835,higher -> less likely,0.02366183091545773
y_injury,pbtype__BIKECGP=140,pbtype.BIKECGP = Motorist Failed to Yield - Sign-Controlled Intersection (count),crash_record,0.5027025363872444,higher -> more likely,0.002907703851925963
y_injury,vehicle__VSPD_LIM__min,vehicle.VSPD_LIM__min,crash_record,0.5026972122822183,higher -> more likely,0.9559717358679339
y_injury,vehicle__VTRAFWAY=6,vehicle.VTRAFWAY = Entrance/Exit Ramp (count),crash_record,0.5026801550667246,higher -> less likely,0.027076038019009506
y_injury,person__ATST_TYP=98,person.ATST_TYP = Unknown Test Type (count),post_crash,0.5026667154418929,higher -> more likely,0.016864682341170584
y_injury,vehicle__P_CRASH3=6,vehicle.P_CRASH3 = Steering left (count),crash_record,0.5026591274972041,higher -> more likely,0.02477488744372186
y_injury,person__ICFINALBODY=11.0,person.ICFINALBODY = 11 (count),crash_record,0.5026469705840202,higher -> less likely,0.008591795897948975
y_injury,pbtype__BIKELOC=2,pbtype.BIKELOC = Intersection-Related (count),crash_record,0.5026448986683514,higher -> more likely,0.002926463231615808
y_injury,vehicle__ICFINALBODY=11,vehicle.ICFINALBODY = Truck (count),crash_record,0.5026030140237538,higher -> less likely,0.008560530265132565
y_injury,vpicdecode__AIRBAGLOCCURTAINID=5.0,vpicdecode.AIRBAGLOCCURTAINID = 5 (count),crash_record,0.5025938959463834,higher -> less likely,0.0360367683841921
y_injury,person__BODY_TYP=6.0,person.BODY_TYP = 6 (count),crash_record,0.502577320228549,higher -> less likely,0.0765007503751876
y_injury,person__ALC_STATUS=8,person.ALC_STATUS = Not Reported (count),post_crash,0.5025428786240626,higher -> more likely,0.2514007003501751
y_injury,person__ALC_RES=995,person.ALC_RES = Not Reported (count),post_crash,0.5025428786240626,higher -> more likely,0.2514007003501751
y_injury,vehicle__PCRASH1_IM=6,vehicle.PCRASH1_IM = Passing or Overtaking Another Vehicle (count),crash_record,0.502540565959564,higher -> less likely,0.018565532766383192
y_injury,vevent__AOI1=10,vevent.AOI1 = 10 Clock Point (count),crash_record,0.5025397060301775,higher -> less likely,0.015101300650325163
y_injury,violatn__VIOLATION=98,"violatn.VIOLATION = Other moving violation (coasting, backing, opening door) (count)",crash_record,0.502518367849924,higher -> less likely,0.024968734367183592
y_injury,nmcrash__NMCC=19,"nmcrash.NMCC = Not Visible (Dark clothing, No Lighting, etc.) (count)",crash_record,0.5025162643786536,higher -> more likely,0.002670085042521261
y_injury,person__REST_USE=4,person.REST_USE = Child Restraint Type Unknown (count),crash_record,0.5025142270799503,higher -> more likely,0.023686843421710856
y_injury,cevent__AOI1=10,cevent.AOI1 = 10 Clock Point (count),crash_record,0.5025004324153546,higher -> less likely,0.015101300650325163
y_injury,pbtype__PBSEX=8,pbtype.PBSEX = Not Reported (count),crash_record,0.5024673489576726,higher -> more likely,0.002751375687843922
y_injury,pbtype__PEDPOS=5,pbtype.PEDPOS = Sidewalk / Shared-Use Path / Driveway Access (count),crash_record,0.5024609346929644,higher -> more likely,0.0026513256628314156
y_injury,parkwork__PIMPACT1=7,parkwork.PIMPACT1 = 7 Clock Point (count),post_crash,0.5024428668347642,higher -> less likely,0.005652826413206603
y_injury,vehicle__V_CONFIG=21,"vehicle.V_CONFIG = Bus (seats for more than 15 occupants, including driver) (count)",crash_record,0.5024378986329638,higher -> less likely,0.00689719859929965
y_injury,vehicle__BDYTYP_IM=9.0,vehicle.BDYTYP_IM = 9 (count),crash_record,0.5024199314858,higher -> more likely,0.014075787893946973
y_injury,vehicle__V_CONFIG=88,"vehicle.V_CONFIG = Qualifying Vehicle, Unknown Configuration (count)",crash_record,0.5023744282300858,higher -> less likely,0.005246373186593297
y_injury,person__AIR_BAG=3,person.AIR_BAG = Deployed- Curtain (roof) (count),crash_record,0.5023204739604358,higher -> more likely,0.005671585792896448
y_injury,pbtype__PEDCTYPE=410,pbtype.PEDCTYPE = Walking/Running Along Roadway With Traffic - From Behind (count),crash_record,0.502309246838542,higher -> more likely,0.0024637318659329666
y_injury,pbtype__PEDPOS=4,pbtype.PEDPOS = Paved Shoulder / Bicycle Lane / Parking Lane (count),crash_record,0.5023084814189668,higher -> more likely,0.0024762381190595296
y_injury,parkwork__PVPICBODYCLASS=7,parkwork.PVPICBODYCLASS = Sport Utility Vehicle (SUV)/Multi-Purpose Vehicle (MPV) (count),crash_record,0.5022985700557561,higher -> less likely,0.010280140070035018
y_injury,vpicdecode__TOPSPEEDMPH__max,vpicdecode.TOPSPEEDMPH__max,crash_record,0.5022790555066758,higher -> more likely,1.0
y_injury,vehicle__PCRASH1_IM=16,vehicle.PCRASH1_IM = Merging (count),crash_record,0.5022615440318159,higher -> less likely,0.005552776388194097
y_injury,pbtype__BIKEPOS=2,pbtype.BIKEPOS = Bicycle Lane / Paved Shoulder / Parking Lane (count),crash_record,0.502257500597528,higher -> more likely,0.002488744372186093
y_injury,parkwork__PGVWR_FROM=12,"parkwork.PGVWR_FROM = Class 2: 6,001 - 10,000 lbs. (2,722 - 4,536 kg) (count)",crash_record,0.5022452472906165,higher -> less likely,0.008604302151075537
y_injury,pbtype__PEDCTYPE=680,pbtype.PEDCTYPE = Not At Intersection - Other / Unknown (count),crash_record,0.5022392985102772,higher -> more likely,0.0023761880940470236
y_injury,distract__DRDISTRACT=93,"distract.DRDISTRACT = Inattention (Inattentive), Details Unknown (count)",crash_record,0.5022242966476866,higher -> less likely,0.04956853426713357
y_injury,pbtype__PEDCTYPE=791,pbtype.PEDCTYPE = Motorist Right Turn - Parallel Paths (count),crash_record,0.502220822862651,higher -> more likely,0.0023699349674837417
y_injury,vehicle__VTRAFWAY=5,"vehicle.VTRAFWAY = Two-Way, Not Divided With a Continuous Left-Turn Lane (count)",crash_record,0.5021930398825426,higher -> more likely,0.049831165582791395
y_injury,pbtype__BIKEDIR=9,pbtype.BIKEDIR = Unknown (count),crash_record,0.5021903768095746,higher -> more likely,0.0024574787393696848
y_injury,parkwork__PHARM_EV=12,parkwork.PHARM_EV = Motor Vehicle In-Transport (count),crash_record,0.5021860717463827,higher -> more likely,0.0044772386193096545
y_injury,vehicle__V_CONFIG=4,vehicle.V_CONFIG = Truck Pulling Trailer(s) (count),crash_record,0.5021541386552146,higher -> less likely,0.0067721360680340174
y_injury,pbtype__BIKECGP=215,pbtype.BIKECGP = Motorist Right Turn / Merge (count),crash_record,0.5021191392544506,higher -> more likely,0.0022886443221610806
y_injury,parkwork__PVE_FORMS=2,parkwork.PVE_FORMS = 2 (count),crash_record,0.5021092391162427,higher -> more likely,0.004502251125562781
y_injury,pbtype__BIKECTYPE=212,pbtype.BIKECTYPE = Motorist Left Turn- Opposite Direction (count),crash_record,0.5021081212472885,higher -> more likely,0.002263631815907954
y_injury,vehicle__GVWR_FROM=16,"vehicle.GVWR_FROM = Class 6: 19,501 - 26,000 lbs. (8,845 - 11,794 kg) (count)",crash_record,0.5021069440349648,higher -> less likely,0.00682216108054027
y_injury,person__GVWR_FROM=16.0,person.GVWR_FROM = 16 (count),crash_record,0.5020988748281064,higher -> less likely,0.006815907953976988
y_injury,vehicle__GVWR_TO=16,"vehicle.GVWR_TO = Class 6: 19,501 - 26,000 lbs. (8,845 - 11,794 kg) (count)",crash_record,0.5020915682149486,higher -> less likely,0.006878439219609805
y_injury,person__GVWR_TO=16.0,person.GVWR_TO = 16 (count),crash_record,0.5020893042967896,higher -> less likely,0.0068659329664832415
y_injury,vehicle__FIRE_EXP=1,vehicle.FIRE_EXP = Yes (count),crash_record,0.5020855258667563,higher -> more likely,0.004583541770885442
y_injury,person__FIRE_EXP=1.0,person.FIRE_EXP = 1 (count),crash_record,0.502085446271284,higher -> more likely,0.004583541770885442
y_injury,vehicle__VTRAFWAY=2,"vehicle.VTRAFWAY = Two-Way, Divided, Unprotected Median (count)",crash_record,0.5020823076663927,higher -> more likely,0.14652326163081542
y_injury,pbtype__BIKECTYPE=155,pbtype.BIKECTYPE = Bicyclist Ride Through - Signalized Intersection (count),crash_record,0.5020681603954251,higher -> more likely,0.002301150575287644
y_injury,person__DEVMOTOR=2.0,person.DEVMOTOR = 2 (count),crash_record,0.5020668725815033,higher -> more likely,0.0022198599299649824
y_injury,vehicle__PCRASH5=3,"vehicle.PCRASH5 = Stayed on roadway, not known if left original travel lane (count)",crash_record,0.5020448889243584,higher -> less likely,0.02491245622811406
y_injury,vpicdecode__AXLECONFIGURATIONID=1.0,vpicdecode.AXLECONFIGURATIONID = 1 (count),crash_record,0.5020439474370868,higher -> less likely,0.006609554777388694
y_injury,vpicdecode__HEADLAMPLIGHTSOURCEID=1.0,vpicdecode.HEADLAMPLIGHTSOURCEID = 1 (count),crash_record,0.5020300855009727,higher -> less likely,0.028439219609804903
y_injury,pbtype__BIKECTYPE=141,pbtype.BIKECTYPE = Motorist Drive Out - Sign-Controlled Intersection (count),crash_record,0.502024853236876,higher -> more likely,0.0021885942971485743
y_injury,vpicdecode__GROSSVEHICLEWEIGHTRATINGFROMID=16.0,vpicdecode.GROSSVEHICLEWEIGHTRATINGFROMID = 16 (count),crash_record,0.5020222066481775,higher -> less likely,0.02294897448724362
y_injury,vision__VISION=2,"vision.VISION = Reflected Glare, Bright Sunlight, Headlights (count)",crash_record,0.5020200705223544,higher -> more likely,0.008285392696348174
y_injury,pbtype__BIKECTYPE=180,pbtype.BIKECTYPE = Crossing Paths - Intersection - Other / Unknown Control (count),crash_record,0.5020012819090995,higher -> more likely,0.0021635817908954476
y_injury,distract__DRDISTRACT=17,distract.DRDISTRACT = Distraction/Inattention (count),crash_record,0.5019873883388875,higher -> more likely,0.010955477738869434
y_injury,pbtype__BIKECGP=145,pbtype.BIKECGP = Bicyclist Failed to Yield - Sign-Controlled Intersection (count),crash_record,0.5019836034721396,higher -> more likely,0.0021448224112056028
y_injury,safetyeq__NMHELMET=9,safetyeq.NMHELMET = Reported as Unknown (count),crash_record,0.501977711052302,higher -> more likely,0.0021385692846423213
y_injury,vpicdecode__BRAKESYSTEMTYPEID=3.0,vpicdecode.BRAKESYSTEMTYPEID = 3 (count),crash_record,0.5019636566427188,higher -> less likely,0.005815407703851926
y_injury,person__DRUGS=9,person.DRUGS = Reported as Unknown (count),crash_record,0.501957839972024,higher -> more likely,0.05205102551275638
y_injury,vpicdecode__WHEELBASETYPEID=5.0,vpicdecode.WHEELBASETYPEID = 5 (count),crash_record,0.5019403834447285,higher -> less likely,0.03514257128564282
y_injury,pbtype__PBPTYPE=8,pbtype.PBPTYPE = Person on a Personal Conveyance (count),crash_record,0.5019254425739348,higher -> more likely,0.002069784892446223
y_injury,person__VPICBODYCLASS=999.0,person.VPICBODYCLASS = 999 (count),crash_record,0.501921309025641,higher -> more likely,0.0974424712356178
y_injury,weather__WEATHER=98.0,weather.WEATHER = Not Reported (count),crash_record,0.5019188279861051,higher -> less likely,0.016439469734867432
y_injury,pbtype__PEDPOS=9,pbtype.PEDPOS = Other/Unknown (count),crash_record,0.5019085308124943,higher -> more likely,0.002038519259629815
y_injury,vpictrailerdecode__n_rows,vpictrailerdecode.n_rows,crash_record,0.501904941794566,higher -> less likely,0.00834167083541771
y_injury,vpictrailerdecode__VEHICLETYPEID=6,vpictrailerdecode.VEHICLETYPEID = 6 (count),crash_record,0.501904941794566,higher -> less likely,0.00834167083541771
y_injury,nmprior__NMACTION=98,nmprior.NMACTION = Not Reported (count),crash_record,0.5018944463387435,higher -> more likely,0.0020635317658829417
y_injury,pbtype__PEDSNR=11a,"pbtype.PEDSNR = Motorist turning left - Crash Occurred on Far Side of Intersection / Pedestrian within crosswalk area, approach direction same as motoristâs (count)",crash_record,0.5018731733890986,higher -> more likely,0.002001000500250125
y_injury,vehicle__SPEC_USE=2,vehicle.SPEC_USE = Vehicle Used for School Transport (count),crash_record,0.5018622980886115,higher -> less likely,0.003551775887943972
y_injury,vehicle__BODY_TYP=20,"vehicle.BODY_TYP = Minivan (Chrysler Town and Country, Caravan, Grand Caravan, Voyager, Voyager, Honda-Odyssey, ...) (count)",crash_record,0.5018556115194721,higher -> less likely,0.04695472736368184
y_injury,nmprior__NMACTION=9,"nmprior.NMACTION = Stationary and Adjacent to Roadway (e.g., Shoulder, Median, Sidewalk) (count)",crash_record,0.5018547316519696,higher -> more likely,0.0019947473736868435
y_injury,vehicle__BUS_USE=1,vehicle.BUS_USE = School (count),crash_record,0.5018489783279672,higher -> less likely,0.0035392696348174085
y_injury,person__BODY_TYP=20.0,person.BODY_TYP = 20 (count),crash_record,0.5018431929773841,higher -> less likely,0.047036018009004504
y_injury,vpictrailerdecode__BODYCLASSID=61.0,vpictrailerdecode.BODYCLASSID = 61 (count),crash_record,0.5018372079316522,higher -> less likely,0.008054027013506753
y_injury,vehicle__VPICBODYCLASS=999,vehicle.VPICBODYCLASS = Unknown (count),crash_record,0.501821209869715,higher -> more likely,0.09728614307153577
y_injury,acc__SCH_BUS,accident.SCH_BUS,crash_record,0.5018100745102541,higher -> more likely,1.0
y_injury,vehicle__BDYTYP_IM=14.0,vehicle.BDYTYP_IM = 14 (count),crash_record,0.5018059663948331,higher -> less likely,0.08788144072036018
y_injury,vehicle__P_CRASH3=98,vehicle.P_CRASH3 = Other actions (specify:) (count),crash_record,0.5017998961018794,higher -> more likely,0.006159329664832416
y_injury,vpicdecode__REARCROSSTRAFFICALERTID=2.0,vpicdecode.REARCROSSTRAFFICALERTID = 2 (count),crash_record,0.5017922338209853,higher -> less likely,0.02431215607803902
y_injury,pbtype__BIKECTYPE=239,pbtype.BIKECTYPE = Motorist Overtaking - Other/ Unknown (count),crash_record,0.5017796530265888,higher -> more likely,0.0018884442221110554
y_injury,vpicdecode__BODYCLASSID=5.0,vpicdecode.BODYCLASSID = 5 (count),crash_record,0.5017651204946966,higher -> less likely,0.062131065532766386
y_injury,vpictrailerdecode__PLANTCOUNTRYID=6.0,vpictrailerdecode.PLANTCOUNTRYID = 6 (count),crash_record,0.5017576084561435,higher -> less likely,0.007472486243121561
y_injury,person__AIR_BAG=99,person.AIR_BAG = Reported as Deployment Unknown (count),crash_record,0.5017569018304625,higher -> less likely,0.034167083541770886
y_injury,vpicdecode__TOPSPEEDMPH__min,vpicdecode.TOPSPEEDMPH__min,crash_record,0.5017512186823498,higher -> more likely,1.0
y_injury,pbtype__BIKECGP=320,pbtype.BIKECGP = Motorist Failed to Yield - Midblock (count),crash_record,0.5017486544365019,higher -> more likely,0.001882191095547774
y_injury,vevent__AOI1=82,vevent.AOI1 = Right-Front Side (count),crash_record,0.5017324031447882,higher -> less likely,0.015645322661330667
y_injury,vpicdecode__DOORSCOUNT__min,vpicdecode.DOORSCOUNT__min,crash_record,0.5017305972538285,higher -> more likely,1.0
y_injury,vehicle__MAKE=30,vehicle.MAKE = Volkswagen (count),crash_record,0.501725989351059,higher -> less likely,0.027313656828414207
y_injury,acc__WRK_ZONE,accident.WRK_ZONE,crash_record,0.5017243371562872,higher -> more likely,1.0
y_injury,vpicdecode__PARKASSISTID=3.0,vpicdecode.PARKASSISTID = 3 (count),crash_record,0.5017144957334767,higher -> less likely,0.034648574287143574
y_injury,nmdistract__NMDISTRACT=99,nmdistract.NMDISTRACT = Reported as Unknown if Distracted (count),crash_record,0.5017140640811083,higher -> more likely,0.0018321660830415208
y_injury,vehicle__VPICBODYCLASS=5,vehicle.VPICBODYCLASS = Hatchback/Liftback/Notchback (count),crash_record,0.5016998828211472,higher -> less likely,0.05358304152076038
y_injury,vpicdecode__ENGINEVALVETRAINDESIGNID=3.0,vpicdecode.ENGINEVALVETRAINDESIGNID = 3 (count),crash_record,0.501698597519114,higher -> less likely,0.036399449724862434
y_injury,cevent__AOI1=82,cevent.AOI1 = Right-Front Side (count),crash_record,0.5016973618268822,higher -> less likely,0.015645322661330667
y_injury,pbtype__PEDSNR=11c,"pbtype.PEDSNR = Motorist turning left - Crash Occurred on Far Side of Intersection / Pedestrian within crosswalk area, approach direction unknown (count)",crash_record,0.5016963862721205,higher -> more likely,0.0018134067033516758
y_injury,vpicdecode__BODYCLASSID=2.0,vpicdecode.BODYCLASSID = 2 (count),crash_record,0.5016502761598034,higher -> less likely,0.04416583291645823
y_injury,person__IMPACT1=62.0,person.IMPACT1 = 62 (count),crash_record,0.5016422467506811,higher -> less likely,0.027807653826913456
y_injury,person__GVWR_FROM=15.0,person.GVWR_FROM = 15 (count),crash_record,0.5016379149201755,higher -> less likely,0.004602301150575288
y_injury,weather__WEATHERCODE=4.0,weather.WEATHERCODE = 4 (count),crash_record,0.5016217192824952,higher -> less likely,0.004846173086543271
y_injury,person__VPICBODYCLASS=8.0,person.VPICBODYCLASS = 8 (count),crash_record,0.5016210240388097,higher -> less likely,0.022192346173086543
y_injury,person__VPICBODYCLASS=5.0,person.VPICBODYCLASS = 5 (count),crash_record,0.5016208056614886,higher -> less likely,0.053626813406703354
y_injury,vehicle__VPICBODYCLASS=8,vehicle.VPICBODYCLASS = Crossover Utility Vehicle (CUV) (count),crash_record,0.501618964682584,higher -> less likely,0.022123561780890446
y_injury,parkwork__PMAKE=49,parkwork.PMAKE = Toyota (count),crash_record,0.5016076493306008,higher -> less likely,0.0054464732366183094
y_injury,vehicle__GVWR_FROM=15,"vehicle.GVWR_FROM = Class 5: 16,001 - 19,500 lbs. (7,258 - 8,845 kg) (count)",crash_record,0.5016063922088186,higher -> less likely,0.004596048024012006
y_injury,vpicdecode__PARKASSISTID=1.0,vpicdecode.PARKASSISTID = 1 (count),crash_record,0.5015952561428891,higher -> less likely,0.022830165082541272
y_injury,person__GVWR_TO=15.0,person.GVWR_TO = 15 (count),crash_record,0.5015948684485723,higher -> less likely,0.004514757378689345
y_injury,nmcrash__NMCC=1,nmcrash.NMCC = Dart-Out - Visual Obstruction Noted (count),crash_record,0.5015903137664439,higher -> more likely,0.0017008504252126063
y_injury,vpicdecode__BODYCLASSID=8.0,vpicdecode.BODYCLASSID = 8 (count),crash_record,0.5015738450393675,higher -> less likely,0.026300650325162583
y_injury,vpicdecode__VEHICLETYPEID=5,vpicdecode.VEHICLETYPEID = 5 (count),crash_record,0.5015693968770181,higher -> less likely,0.007778889444722361
y_injury,vehicle__GVWR_TO=15,"vehicle.GVWR_TO = Class 5: 16,001 - 19,500 lbs. (7,258 - 8,845 kg) (count)",crash_record,0.5015633607300509,higher -> less likely,0.004508504252126063
y_injury,vpicdecode__FUELTYPEPRIMARYID=15.0,vpicdecode.FUELTYPEPRIMARYID = 15 (count),crash_record,0.5015455389584438,higher -> less likely,0.03525512756378189
y_injury,vehicle__PCRASH5=7,vehicle.PCRASH5 = Entered roadway (count),crash_record,0.5015450971015276,higher -> less likely,0.00808529264632316
y_injury,pbtype__PEDCGP=200,pbtype.PEDCGP = Backing Vehicle (count),crash_record,0.501542404827854,higher -> more likely,0.0016633316658329165
y_injury,vehicle__VPROFILE=5,vehicle.VPROFILE = Uphill (count),crash_record,0.5015379393177735,higher -> more likely,0.019616058029014508
y_injury,vehicle__VPROFILE=3,vehicle.VPROFILE = Hillcrest (count),crash_record,0.50153508369284,higher -> more likely,0.011955977988994497
y_injury,pbtype__BIKECGP=150,pbtype.BIKECGP = Motorist Failed to Yield - Signalized Intersection (count),crash_record,0.5015342091631007,higher -> more likely,0.0016945972986493246
y_injury,vision__VISION=6,vision.VISION = In-Transport Motor Vehicle (including load) (count),crash_record,0.5015320979991712,higher -> more likely,0.007635067533766884
y_injury,vpicdecode__TRUCKBEDTYPEID=2.0,vpicdecode.TRUCKBEDTYPEID = 2 (count),crash_record,0.5015296513411114,higher -> less likely,0.013069034517258628
y_injury,pbtype__PEDCTYPE=690,pbtype.PEDCTYPE = At Intersection - Other / Unknown (count),crash_record,0.5015247250564532,higher -> more likely,0.0016445722861430714
y_injury,pbtype__BIKECGP=290,pbtype.BIKECGP = Parallel Paths - Other Circumstances (count),crash_record,0.5015247247424671,higher -> more likely,0.0016445722861430714
y_injury,pbtype__BIKECTYPE=144,pbtype.BIKECTYPE = Bicyclist Ride Through - Sign-Controlled Intersection (count),crash_record,0.5015239577529614,higher -> more likely,0.0016570785392696348
y_injury,pbtype__MOTMAN=9,pbtype.MOTMAN = Unknown Motorist Maneuver (count),crash_record,0.5015011534931871,higher -> more likely,0.001619559779889945
y_injury,pbtype__PEDCTYPE=140,pbtype.PEDCTYPE = Vehicle into Vehicle or Vehicle into Object (count),crash_record,0.5014952645271966,higher -> more likely,0.0016133066533266633
y_injury,vehicle__VEVENT_IM=54,"vehicle.VEVENT_IM = Motor Vehicle In-Transport Strikes or is Struck by Cargo, Persons or Objects Set-in-Motion from/by Another Motor Vehicle In Transport (count)",crash_record,0.5014945391408471,higher -> less likely,0.006390695347673837
y_injury,parkwork__PVPICBODYCLASS=60,parkwork.PVPICBODYCLASS = Pickup (count),crash_record,0.5014932735414406,higher -> less likely,0.00716608304152076
y_injury,vehicle__VNUM_LAN=1,vehicle.VNUM_LAN = One lane (count),crash_record,0.5014881729160094,higher -> less likely,0.022855177588794396
y_injury,vehicle__CARGO_BT=3,vehicle.CARGO_BT = Flatbed (count),crash_record,0.5014846006963367,higher -> less likely,0.006190595297648824
y_injury,vpicdecode__AUTOMATICCRASHNOTIFICATIONID=3.0,vpicdecode.AUTOMATICCRASHNOTIFICATIONID = 3 (count),crash_record,0.5014742164700843,higher -> less likely,0.012981490745372685
y_injury,drimpair__DRIMPAIR=8,"drimpair.DRIMPAIR = Emotional (depressed, angry, disturbed, etc.) (count)",crash_record,0.5014734607055811,higher -> more likely,0.004014507253626814
y_injury,pbtype__BIKECGP=310,pbtype.BIKECGP = Bicyclist Failed to Yield - Midblock (count),crash_record,0.5014729771670123,higher -> more likely,0.0016695847923961981
y_injury,parkwork__PBODYTYP=14,"parkwork.PBODYTYP = Compact Utility (Utility Vehicle Categories ""Small"" and ""Midsize"") (count)",crash_record,0.5014566189630373,higher -> less likely,0.0061530765382691345
y_injury,pbtype__BIKECTYPE=213,pbtype.BIKECTYPE = Motorist Right Turn - Same Direction (count),crash_record,0.5014532425921842,higher -> more likely,0.0015820410205102551
y_injury,vehicle__CARGO_BT=96,vehicle.CARGO_BT = No Cargo Body Type (count),crash_record,0.5014499885189103,higher -> less likely,0.003989494747373687
y_injury,parkwork__PNUMOCCS__min,parkwork.PNUMOCCS__min,crash_record,0.5014489440442034,higher -> less likely,0.005734117058529264
y_injury,vpicdecode__AIRBAGLOCKNEEID=2.0,vpicdecode.AIRBAGLOCKNEEID = 2 (count),crash_record,0.5014395418094273,higher -> less likely,0.010261380690345172
y_injury,vpicdecode__KEYLESSIGNITIONID=3.0,vpicdecode.KEYLESSIGNITIONID = 3 (count),crash_record,0.5014255427398912,higher -> less likely,0.028576788394197097
y_injury,person__VPICBODYCLASS=2.0,person.VPICBODYCLASS = 2 (count),crash_record,0.5014159834335769,higher -> less likely,0.0395760380190095
y_injury,vehicle__VPICBODYCLASS=2,vehicle.VPICBODYCLASS = Minivan (count),crash_record,0.5014059128794218,higher -> less likely,0.03949474737368684
y_injury,vevent__AOI1=2,vevent.AOI1 = 2 Clock Point (count),crash_record,0.5014047424177988,higher -> less likely,0.01649574787393697
y_injury,parkwork__PBODYTYP=34,parkwork.PBODYTYP = Light Pickup (count),crash_record,0.5014047215377242,higher -> less likely,0.006540770385192596
y_injury,pbtype__PBPTYPE=11,pbtype.PBPTYPE = 11 (count),crash_record,0.5014038003810515,higher -> more likely,0.0015695347673836918
y_injury,driverrf__DRIVERRF=60,driverrf.DRIVERRF = Alcohol and/or Drug Test Refused (count),crash_record,0.5014023768466451,higher -> more likely,0.007522511255627814
y_injury,parkwork__PMAKE=20,parkwork.PMAKE = Chevrolet (count),crash_record,0.5014020604271694,higher -> less likely,0.006184342171085543
y_injury,pbtype__PEDCGP=600,pbtype.PEDCGP = Pedestrian in Roadway - Circumstances Unknown (count),crash_record,0.5014009748202854,higher -> more likely,0.0015132566283141571
y_injury,vevent__AOI1=62,vevent.AOI1 = Left-Front Side (count),crash_record,0.5013955547925109,higher -> less likely,0.013900700350175087
y_injury,vpicdecode__DRIVETYPEID=4.0,vpicdecode.DRIVETYPEID = 4 (count),crash_record,0.5013942088911635,higher -> less likely,0.03568034017008504
y_injury,parkwork__PMAN_COLL=6,parkwork.PMAN_COLL = Angle (count),crash_record,0.5013882008459509,higher -> more likely,0.002645072536268134
y_injury,parkwork__PIMPACT1=11,parkwork.PIMPACT1 = 11 Clock Point (count),post_crash,0.5013737924170583,higher -> less likely,0.0030577788894447224
y_injury,cevent__AOI1=62,cevent.AOI1 = Left-Front Side (count),crash_record,0.5013724435328433,higher -> less likely,0.013900700350175087
y_injury,vehicle__IMPACT1_IM=62,vehicle.IMPACT1_IM = Left-Front Side (count),crash_record,0.501367945525203,higher -> less likely,0.02835792896448224
y_injury,parkwork__PMAKE=12,parkwork.PMAKE = Ford (count),crash_record,0.5013588772146267,higher -> less likely,0.006509504752376188
y_injury,person__GVWR_TO=14.0,person.GVWR_TO = 14 (count),crash_record,0.501357138359696,higher -> less likely,0.004020760380190095
y_injury,cevent__AOI1=2,cevent.AOI1 = 2 Clock Point (count),crash_record,0.5013502744669158,higher -> less likely,0.01649574787393697
y_injury,nmcrash__NMCC=10,nmcrash.NMCC = Riding on Wrong Side of Road (count),crash_record,0.5013471703219973,higher -> more likely,0.0014694847423711856
y_injury,vehicle__GVWR_TO=14,"vehicle.GVWR_TO = Class 4: 14,001 - 16,000 lbs. (6,350 - 7,258 kg) (count)",crash_record,0.5013467054656005,higher -> less likely,0.004045772886443221
y_injury,person__ALC_RES=0,person.ALC_RES = 0.000 % BAC (count),post_crash,0.5013454336649689,higher -> more likely,0.012937718859429716
y_injury,parkwork__PMODYEAR__max,parkwork.PMODYEAR__max,crash_record,0.5013433008359998,higher -> less likely,1.0
y_injury,nmprior__NMACTION=14,nmprior.NMACTION = Other (Specify:) (count),crash_record,0.5013302420762874,higher -> more likely,0.0014382191095547775
y_injury,pbtype__PEDCTYPE=795,pbtype.PEDCTYPE = Motorist Right Turn - Perpendicular Paths (count),crash_record,0.5013287263084689,higher -> more likely,0.001463231615807904
y_injury,pbtype__PEDCGP=460,pbtype.PEDCGP = Driveway Access/Driveway Access Related (count),crash_record,0.5013236006426476,higher -> more likely,0.001444472236118059
y_injury,vehicle__VEVENT_IM=30,vehicle.VEVENT_IM = Utility Pole/Light Support (count),crash_record,0.5013053367001382,higher -> more likely,0.018621810905452726
y_injury,parkwork__PIMPACT1=9,parkwork.PIMPACT1 = 9 Clock Point (count),post_crash,0.5013017533339594,higher -> less likely,0.002907703851925963
y_injury,vehicle__V_CONFIG=2,vehicle.V_CONFIG = Single-Unit Truck (3 or more axles) (count),crash_record,0.5012926946784554,higher -> less likely,0.005315157578789395
y_injury,parkwork__PMONTH=12,parkwork.PMONTH = December (count),crash_record,0.5012839539338608,higher -> less likely,0.0033391695847923963
y_injury,person__PER_TYP=3,person.PER_TYP = Occupant of a Motor Vehicle Not In- Transport (count),crash_record,0.5012802120832063,higher -> less likely,0.006165582791395697
y_injury,parkwork__PNUMOCCS__max,parkwork.PNUMOCCS__max,crash_record,0.5012790821257881,higher -> less likely,0.006140570285142572
y_injury,parkwork__PVPICBODYCLASS=999,parkwork.PVPICBODYCLASS = Unknown (count),crash_record,0.5012776537245973,higher -> less likely,0.0044772386193096545
y_injury,pbtype__PEDCTYPE=742,pbtype.PEDCTYPE = Dart-Out - Visual Obstruction Noted (count),crash_record,0.5012728644163681,higher -> more likely,0.0013506753376688345
y_injury,person__GVWR_FROM=14.0,person.GVWR_FROM = 14 (count),crash_record,0.5012613407346183,higher -> less likely,0.003789394697348674
y_injury,vehicle__BODY_TYP=5,vehicle.BODY_TYP = 5-door/4-door hatchback (count),crash_record,0.501260706561226,higher -> less likely,0.04422836418209104
y_injury,driverrf__DRIVERRF=8,driverrf.DRIVERRF = Aggressive Driving / Road Rage (count),crash_record,0.5012514299993799,higher -> more likely,0.005271385692846423
y_injury,vehicle__GVWR_FROM=14,"vehicle.GVWR_FROM = Class 4: 14,001 - 16,000 lbs. (6,350 - 7,258 kg) (count)",crash_record,0.5012509105094045,higher -> less likely,0.003814407203601801
y_injury,parkwork__PIMPACT1=10,parkwork.PIMPACT1 = 10 Clock Point (count),post_crash,0.5012497379283756,higher -> less likely,0.0020572786393196598
y_injury,vehicle__VTRAFWAY=4,vehicle.VTRAFWAY = One-Way Trafficway (count),crash_record,0.5012407477218376,higher -> less likely,0.022698849424712356
y_injury,pbtype__PEDSNR=5b,"pbtype.PEDSNR = Motorist turning right - Crash Occurred on Near (Approach) Side of Intersection / Pedestrian within crosswalk area, traveled from motoristâs right (count)",crash_record,0.5012352068094207,higher -> more likely,0.0013506753376688345
y_injury,crashrf__CRASHRF=20,crashrf.CRASHRF = Police Pursuit Involved (count),crash_record,0.5012347552974326,higher -> more likely,0.0047336168084042025
y_injury,person__BODY_TYP=5.0,person.BODY_TYP = 5 (count),crash_record,0.5012326119499295,higher -> less likely,0.04424087043521761
y_injury,pbtype__PEDSNR=1a,"pbtype.PEDSNR = Motorist traveling straight through - Crash Occurred on Near (Approach) Side of Intersection / Pedestrian within crosswalk area, traveled from motoristâs left (count)",crash_record,0.5012249545358198,higher -> more likely,0.0013131565782891447
y_injury,vpicdecode__WHEELBASEIN_TO__max,vpicdecode.WHEELBASEIN_TO__max,crash_record,0.501222413210956,higher -> less likely,1.0
y_injury,vpicdecode__WHEELBASEIN_TO__min,vpicdecode.WHEELBASEIN_TO__min,crash_record,0.5012179099440488,higher -> less likely,1.0
y_injury,nmdistract__NMDISTRACT=93,"nmdistract.NMDISTRACT = Inattention (Inattentive), Details Unknown (count)",crash_record,0.5012006154335725,higher -> more likely,0.0013006503251625813
y_injury,vehicle__VPROFILE=2,"vehicle.VPROFILE = Grade, Unknown Slope (count)",crash_record,0.5011879198772623,higher -> less likely,0.07636943471735869
y_injury,parkwork__PMONTH=2,parkwork.PMONTH = February (count),crash_record,0.5011851545233277,higher -> less likely,0.002751375687843922
y_injury,person__DEVTYPE=9.0,person.DEVTYPE = 9 (count),crash_record,0.5011719186754643,higher -> more likely,0.0012568784392196098
y_injury,cevent__AOI2=3,cevent.AOI2 = 3 Clock Point (count),crash_record,0.5011708913129987,higher -> more likely,0.033022761380690345
y_injury,vevent__AOI2=3,vevent.AOI2 = 3 Clock Point (count),crash_record,0.5011708913129987,higher -> more likely,0.033022761380690345
y_injury,vpicdecode__TRUCKBODYCABTYPEID=7.0,vpicdecode.TRUCKBODYCABTYPEID = 7 (count),crash_record,0.5011637778012823,higher -> less likely,0.0038269134567283643
y_injury,safetyeq__NMLIGHT=2,safetyeq.NMLIGHT = Yes (count),crash_record,0.5011527058670103,higher -> more likely,0.0012631315657828915
y_injury,safetyeq__NMPROPAD=9,safetyeq.NMPROPAD = Reported as Unknown (count),crash_record,0.5011475798872029,higher -> more likely,0.0012443721860930465
y_injury,pbtype__PBPTYPE=12,pbtype.PBPTYPE = 12 (count),crash_record,0.5011468136826626,higher -> more likely,0.0012568784392196098
y_injury,vehicle__PCRASH1_IM=4,vehicle.PCRASH1_IM = Starting in Road (count),crash_record,0.5011213548275445,higher -> less likely,0.016689594797398698
y_injury,parkwork__PMONTH=9,parkwork.PMONTH = September (count),crash_record,0.501121089195318,higher -> less likely,0.0036580790395197597
y_injury,vpicdecode__ENGINEVALVETRAINDESIGNID=4.0,vpicdecode.ENGINEVALVETRAINDESIGNID = 4 (count),crash_record,0.501119115243307,higher -> less likely,0.11741495747873937
y_injury,vision__VISION=7,"vision.VISION = Not In-Transport Motor Vehicle (parked, working) (count)",crash_record,0.5011170633442508,higher -> more likely,0.0034767383691845922
y_injury,violatn__VIOLATION=23,violatn.VIOLATION = Speed greater than reasonable & prudent (not necessarily over the limit) (count),crash_record,0.5011152914422846,higher -> more likely,0.023455477738869433
y_injury,pbtype__PBAGE__min,pbtype.PBAGE__min,crash_record,0.5011119405043042,higher -> more likely,0.9999374687343672
y_injury,pbtype__PEDSNR=1b,"pbtype.PEDSNR = Motorist traveling straight through - Crash Occurred on Near (Approach) Side of Intersection / Pedestrian within crosswalk area, traveled from motoristâs right (count)",crash_record,0.5011078634735056,higher -> more likely,0.0011755877938969485
y_injury,parkwork__PMONTH=7,parkwork.PMONTH = July (count),crash_record,0.5011040594536066,higher -> less likely,0.0036893446723361683
y_injury,parkwork__PUNDEROVERRIDE=8.0,parkwork.PUNDEROVERRIDE = Not Reported (count),crash_record,0.5011013220444334,higher -> less likely,0.005996748374187093
y_injury,vehicle__BDYTYP_IM=4.0,vehicle.BDYTYP_IM = 4 (count),crash_record,0.501092339609051,higher -> less likely,0.16725237618809405
y_injury,distract__DRDISTRACT=92,"distract.DRDISTRACT = Distraction (Distracted), Details Unknown (count)",crash_record,0.5010817663631764,higher -> more likely,0.019503501750875438
y_injury,vehicle__P_CRASH3=7,vehicle.P_CRASH3 = Steering right (count),crash_record,0.5010771958247506,higher -> more likely,0.027038519259629815
y_injury,nmdistract__NMDISTRACT=17,nmdistract.NMDISTRACT = Distraction/Inattention (count),crash_record,0.5010768644124395,higher -> more likely,0.0011693346673336668
y_injury,vehicle__VEVENT_IM=24,vehicle.VEVENT_IM = Guardrail Face (count),crash_record,0.5010761431864055,higher -> less likely,0.010992996498249124
y_injury,pbtype__PEDSNR=7a,"pbtype.PEDSNR = Motorist turning right - Crash Occurred on Far Side of Intersection / Pedestrian within crosswalk area, approach direction same as motoristâs (count)",crash_record,0.5010658316479314,higher -> more likely,0.0011443221610805403
y_injury,crashrf__CRASHRF=23,crashrf.CRASHRF = Indication of a Stalled/Disabled Vehicle (count),crash_record,0.501051525578502,higher -> more likely,0.004139569784892446
y_injury,vehicle__PCRASH4=4,vehicle.PCRASH4 = Skidding laterally counterclockwise rotation (count),crash_record,0.5010391884373062,higher -> more likely,0.00914832416208104
y_injury,nmprior__NMACTION=12,"nmprior.NMACTION = Disabled Vehicle Related (Working on, Pushing, Leaving/Approaching) (count)",crash_record,0.501036382893153,higher -> more likely,0.0011130565282641322
y_injury,parkwork__PMAKE=37,parkwork.PMAKE = Honda (count),crash_record,0.5010347361146412,higher -> less likely,0.004283391695847924
y_injury,nmcrash__NMCC=7,nmcrash.NMCC = Improper Turn/Merge (count),crash_record,0.50102818699291,higher -> more likely,0.0011443221610805403
y_injury,parkwork__PIMPACT1=12,parkwork.PIMPACT1 = 12 Clock Point (count),post_crash,0.5010280391839612,higher -> less likely,0.005834167083541771
y_injury,distract__DRDISTRACT=12,"distract.DRDISTRACT = Distracted by Outside Person, Object or Event (count)",crash_record,0.5010228179093774,higher -> less likely,0.013500500250125063
y_injury,vpicdecode__TRANSMISSIONSTYLEID=3.0,vpicdecode.TRANSMISSIONSTYLEID = 3 (count),crash_record,0.5010221491190194,higher -> less likely,0.02145447723861931
y_injury,parkwork__PMONTH=8,parkwork.PMONTH = August (count),crash_record,0.5010159359623976,higher -> less likely,0.00358304152076038
y_injury,person__REST_USE=98,person.REST_USE = Not Reported (count),crash_record,0.5010144946877775,higher -> less likely,0.06365057528764383
y_injury,pbtype__BIKECTYPE=322,pbtype.BIKECTYPE = Motorist Drive-Out - Commercial Driveway (count),crash_record,0.5010128100739426,higher -> more likely,0.0010880440220110055
y_injury,vpicdecode__WHEELBASETYPEID=2.0,vpicdecode.WHEELBASETYPEID = 2 (count),crash_record,0.5010031034296585,higher -> less likely,0.006221860930465233
y_injury,pbtype__BIKECTYPE=280,pbtype.BIKECTYPE = Parallel Paths - Other / Unknown (count),crash_record,0.5009958985479918,higher -> more likely,0.0010567783891945973
y_injury,person__EMER_USE=8.0,person.EMER_USE = 8 (count),crash_record,0.5009805763410994,higher -> less likely,0.003182841420710355
y_injury,vehicle__P_CRASH3=8,vehicle.P_CRASH3 = Braking and steering left (count),crash_record,0.5009786286069264,higher -> more likely,0.004608554277138569
y_injury,nmprior__NMACTION=16,nmprior.NMACTION = Movement Along Roadway - Direction Unknown (count),crash_record,0.5009774528860365,higher -> more likely,0.0010505252626313156
y_injury,vehicle__EMER_USE=8,vehicle.EMER_USE = Not Reported (count),crash_record,0.5009724648246163,higher -> less likely,0.0031640820410205103
y_injury,pbtype__BIKECTYPE=158,pbtype.BIKECTYPE = Signalized Intersection - Other / Unknown (count),crash_record,0.5009633648799422,higher -> more likely,0.0010755377688844421
y_injury,parkwork__PTOWED=8,parkwork.PTOWED = Not Reported (count),post_crash,0.5009600783091088,higher -> less likely,0.003895697848924462
y_injury,maneuver__MANEUVER=3,maneuver.MANEUVER = Live Animal (count),crash_record,0.5009535011641197,higher -> less likely,0.0083791895947974
y_injury,crashrf__n_rows,crashrf.n_rows,crash_record,0.5009533937023827,higher -> more likely,1.0
y_injury,safetyeq__NMREFCLO=9,safetyeq.NMREFCLO = Reported as Unknown (count),crash_record,0.5009531143332647,higher -> more likely,0.0010380190095047523
y_injury,parkwork__PMAKE=35,parkwork.PMAKE = Nissan/Datsun (count),crash_record,0.5009408132219721,higher -> less likely,0.0035705352676338167
y_injury,pbtype__BIKECTYPE=221,pbtype.BIKECTYPE = Bicyclist Left Turn - Same Direction (count),crash_record,0.5009346674938618,higher -> more likely,0.0010317658829414708
y_injury,safetyeq__NMLIGHT=9,safetyeq.NMLIGHT = Reported as Unknown (count),crash_record,0.5009295427699987,higher -> more likely,0.0010130065032516258
y_injury,pbtype__PEDSNR=3a,"pbtype.PEDSNR = Motorist traveling straight through - Crash Occurred on Far Side of Intersection / Pedestrian within crosswalk area, traveled from motoristâs left (count)",crash_record,0.500919290967377,higher -> more likely,0.000975487743871936
y_injury,parkwork__PMONTH=3,parkwork.PMONTH = March (count),crash_record,0.500914055955902,higher -> less likely,0.0030390195097548776
y_injury,driverrf__DRIVERRF=37,driverrf.DRIVERRF = Police Pursuing this Driver or Police Officer in Pursuit (count),crash_record,0.5009117862290005,higher -> more likely,0.003551775887943972
y_injury,vehicle__PCRASH5=6,vehicle.PCRASH5 = Returned to roadway (count),crash_record,0.5009095433479089,higher -> more likely,0.003895697848924462
y_injury,person__SPEC_USE=98.0,person.SPEC_USE = 98 (count),crash_record,0.5009083919609405,higher -> less likely,0.0037393696848424213
y_injury,person__REST_USE=10,person.REST_USE = Child Restraint System - Forward Facing (count),crash_record,0.5009067079750776,higher -> more likely,0.018596798399199598
y_injury,parkwork__PMONTH=11,parkwork.PMONTH = November (count),crash_record,0.5009015696713166,higher -> less likely,0.0034517258629314655
y_injury,vpicdecode__PLANTCOUNTRYID=9.0,vpicdecode.PLANTCOUNTRYID = 9 (count),crash_record,0.500899756558677,higher -> more likely,0.005896698349174587
y_injury,vehicle__IMPACT1_IM=9,vehicle.IMPACT1_IM = 9 Clock Point (count),crash_record,0.5008892641642186,higher -> more likely,0.04534142071035518
y_injury,parkwork__PHOUR=14,parkwork.PHOUR = 2:00pm-2:59pm (count),crash_record,0.5008872150125407,higher -> less likely,0.0021885942971485743
y_injury,parkwork__PMONTH=4,parkwork.PMONTH = April (count),crash_record,0.5008825324595799,higher -> less likely,0.0028326663331665835
y_injury,pbtype__PEDCGP=310,pbtype.PEDCGP = Working or Playing in Roadway (count),crash_record,0.5008823996434666,higher -> more likely,0.0009629814907453727
y_injury,vehicle__SPEC_USE=98,vehicle.SPEC_USE = 98 (count),crash_record,0.5008813203163043,higher -> less likely,0.0037143571785892946
y_injury,pbtype__MOTDIR=9,pbtype.MOTDIR = Unknown Initial Direction of Travel (count),crash_record,0.5008772739776453,higher -> more likely,0.0009442221110555277
y_injury,violatn__VIOLATION=75,violatn.VIOLATION = Fail to carry insurance card (count),crash_record,0.5008765091075456,higher -> more likely,0.017777638819409705
y_injury,vpicdecode__PEDESTRIANAUTOEMERGENCYBRAKINGID=3.0,vpicdecode.PEDESTRIANAUTOEMERGENCYBRAKINGID = 3 (count),crash_record,0.5008689279135577,higher -> less likely,0.023599299649824913
y_injury,nmprior__NMACTION=11,nmprior.NMACTION = Entering / Exiting Parked or Stopped Vehicle (count),crash_record,0.500865487725033,higher -> more likely,0.0009317158579289645
y_injury,vpicdecode__PLANTCOUNTRYID=5.0,vpicdecode.PLANTCOUNTRYID = 5 (count),crash_record,0.5008607466921642,higher -> less likely,0.008504252126063032
y_injury,vpicdecode__DAYTIMERUNNINGLIGHTID=3.0,vpicdecode.DAYTIMERUNNINGLIGHTID = 3 (count),crash_record,0.5008605736073355,higher -> less likely,0.004921210605302651
y_injury,vehicle__CARGO_BT=4,vehicle.CARGO_BT = Dump (count),crash_record,0.5008597626597782,higher -> less likely,0.004602301150575288
y_injury,vpicdecode__FUELTYPESECONDARYID=15.0,vpicdecode.FUELTYPESECONDARYID = 15 (count),crash_record,0.5008581734192162,higher -> less likely,0.012143571785892947
y_injury,safetyeq__NMOTHPRO=9,safetyeq.NMOTHPRO = Reported as Unknown (count),crash_record,0.5008529351893839,higher -> more likely,0.0009317158579289645
y_injury,safetyeq__NMOTHPRE=9,safetyeq.NMOTHPRE = Reported as Unknown (count),crash_record,0.5008529351893839,higher -> more likely,0.0009317158579289645
y_injury,parkwork__PMONTH=10,parkwork.PMONTH = October (count),crash_record,0.5008525813270679,higher -> less likely,0.0037831415707853928
y_injury,parkwork__PMONTH=1,parkwork.PMONTH = January (count),crash_record,0.5008417930792222,higher -> less likely,0.00278264132066033
y_injury,vpicdecode__SEMIAUTOHEADLAMPBEAMSWITCHINGID=3.0,vpicdecode.SEMIAUTOHEADLAMPBEAMSWITCHINGID = 3 (count),crash_record,0.5008306340923085,higher -> less likely,0.007297398699349675
y_injury,vpicdecode__TRUCKBEDTYPEID=1.0,vpicdecode.TRUCKBEDTYPEID = 1 (count),crash_record,0.500830525060641,higher -> less likely,0.005046273136568284
y_injury,parkwork__PTYPE=3,parkwork.PTYPE = Motor Vehicle Not In-Transport Outside the Trafficway (count),crash_record,0.5008268261475834,higher -> more likely,0.00525887943971986
y_injury,vehicle__SPEC_USE=5,vehicle.SPEC_USE = Police (count),crash_record,0.5008224053020233,higher -> less likely,0.0068534267133566786
y_injury,vehicle__VEVENT_IM=25,vehicle.VEVENT_IM = Concrete Traffic Barrier (count),crash_record,0.5008206372463866,higher -> more likely,0.009129564782391195
y_injury,vision__VISION=99,vision.VISION = Reported as Unknown (count),crash_record,0.5008103371684045,higher -> more likely,0.017883941970985494
y_injury,pbtype__PEDSNR=3b,"pbtype.PEDSNR = Motorist traveling straight through - Crash Occurred on Far Side of Intersection / Pedestrian within crosswalk area, traveled from motoristâs right (count)",crash_record,0.5008073260418631,higher -> more likely,0.0008566783391695848
y_injury,weather__n_rows,weather.n_rows,crash_record,0.5007929574892032,higher -> less likely,1.0
y_injury,violatn__VIOLATION=4,"violatn.VIOLATION = Inattentive, careless, improper driving, driving without due care (count)",crash_record,0.5007884785562174,higher -> less likely,0.06108679339669835
y_injury,person__SPEC_USE=5.0,person.SPEC_USE = 5 (count),crash_record,0.5007850258867459,higher -> less likely,0.0067721360680340174
y_injury,vehicle__BDYTYP_IM=21.0,vehicle.BDYTYP_IM = 21 (count),crash_record,0.5007848920501778,higher -> less likely,0.006653326663331666
y_injury,crashrf__CRASHRF=10,crashrf.CRASHRF = Emergency Vehicle Related (count),crash_record,0.5007844653430903,higher -> less likely,0.005215107553776888
y_injury,person__ICFINALBODY=60.0,person.ICFINALBODY = 60 (count),crash_record,0.5007819502360643,higher -> less likely,0.003845672836418209
y_injury,pbtype__PEDCGP=350,pbtype.PEDCGP = Unique Midblock (count),crash_record,0.5007719686969639,higher -> more likely,0.000819159579789895
y_injury,person__MAKE=6.0,person.MAKE = 6 (count),crash_record,0.5007695394651319,higher -> less likely,0.025931715857928965
y_injury,safetyeq__NMREFCLO=2,safetyeq.NMREFCLO = Yes (count),crash_record,0.5007645413561571,higher -> more likely,0.0008379189594797399
y_injury,vpicdecode__AIRBAGLOCSEATCUSHIONID=3.0,vpicdecode.AIRBAGLOCSEATCUSHIONID = 3 (count),crash_record,0.5007638958007692,higher -> less likely,0.009485992996498249
y_injury,vehicle__ICFINALBODY=60,vehicle.ICFINALBODY = Pickup (count),crash_record,0.5007569680118212,higher -> less likely,0.003845672836418209
y_injury,crashrf__CRASHRF=14,"crashrf.CRASHRF = Motor Vehicle struck by falling cargo,or something that came loose from or something that was set in motion by a vehicle (count)",crash_record,0.5007559290318706,higher -> less likely,0.011705852926463232
y_injury,vpicdecode__REARAUTOMATICEMERGENCYBRAKINGID=1.0,vpicdecode.REARAUTOMATICEMERGENCYBRAKINGID = 1 (count),crash_record,0.5007554862329964,higher -> less likely,0.009042021010505252
y_injury,driverrf__DRIVERRF=6,"driverrf.DRIVERRF = Careless Driving, Inattentive Operation, Improper Driving, Driving Without Due Care (count)",crash_record,0.5007546574667286,higher -> more likely,0.12797023511755878
y_injury,parkwork__PHOUR=15,parkwork.PHOUR = 3:00pm-3:59pm (count),crash_record,0.5007506888396254,higher -> less likely,0.002213606803401701
y_injury,drimpair__DRIMPAIR=99,drimpair.DRIMPAIR = Reported as Unknown if Impaired (count),crash_record,0.5007450805771937,higher -> more likely,0.08079664832416208
y_injury,vehicle__BDYTYP_IM=15.0,vehicle.BDYTYP_IM = 15 (count),crash_record,0.5007415415615492,higher -> less likely,0.027720110055027513
y_injury,nmprior__NMACTION=4,nmprior.NMACTION = Jogging/Running (count),crash_record,0.5007358440485731,higher -> more likely,0.0007941470735367684
y_injury,parkwork__PIMPACT1=62,parkwork.PIMPACT1 = Left-Front Side (count),post_crash,0.5007306745816932,higher -> less likely,0.0014757378689344673
y_injury,parkwork__PMONTH=6,parkwork.PMONTH = June (count),crash_record,0.5007282448003856,higher -> less likely,0.003395447723861931
y_injury,vpicdecode__PLANTCOUNTRYID=2.0,vpicdecode.PLANTCOUNTRYID = 2 (count),crash_record,0.5007092424411042,higher -> less likely,0.041401950975487746
y_injury,vehicle__VPICBODYCLASS=998,vehicle.VPICBODYCLASS = Not Reported (count),crash_record,0.500709078618865,higher -> less likely,0.011036768384192095
y_injury,parkwork__PBODYTYP=49,"parkwork.PBODYTYP = Unknown light vehicle type (automobile,utility vehicle, van, or light truck) (count)",crash_record,0.5007026035193529,higher -> less likely,0.002557528764382191
y_injury,person__VPICBODYCLASS=9.0,person.VPICBODYCLASS = 9 (count),crash_record,0.5006800039785051,higher -> less likely,0.01200600300150075
y_injury,cevent__AOI2=9,cevent.AOI2 = 9 Clock Point (count),crash_record,0.5006745718622663,higher -> more likely,0.036299399699849924
y_injury,vevent__AOI2=9,vevent.AOI2 = 9 Clock Point (count),crash_record,0.5006745718622663,higher -> more likely,0.036299399699849924
y_injury,vpictrailerdecode__TRAILERBODYTYPEID=36.0,vpictrailerdecode.TRAILERBODYTYPEID = 36 (count),crash_record,0.5006660315192895,higher -> less likely,0.003182841420710355
y_injury,vpicdecode__LANECENTERINGASSISTANCEID=3.0,vpicdecode.LANECENTERINGASSISTANCEID = 3 (count),crash_record,0.5006636483649153,higher -> less likely,0.004064532266133066
y_injury,parkwork__PHOUR=16,parkwork.PHOUR = 4:00pm-4:59pm (count),crash_record,0.5006633270001587,higher -> less likely,0.0022261130565282643
y_injury,parkwork__PMONTH=5,parkwork.PMONTH = May (count),crash_record,0.5006584707343971,higher -> less likely,0.003070285142571286
y_injury,vpicdecode__EVENTDATARECORDERID=1.0,vpicdecode.EVENTDATARECORDERID = 1 (count),crash_record,0.5006522503560955,higher -> less likely,0.005821660830415207
y_injury,driverrf__DRIVERRF=16,driverrf.DRIVERRF = Police or Law Enforcement Officer (count),crash_record,0.5006442181210984,higher -> less likely,0.0060967983991996
y_injury,vehicle__P_CRASH3=9,vehicle.P_CRASH3 = Braking and steering right (count),crash_record,0.5006239638208053,higher -> more likely,0.00476488244122061
y_injury,parkwork__PHOUR=17,parkwork.PHOUR = 5:00pm-5:59pm (count),crash_record,0.5006202024245171,higher -> less likely,0.002032266133066533
y_injury,vpicdecode__BACKUPCAMERAID=3.0,vpicdecode.BACKUPCAMERAID = 3 (count),crash_record,0.5006199309050514,higher -> less likely,0.007547523761880941
y_injury,parkwork__PIMPACT1=63,parkwork.PIMPACT1 = Left-Back Side (count),post_crash,0.500613634777607,higher -> less likely,0.0016133066533266633
y_injury,parkwork__PMAKE=7,parkwork.PMAKE = Dodge (count),crash_record,0.5006085119376605,higher -> less likely,0.0029639819909954975
y_injury,vpicdecode__FUELTYPESECONDARYID=2.0,vpicdecode.FUELTYPESECONDARYID = 2 (count),crash_record,0.5006062488044667,higher -> less likely,0.030058779389694847
y_injury,parkwork__PHOUR=12,parkwork.PHOUR = 12:00pm-12:59pm (count),crash_record,0.5006025882762077,higher -> less likely,0.0020510255127563783
y_injury,parkwork__PBODYTYP=15,"parkwork.PBODYTYP = Large utility (ANSI D16.1 Utility Vehicle Categories and ""Full Size"" and ""Large"") (count)",crash_record,0.5006015545555241,higher -> less likely,0.00243871935967984
y_injury,person__VPICBODYCLASS=3.0,person.VPICBODYCLASS = 3 (count),crash_record,0.500597265741112,higher -> less likely,0.041758379189594796
y_injury,person__BODY_TYP=2.0,person.BODY_TYP = 2 (count),crash_record,0.5005960813071084,higher -> less likely,0.04488494247123562
y_injury,vpicdecode__LANECENTERINGASSISTANCEID=1.0,vpicdecode.LANECENTERINGASSISTANCEID = 1 (count),crash_record,0.500591233518971,higher -> less likely,0.019047023511755877
y_injury,vpicdecode__AIRBAGLOCFRONTID=1.0,vpicdecode.AIRBAGLOCFRONTID = 1 (count),crash_record,0.5005844940431765,higher -> less likely,0.004614807403701851
y_injury,vehicle__VPICBODYCLASS=3,vehicle.VPICBODYCLASS = Coupe (count),crash_record,0.5005793631965849,higher -> less likely,0.041739619809904954
y_injury,vehicle__BODY_TYP=2,"vehicle.BODY_TYP = 2-door sedan,hardtop,coupe (count)",crash_record,0.5005762134451875,higher -> less likely,0.04487243621810905
y_injury,vpicdecode__BODYCLASSID=3.0,vpicdecode.BODYCLASSID = 3 (count),crash_record,0.500575882425359,higher -> less likely,0.04744247123561781
y_injury,vehicle__VTRAFCON=40,vehicle.VTRAFCON = Warning Sign (count),crash_record,0.5005725808616902,higher -> more likely,0.004871185592796398
y_injury,vehicle__MAKE=35,vehicle.MAKE = Nissan/Datsun (count),crash_record,0.5005723515733527,higher -> less likely,0.1307903951975988
y_injury,vehicle__PCRASH4=3,vehicle.PCRASH4 = Skidding laterally clockwise rotation (count),crash_record,0.5005709603010163,higher -> more likely,0.007572536268134067
y_injury,parkwork__PHARM_EV=8,parkwork.PHARM_EV = Pedestrian (count),crash_record,0.5005657175183859,higher -> more likely,0.0006003001500750375
y_injury,parkwork__PIMPACT1=8,parkwork.PIMPACT1 = 8 Clock Point (count),post_crash,0.5005609298585834,higher -> less likely,0.0014694847423711856
y_injury,person__GVWR_FROM=99.0,person.GVWR_FROM = 99 (count),crash_record,0.5005590493959289,higher -> less likely,0.0042021010505252625
y_injury,parkwork__PHOUR=19,parkwork.PHOUR = 7:00pm-7:59pm (count),crash_record,0.5005580017813611,higher -> less likely,0.0019384692346173086
y_injury,vehicle__GVWR_FROM=99,vehicle.GVWR_FROM = Reported as Unknown (count),crash_record,0.500552315100905,higher -> less likely,0.004195847923961981
y_injury,person__GVWR_TO=99.0,person.GVWR_TO = 99 (count),crash_record,0.5005480326447111,higher -> less likely,0.004227113556778389
y_injury,weather__WEATHERCODE=98.0,weather.WEATHERCODE = 98 (count),crash_record,0.5005456173852597,higher -> more likely,0.015657828914457227
y_injury,vpicdecode__FUELTYPEPRIMARYID=2.0,vpicdecode.FUELTYPEPRIMARYID = 2 (count),crash_record,0.5005448153078093,higher -> more likely,0.00891695847923962
y_injury,vehicle__GVWR_TO=99,vehicle.GVWR_TO = Reported as Unknown (count),crash_record,0.5005412963087776,higher -> less likely,0.004220860430215107
y_injury,vpicdecode__DESTINATIONMARKETID=16.0,vpicdecode.DESTINATIONMARKETID = 16 (count),crash_record,0.5005382978986725,higher -> less likely,0.01501375687843922
y_injury,vpicdecode__BLINDSPOTINTERVENTIONID=1.0,vpicdecode.BLINDSPOTINTERVENTIONID = 1 (count),crash_record,0.5005320482411685,higher -> less likely,0.00560280140070035
y_injury,parkwork__PUNDEROVERRIDE=7.0,parkwork.PUNDEROVERRIDE = Not Applicable (count),crash_record,0.5005279035463688,higher -> more likely,0.0013194097048524261
y_injury,vision__VISION=97,vision.VISION = Vision Obscured - No Details (count),crash_record,0.5005275264490824,higher -> more likely,0.003983241620810405
y_injury,vehicle__SPEEDREL=9,vehicle.SPEEDREL = Reported as Unknown (count),crash_record,0.5005245366735948,higher -> more likely,0.027601300650325164
y_injury,nmprior__NMACTION=2,nmprior.NMACTION = Waiting to Cross Roadway (count),crash_record,0.5005237006071507,higher -> more likely,0.0005690345172586293
y_injury,person__REST_USE=8,person.REST_USE = Restraint Used - Type Unknown (count),crash_record,0.5005207664071997,higher -> more likely,0.00430840420210105
y_injury,vpicdecode__GROSSVEHICLEWEIGHTRATINGTOID=8.0,vpicdecode.GROSSVEHICLEWEIGHTRATINGTOID = 8 (count),crash_record,0.5005204773045131,higher -> less likely,0.0009129564782391196
y_injury,person__REST_USE=12,person.REST_USE = Booster Seat (count),crash_record,0.5005171109812147,higher -> more likely,0.006809654827413707
y_injury,pbtype__PEDLOC=4,pbtype.PEDLOC = Non-Trafficway Location (count),crash_record,0.5005126815010371,higher -> more likely,0.0005440220110055027
y_injury,vehicle__VEVENT_IM=34,vehicle.VEVENT_IM = Ditch (count),crash_record,0.5005083989663467,higher -> less likely,0.01330040020010005
y_injury,vpicdecode__FUELDELIVERYINJECTIONTYPEID=6.0,vpicdecode.FUELDELIVERYINJECTIONTYPEID = 6 (count),crash_record,0.5005067747948329,higher -> less likely,0.0023261630815407702
y_injury,nmdistract__NMDISTRACT=92,"nmdistract.NMDISTRACT = Distraction (Distracted), Details Unknown (count)",crash_record,0.5005008957194041,higher -> more likely,0.0005315157578789395
y_injury,parkwork__PMAKE=2,parkwork.PMAKE = Jeep / Kaiser-Jeep / Willys- Jeep (count),crash_record,0.5004963304402454,higher -> less likely,0.0016445722861430714
y_injury,vehicle__VNUM_LAN=6,vehicle.VNUM_LAN = Six lanes (count),crash_record,0.5004930110578665,higher -> more likely,0.0262943971985993
y_injury,parkwork__PTOWED=2,parkwork.PTOWED = 2 (count),post_crash,0.5004917438100331,higher -> more likely,0.0029327163581790894
y_injury,vehicle__VTRAFCON=1,vehicle.VTRAFCON = Traffic control signal (on colors) without Pedestrian Signal (count),crash_record,0.5004887603142669,higher -> less likely,0.003558029014507254
y_injury,driverrf__DRIVERRF=54,driverrf.DRIVERRF = Stopped in Roadway (Vehicle Not Abandoned) (count),crash_record,0.5004810663207786,higher -> more likely,0.0037206103051525764
y_injury,nmdistract__NMDISTRACT=12,"nmdistract.NMDISTRACT = Distracted by Animal, Other Object, Event, or Activity (count)",crash_record,0.500477324156138,higher -> more likely,0.0005065032516258129
y_injury,parkwork__PHOUR=23,parkwork.PHOUR = 11:00pm-11:59pm (count),crash_record,0.5004665698187896,higher -> less likely,0.0015695347673836918
y_injury,parkwork__PBODYTYP=6,parkwork.PBODYTYP = Station Wagon (excluding van and truck based) (count),crash_record,0.500466284483936,higher -> less likely,0.0020760380190095046
y_injury,vpicdecode__AXLECONFIGURATIONID=2.0,vpicdecode.AXLECONFIGURATIONID = 2 (count),crash_record,0.5004561158876264,higher -> less likely,0.0015007503751875938
y_injury,parkwork__PIMPACT1=61,parkwork.PIMPACT1 = Left (count),post_crash,0.5004379339739815,higher -> less likely,0.001306903451725863
y_injury,crashrf__CRASHRF=28,crashrf.CRASHRF = Regular Congestion (count),crash_record,0.5004340041241595,higher -> less likely,0.002469984992496248
y_injury,person__IMPACT1=9.0,person.IMPACT1 = 9 (count),crash_record,0.5004329767616941,higher -> more likely,0.045053776888444225
y_injury,vehicle__BODY_TYP=49,"vehicle.BODY_TYP = Unknown light vehicle type (automobile,utility vehicle, van, or light truck) (count)",crash_record,0.5004308130050955,higher -> more likely,0.04552276138069034
y_injury,parkwork__PMAKE=55,parkwork.PMAKE = Hyundai (count),crash_record,0.500430233779268,higher -> less likely,0.0014882441220610304
y_injury,parkwork__PBODYTYP=2,"parkwork.PBODYTYP = 2-door sedan,hardtop,coupe (count)",crash_record,0.5004194794419194,higher -> less likely,0.0013131565782891447
y_injury,vehicle__MAKE=63,vehicle.MAKE = KIA (count),crash_record,0.500418560875632,higher -> less likely,0.05700975487743872
y_injury,vehicle__DR_PRES=0,vehicle.DR_PRES = No Driver Present/Not Applicable (count),crash_record,0.5004165517571797,higher -> more likely,0.0035455227613806904
y_injury,vehicle__VTRAFCON=4,vehicle.VTRAFCON = Flashing Traffic Control Signal (count),crash_record,0.5004087593290539,higher -> more likely,0.003045272636318159
y_injury,vehicle__SPEEDREL=8,vehicle.SPEEDREL = No Driver Present/Unknown if Driver Present (count),crash_record,0.5004075931062432,higher -> more likely,0.003589294647323662
y_injury,vehicle__P_CRASH3=0,vehicle.P_CRASH3 = No Driver Present / Unknown if Driver Present (count),crash_record,0.5004075931062432,higher -> more likely,0.003589294647323662
y_injury,vehicle__PCRASH4=0,vehicle.PCRASH4 = No Driver Present / Unknown if Driver Present (count),crash_record,0.5004075931062432,higher -> more likely,0.003589294647323662
y_injury,vehicle__PCRASH5=0,vehicle.PCRASH5 = No Driver Present / Unknown if Driver Present (count),crash_record,0.5004075931062432,higher -> more likely,0.003589294647323662
y_injury,distract__DRDISTRACT=16,distract.DRDISTRACT = No Driver Present/Unknown if Driver present (count),crash_record,0.5004075931062432,higher -> more likely,0.003589294647323662
y_injury,drimpair__DRIMPAIR=95,drimpair.DRIMPAIR = No Driver Present/Unknown if Driver Present (count),crash_record,0.5004075931062432,higher -> more likely,0.003589294647323662
y_injury,maneuver__MANEUVER=95,maneuver.MANEUVER = No Driver Present/Unknown if Driver present (count),crash_record,0.5004075931062432,higher -> more likely,0.003589294647323662
y_injury,vision__VISION=95,vision.VISION = No Driver Present/Unknown if Driver present (count),crash_record,0.5004075931062432,higher -> more likely,0.003589294647323662
y_injury,vpicdecode__ADAPTIVECRUISECONTROLID=2.0,vpicdecode.ADAPTIVECRUISECONTROLID = 2 (count),crash_record,0.5004051976279149,higher -> more likely,0.004239619809904952
y_injury,vpicdecode__ENGINESTROKECYCLES__min,vpicdecode.ENGINESTROKECYCLES__min,crash_record,0.5004044650198856,higher -> less likely,1.0
y_injury,parkwork__PHOUR=20,parkwork.PHOUR = 8:00pm-8:59pm (count),crash_record,0.5004020694630609,higher -> less likely,0.0018509254627313656
y_injury,vpicdecode__ENGINECONFIGURATIONID=5.0,vpicdecode.ENGINECONFIGURATIONID = 5 (count),crash_record,0.5004017601082721,higher -> more likely,0.0031703351675837917
y_injury,vpicdecode__TRANSMISSIONSTYLEID=8.0,vpicdecode.TRANSMISSIONSTYLEID = 8 (count),crash_record,0.5003993551318648,higher -> more likely,0.0022886443221610806
y_injury,vpicdecode__PLANTCOUNTRYID=10.0,vpicdecode.PLANTCOUNTRYID = 10 (count),crash_record,0.5003959775050674,higher -> less likely,0.003895697848924462
y_injury,pbtype__PEDLOC=9,pbtype.PEDLOC = Unknown / Insufficient Information (count),crash_record,0.5003948236847068,higher -> more likely,0.00041895947973986995
y_injury,pbtype__PEDPOS=8,pbtype.PEDPOS = Non-Trafficway - Parking Lot/Other (count),crash_record,0.5003948236847068,higher -> more likely,0.00041895947973986995
y_injury,parkwork__PVPICBODYCLASS=3,parkwork.PVPICBODYCLASS = Coupe (count),crash_record,0.5003941388810584,higher -> less likely,0.0012068534267133566
y_injury,distract__DRDISTRACT=3,distract.DRDISTRACT = By Other Occupant(s) (count),crash_record,0.5003907833117834,higher -> more likely,0.003758129064532266
y_injury,distract__DRDISTRACT=96,distract.DRDISTRACT = Not Reported (count),crash_record,0.5003895761137885,higher -> less likely,0.5092608804402201
y_injury,person__BODY_TYP=49.0,person.BODY_TYP = 49 (count),crash_record,0.5003871493938451,higher -> more likely,0.045679089544772386
y_injury,parkwork__PBODYTYP=20,"parkwork.PBODYTYP = Minivan (Chrysler Town and Country, Caravan, Grand Caravan, Voyager, Voyager, Honda-Odyssey, ...) (count)",crash_record,0.5003859081283601,higher -> less likely,0.0014819909954977488
y_injury,weather__WEATHER=99.0,weather.WEATHER = Reported as Unknown (count),crash_record,0.5003849494503505,higher -> less likely,0.0010567783891945973
y_injury,person__REST_USE=1,person.REST_USE = Shoulder Belt Only Used (count),crash_record,0.5003825843501759,higher -> more likely,0.009292146073036519
y_injury,parkwork__PHOUR=18,parkwork.PHOUR = 6:00pm-6:59pm (count),crash_record,0.5003800159440124,higher -> less likely,0.0019009504752376188
y_injury,nmimpair__NMIMPAIR=8,"nmimpair.NMIMPAIR = Emotional (depressed, angry, disturbed, etc.) (count)",crash_record,0.5003771450122572,higher -> more likely,0.00040020010005002504
y_injury,parkwork__PIMPACT1=5,parkwork.PIMPACT1 = 5 Clock Point (count),post_crash,0.5003751533200325,higher -> less likely,0.0016133066533266633
y_injury,parkwork__PVPICBODYCLASS=5,parkwork.PVPICBODYCLASS = Hatchback/Liftback/Notchback (count),crash_record,0.5003718683191297,higher -> less likely,0.0014569784892446223
y_injury,vehicle__PCRASH5=9,vehicle.PCRASH5 = Unknown (count),crash_record,0.5003703993352376,higher -> more likely,0.0038706853426713358
y_injury,vpicdecode__ENGINESTROKECYCLES__max,vpicdecode.ENGINESTROKECYCLES__max,crash_record,0.5003691153676454,higher -> less likely,1.0
y_injury,pbtype__PBPTYPE=13,pbtype.PBPTYPE = 13 (count),crash_record,0.5003638246236407,higher -> more likely,0.0004127063531765883
y_injury,parkwork__PBODYTYP=5,parkwork.PBODYTYP = 5-door/4-door hatchback (count),crash_record,0.5003629089617245,higher -> less likely,0.0011068034017008505
y_injury,person__DEVTYPE=5.0,person.DEVTYPE = 5 (count),crash_record,0.5003594663398077,higher -> more likely,0.00038144072036018007
y_injury,parkwork__PBODYTYP=9,parkwork.PBODYTYP = Other or Unknown automobile type (count),crash_record,0.5003583208400783,higher -> less likely,0.002469984992496248
y_injury,vsoe__AOI=3,vsoe.AOI = 3 Clock Point (count),crash_record,0.500357825919514,higher -> more likely,0.036987243621810904
y_injury,parkwork__PMAN_COLL=1,parkwork.PMAN_COLL = Front-to-Rear (count),crash_record,0.5003551228133206,higher -> more likely,0.0006565782891445723
y_injury,distract__DRDISTRACT=10,distract.DRDISTRACT = While Using or Reaching for Device/Object Brought into Vehicle (count),crash_record,0.5003471675834106,higher -> more likely,0.006922211105552777
y_injury,vpicdecode__GROSSVEHICLEWEIGHTRATINGFROMID=1.0,vpicdecode.GROSSVEHICLEWEIGHTRATINGFROMID = 1 (count),crash_record,0.5003435983466056,higher -> less likely,0.028551775887943973
y_injury,nmimpair__NMIMPAIR=10,nmimpair.NMIMPAIR = Physical Impairment - No Details (count),crash_record,0.5003417876673582,higher -> more likely,0.00036268134067033516
y_injury,vpicdecode__DAYTIMERUNNINGLIGHTID=2.0,vpicdecode.DAYTIMERUNNINGLIGHTID = 2 (count),crash_record,0.5003407590489484,higher -> more likely,0.0030390195097548776
y_injury,vpicdecode__ENGINEELECTRIFICATIONLEVELID=2.0,vpicdecode.ENGINEELECTRIFICATIONLEVELID = 2 (count),crash_record,0.5003395960444947,higher -> less likely,0.018315407703851927
y_injury,vpicdecode__LANEKEEPINGASSISTANCEID=4.0,vpicdecode.LANEKEEPINGASSISTANCEID = 4 (count),crash_record,0.5003380340422254,higher -> more likely,0.006459479739869935
y_injury,person__MAKE=63.0,person.MAKE = 63 (count),crash_record,0.50033681287185,higher -> less likely,0.057066033016508255
y_injury,pbtype__PBSZONE=1,pbtype.PBSZONE = Yes (count),crash_record,0.5003241089949085,higher -> more likely,0.00034392196098049024
y_injury,person__REST_USE=11,person.REST_USE = Child Restraint System - Rear Facing (count),crash_record,0.5003232810921027,higher -> more likely,0.008441720860430215
y_injury,vpicdecode__FUELDELIVERYINJECTIONTYPEID=7.0,vpicdecode.FUELDELIVERYINJECTIONTYPEID = 7 (count),crash_record,0.5003085013746662,higher -> less likely,0.0021635817908954476
y_injury,parkwork__PMAKE=63,parkwork.PMAKE = KIA (count),crash_record,0.5003073035177574,higher -> less likely,0.0013256628314157078
y_injury,vehicle__PCRASH1_IM=12,vehicle.PCRASH1_IM = Making a U-turn (count),crash_record,0.5003065269516761,higher -> more likely,0.011261880940470235
y_injury,vpicdecode__WHEELBASETYPEID=6.0,vpicdecode.WHEELBASETYPEID = 6 (count),crash_record,0.5003009057373186,higher -> less likely,0.0011193096548274136
y_injury,vpictrailerdecode__TRAILERTYPECONNECTIONID=4.0,vpictrailerdecode.TRAILERTYPECONNECTIONID = 4 (count),crash_record,0.500297278570081,higher -> less likely,0.001775887943971986
y_injury,vpicdecode__WINDOWS__min,vpicdecode.WINDOWS__min,crash_record,0.5002922996927538,higher -> less likely,1.0
y_injury,parkwork__PHOUR=21,parkwork.PHOUR = 9:00pm-9:59pm (count),crash_record,0.5002897808963913,higher -> less likely,0.001863431715857929
y_injury,vevent__AOI1=3,vevent.AOI1 = 3 Clock Point (count),crash_record,0.500289174275278,higher -> less likely,0.016139319659829916
y_injury,parkwork__PIMPACT1=1,parkwork.PIMPACT1 = 1 Clock Point (count),post_crash,0.5002852915233684,higher -> less likely,0.0010692846423211607
y_injury,vpictrailerdecode__AXLESCOUNT__max,vpictrailerdecode.AXLESCOUNT__max,crash_record,0.5002778184190898,higher -> more likely,0.9999937468734367
y_injury,pbtype__PEDPOS=6,pbtype.PEDPOS = Unpaved Right-of-Way (count),crash_record,0.5002769658683764,higher -> more likely,0.0002938969484742371
y_injury,parkwork__PVE_FORMS=3,parkwork.PVE_FORMS = 3 (count),crash_record,0.500276720488252,higher -> more likely,0.00040020010005002504
y_injury,person__DEVTYPE=7.0,person.DEVTYPE = 7 (count),crash_record,0.5002710729775599,higher -> more likely,0.0002876438219109555
y_injury,parkwork__PVPICBODYCLASS=2,parkwork.PVPICBODYCLASS = Minivan (count),crash_record,0.5002701497799775,higher -> less likely,0.0012318659329664833
y_injury,vehicle__BDYTYP_IM=2.0,vehicle.BDYTYP_IM = 2 (count),crash_record,0.5002695643529248,higher -> more likely,0.017296148074037017
y_injury,vpicdecode__WINDOWS__max,vpicdecode.WINDOWS__max,crash_record,0.5002646161677373,higher -> less likely,1.0
y_injury,vpicdecode__AUTOMATICCRASHNOTIFICATIONID=2.0,vpicdecode.AUTOMATICCRASHNOTIFICATIONID = 2 (count),crash_record,0.5002617433520655,higher -> more likely,0.007497498749374687
y_injury,vehicle__BDYTYP_IM=20.0,vehicle.BDYTYP_IM = 20 (count),crash_record,0.5002591949625148,higher -> more likely,0.01643321660830415
y_injury,vehicle__BDYTYP_IM=5.0,vehicle.BDYTYP_IM = 5 (count),crash_record,0.5002580431830638,higher -> less likely,0.014857428714357178
y_injury,pbtype__PBAGE__max,pbtype.PBAGE__max,crash_record,0.5002551916399492,higher -> less likely,0.9999687343671836
y_injury,cevent__AOI1=3,cevent.AOI1 = 3 Clock Point (count),crash_record,0.5002535677824215,higher -> less likely,0.016139319659829916
y_injury,vpicdecode__ENGINEELECTRIFICATIONLEVELID=9.0,vpicdecode.ENGINEELECTRIFICATIONLEVELID = 9 (count),crash_record,0.5002520673214246,higher -> less likely,0.010455227613806904
y_injury,vsoe__AOI=9,vsoe.AOI = 9 Clock Point (count),crash_record,0.5002512912263225,higher -> less likely,0.03714357178589295
y_injury,vpicdecode__DESTINATIONMARKETID=15.0,vpicdecode.DESTINATIONMARKETID = 15 (count),crash_record,0.5002480088158049,higher -> less likely,0.002507503751875938
y_injury,vpictrailerdecode__AXLESCOUNT__min,vpictrailerdecode.AXLESCOUNT__min,crash_record,0.5002463115640301,higher -> more likely,0.9999937468734367
y_injury,parkwork__PHARM_EV=33,parkwork.PHARM_EV = Curb (count),crash_record,0.5002462456269525,higher -> more likely,0.000487743871935968
y_injury,vpicdecode__DESTINATIONMARKETID=17.0,vpicdecode.DESTINATIONMARKETID = 17 (count),crash_record,0.5002391126480991,higher -> more likely,0.014932466233116557
y_injury,parkwork__PTOWED=3,parkwork.PTOWED = 3 (count),post_crash,0.5002365086045149,higher -> more likely,0.0005440220110055027
y_injury,nmdistract__NMDISTRACT=15,nmdistract.NMDISTRACT = Other Mobile Phone Related (count),crash_record,0.5002357156326608,higher -> more likely,0.0002501250625312656
y_injury,vehicle__PCRASH4=5,"vehicle.PCRASH4 = Skidding Laterally, Rotation Direction Unknown (count)",crash_record,0.5002351353863784,higher -> more likely,0.004964982491245623
y_injury,driverrf__DRIVERRF=10,driverrf.DRIVERRF = Looked But Did Not See (count),crash_record,0.5002330247719246,higher -> more likely,0.003976988494247123
y_injury,vpicdecode__AUTOPEDESTRIANALERTINGSOUNDID=1.0,vpicdecode.AUTOPEDESTRIANALERTINGSOUNDID = 1 (count),crash_record,0.5002308992431317,higher -> less likely,0.018909454727363682
y_injury,parkwork__PMAKE=48,parkwork.PMAKE = Subaru (count),crash_record,0.500229445644558,higher -> less likely,0.0008754377188594297
y_injury,vpicdecode__PARKASSISTID=2.0,vpicdecode.PARKASSISTID = 2 (count),crash_record,0.5002288027580517,higher -> more likely,0.008648074037018508
y_injury,parkwork__PMAN_COLL=2,parkwork.PMAN_COLL = Front-to-Front (count),crash_record,0.5002280466010659,higher -> more likely,0.00037518759379689845
y_injury,vpicdecode__DESTINATIONMARKETID=14.0,vpicdecode.DESTINATIONMARKETID = 14 (count),crash_record,0.5002272921710037,higher -> more likely,0.007034767383691846
y_injury,vpicdecode__AUTOPEDESTRIANALERTINGSOUNDID=2.0,vpicdecode.AUTOPEDESTRIANALERTINGSOUNDID = 2 (count),crash_record,0.5002247099494525,higher -> more likely,0.008816908454227114
y_injury,parkwork__PMAKE=6,parkwork.PMAKE = Chrysler (count),crash_record,0.5002161404842664,higher -> less likely,0.0008629314657328664
y_injury,vpictrailerdecode__TRAILERTYPECONNECTIONID=1.0,vpictrailerdecode.TRAILERTYPECONNECTIONID = 1 (count),crash_record,0.5002138672250214,higher -> less likely,0.0005190095047523761
y_injury,vehicle__IMPACT1_IM=3,vehicle.IMPACT1_IM = 3 Clock Point (count),crash_record,0.500212962238632,higher -> more likely,0.04679214607303652
y_injury,vpictrailerdecode__TRAILERTYPECONNECTIONID=6.0,vpictrailerdecode.TRAILERTYPECONNECTIONID = 6 (count),crash_record,0.500212581295016,higher -> less likely,0.0006003001500750375
y_injury,vpicdecode__WHEELBASETYPEID=4.0,vpicdecode.WHEELBASETYPEID = 4 (count),crash_record,0.5002103025410145,higher -> less likely,0.0028139069534767382
y_injury,distract__DRDISTRACT=15,distract.DRDISTRACT = Other Mobile Phone Related (count),crash_record,0.5002079840677733,higher -> more likely,0.006228114057028515
y_injury,parkwork__PVPICBODYCLASS=8,parkwork.PVPICBODYCLASS = Crossover Utility Vehicle (CUV) (count),crash_record,0.5002064395702284,higher -> less likely,0.0005002501250625312
y_injury,parkwork__PHOUR=0,parkwork.PHOUR = 0:00am-0:59am (count),crash_record,0.5002057797284737,higher -> less likely,0.0015132566283141571
y_injury,pbtype__BIKEPOS=9,pbtype.BIKEPOS = Unknown (count),crash_record,0.5002054838750866,higher -> more likely,0.0002313656828414207
y_injury,nmdistract__NMDISTRACT=5,nmdistract.NMDISTRACT = While Talking or Listening to Mobile Phone (count),crash_record,0.5001995909057734,higher -> more likely,0.00022511255627813908
y_injury,vehicle__VNUM_LAN=7,vehicle.VNUM_LAN = Seven or more lanes (count),crash_record,0.5001986663737503,higher -> more likely,0.010661580790395198
y_injury,vpicdecode__DESTINATIONMARKETID=18.0,vpicdecode.DESTINATIONMARKETID = 18 (count),crash_record,0.5001982432775026,higher -> more likely,0.004952476238119059
y_injury,vpicdecode__ENGINEELECTRIFICATIONLEVELID=3.0,vpicdecode.ENGINEELECTRIFICATIONLEVELID = 3 (count),crash_record,0.5001980870694261,higher -> more likely,0.0031140570285142573
y_injury,parkwork__PHOUR=22,parkwork.PHOUR = 10:00pm-10:59pm (count),crash_record,0.5001967611846917,higher -> less likely,0.001775887943971986
y_injury,parkwork__PMAN_COLL=7,parkwork.PMAN_COLL = Sideswipe - Same Direction (count),crash_record,0.5001957972474151,higher -> more likely,0.0005940470235117559
y_injury,crashrf__CRASHRF=3,crashrf.CRASHRF = Other Maintenance or Construction-Created Condition (count),crash_record,0.5001957100377804,higher -> more likely,0.0025387693846923463
y_injury,vpicdecode__GROSSVEHICLEWEIGHTRATINGTOID=9.0,vpicdecode.GROSSVEHICLEWEIGHTRATINGTOID = 9 (count),crash_record,0.5001948421802453,higher -> less likely,0.0012318659329664833
y_injury,vpicdecode__DYNAMICBRAKESUPPORTID=3.0,vpicdecode.DYNAMICBRAKESUPPORTID = 3 (count),crash_record,0.5001935118997058,higher -> less likely,0.004483491745872936
y_injury,vpictrailerdecode__AXLECONFIGURATIONID=3.0,vpictrailerdecode.AXLECONFIGURATIONID = 3 (count),crash_record,0.500192105477541,higher -> less likely,0.00036893446723361683
y_injury,parkwork__PMAKE=23,parkwork.PMAKE = GMC (count),crash_record,0.5001919780776877,higher -> less likely,0.0015945472736368185
y_injury,vpicdecode__EVENTDATARECORDERID=2.0,vpicdecode.EVENTDATARECORDERID = 2 (count),crash_record,0.500190367800058,higher -> more likely,0.008660580290145072
y_injury,nmdistract__NMDISTRACT=6,nmdistract.NMDISTRACT = While Manipulating Mobile Phone (count),crash_record,0.5001885725061286,higher -> more likely,0.00020010005002501252
y_injury,vpicdecode__REARCROSSTRAFFICALERTID=3.0,vpicdecode.REARCROSSTRAFFICALERTID = 3 (count),crash_record,0.5001882962768716,higher -> more likely,0.002557528764382191
y_injury,vpicdecode__BATTERYPACKSPERVEHICLE__min,vpicdecode.BATTERYPACKSPERVEHICLE__min,crash_record,0.500186951081993,higher -> less likely,1.0
y_injury,vpicdecode__BATTERYPACKSPERVEHICLE__max,vpicdecode.BATTERYPACKSPERVEHICLE__max,crash_record,0.500186951081993,higher -> less likely,1.0
y_injury,vpicdecode__HEADLAMPLIGHTSOURCEID=2.0,vpicdecode.HEADLAMPLIGHTSOURCEID = 2 (count),crash_record,0.5001868471525994,higher -> less likely,0.0019197098549274638
y_injury,vehicle__VALIGN=4,vehicle.VALIGN = Curve - Unknown Direction (count),crash_record,0.5001853660802432,higher -> more likely,0.010686593296648323
y_injury,vpictrailerdecode__TRAILERBODYTYPEID=6.0,vpictrailerdecode.TRAILERBODYTYPEID = 6 (count),crash_record,0.5001848972990204,higher -> less likely,0.0007628814407203601
y_injury,vpicdecode__AIRBAGLOCSIDEID=1.0,vpicdecode.AIRBAGLOCSIDEID = 1 (count),crash_record,0.5001842570813959,higher -> more likely,0.0033391695847923963
y_injury,vpicdecode__FUELDELIVERYINJECTIONTYPEID=5.0,vpicdecode.FUELDELIVERYINJECTIONTYPEID = 5 (count),crash_record,0.5001821578489377,higher -> more likely,0.005215107553776888
y_injury,vpicdecode__BLINDSPOTWARNINGID=2.0,vpicdecode.BLINDSPOTWARNINGID = 2 (count),crash_record,0.5001802179644168,higher -> more likely,0.0012568784392196098
y_injury,vpicdecode__KEYLESSIGNITIONID=2.0,vpicdecode.KEYLESSIGNITIONID = 2 (count),crash_record,0.5001801890776971,higher -> more likely,0.0009504752376188094
y_injury,vpictrailerdecode__TRAILERBODYTYPEID=16.0,vpictrailerdecode.TRAILERBODYTYPEID = 16 (count),crash_record,0.5001762077341574,higher -> less likely,0.0005190095047523761
y_injury,nmimpair__NMIMPAIR=96,nmimpair.NMIMPAIR = Other Physical Impairment (count),crash_record,0.5001752521175121,higher -> more likely,0.00021260630315157579
y_injury,parkwork__PTOWED=7,parkwork.PTOWED = 7 (count),post_crash,0.5001720169619,higher -> more likely,0.0009817408704352177
y_injury,parkwork__PSP_USE=5,parkwork.PSP_USE = Police (count),crash_record,0.5001700509380377,higher -> less likely,0.00041895947973986995
y_injury,pbtype__PBPTYPE=7,pbtype.PBPTYPE = Other Pedalcyclist (count),crash_record,0.5001642337178673,higher -> more likely,0.00018759379689844922
y_injury,crashrf__CRASHRF=19,crashrf.CRASHRF = Recent/Previous Crash scene Nearby (count),crash_record,0.5001622052107744,higher -> more likely,0.005846673336668334
y_injury,vpicdecode__WHEELBASETYPEID=3.0,vpicdecode.WHEELBASETYPEID = 3 (count),crash_record,0.5001599981240965,higher -> less likely,0.0011755877938969485
y_injury,parkwork__PM_HARM=8,parkwork.PM_HARM = Pedestrian (count),crash_record,0.500159108052046,higher -> more likely,0.0001688344172086043
y_injury,nmdistract__NMDISTRACT=2,nmdistract.NMDISTRACT = By Other Non-Motorist(s) (count),crash_record,0.500159108052046,higher -> more likely,0.0001688344172086043
y_injury,parkwork__PCARGTYP=99,parkwork.PCARGTYP = Unknown (count),crash_record,0.5001574327792973,higher -> less likely,0.0010317658829414708
y_injury,person__ATST_TYP=2,person.ATST_TYP = Breath Test (AC) (count),post_crash,0.5001565544032284,higher -> more likely,0.006759629814907454
y_injury,cevent__AOI2=62,cevent.AOI2 = Left-Front Side (count),crash_record,0.5001550784331459,higher -> less likely,0.01833416708354177
y_injury,vevent__AOI2=62,vevent.AOI2 = Left-Front Side (count),crash_record,0.5001550784331459,higher -> less likely,0.01833416708354177
y_injury,person__IMPACT1=3.0,person.IMPACT1 = 3 (count),crash_record,0.5001535940639358,higher -> more likely,0.046060530265132564
y_injury,parkwork__PV_CONFIG=99,parkwork.PV_CONFIG = Unknown (count),crash_record,0.5001530744169675,higher -> less likely,0.001063031515757879
y_injury,vpicdecode__PLANTCOUNTRYID=28.0,vpicdecode.PLANTCOUNTRYID = 28 (count),crash_record,0.5001517808727998,higher -> more likely,0.003970735367683842
y_injury,parkwork__PTRAILER=1,parkwork.PTRAILER = One Trailer (count),crash_record,0.5001494823376749,higher -> more likely,0.0011443221610805403
y_injury,vpictrailerdecode__PLANTCOUNTRYID=12.0,vpictrailerdecode.PLANTCOUNTRYID = 12 (count),crash_record,0.5001464522149752,higher -> less likely,0.0007503751875937969
y_injury,vision__VISION=1,"vision.VISION = Rain, Snow, Fog, Smoke, Sand, Dust (count)",crash_record,0.5001458339763769,higher -> less likely,0.004639819909954978
y_injury,parkwork__PGVWR_FROM=98,parkwork.PGVWR_FROM = Not Reported (count),crash_record,0.5001433596875418,higher -> less likely,0.0010067533766883441
y_injury,parkwork__PGVWR_TO=98,parkwork.PGVWR_TO = Not Reported (count),crash_record,0.5001433596875418,higher -> less likely,0.0010067533766883441
y_injury,maneuver__MANEUVER=92,maneuver.MANEUVER = Phantom/Non-Contact Motor Vehicle (count),crash_record,0.5001426086328298,higher -> less likely,0.029220860430215108
y_injury,parkwork__PTRLR1GVWR=98,parkwork.PTRLR1GVWR = Not Reported (count),crash_record,0.500142055153861,higher -> more likely,0.0011630815407703851
y_injury,parkwork__PGVWR_TO=18,"parkwork.PGVWR_TO = Class 8: 33,001 lbs. and above (14,969 kg and above) (count)",crash_record,0.5001418108726879,higher -> more likely,0.0012693846923461732
y_injury,parkwork__PVPICBODYCLASS=95,parkwork.PVPICBODYCLASS = Cargo Van (count),crash_record,0.5001393156252818,higher -> less likely,0.0005315157578789395
y_injury,vpicdecode__AIRBAGLOCSEATCUSHIONID=1.0,vpicdecode.AIRBAGLOCSEATCUSHIONID = 1 (count),crash_record,0.5001374480360568,higher -> less likely,0.0013194097048524261
y_injury,vpicdecode__GROSSVEHICLEWEIGHTRATINGFROMID=11.0,vpicdecode.GROSSVEHICLEWEIGHTRATINGFROMID = 11 (count),crash_record,0.5001371337359871,higher -> less likely,0.0615120060030015
y_injury,parkwork__PVPICBODYCLASS=9,parkwork.PVPICBODYCLASS = Van (count),crash_record,0.5001313623577849,higher -> less likely,0.0006065532766383191
y_injury,vpicdecode__ENTERTAINMENTSYSTEMID=0.0,vpicdecode.ENTERTAINMENTSYSTEMID = 0 (count),crash_record,0.500130874423411,higher -> less likely,0.00039394697348674336
y_injury,vpicdecode__EVDRIVEUNITID=0.0,vpicdecode.EVDRIVEUNITID = 0 (count),crash_record,0.500130874423411,higher -> less likely,0.00039394697348674336
y_injury,vpicdecode__BATTERYTYPEID=0.0,vpicdecode.BATTERYTYPEID = 0 (count),crash_record,0.500130874423411,higher -> less likely,0.00039394697348674336
y_injury,vpicdecode__CHARGERLEVELID=0.0,vpicdecode.CHARGERLEVELID = 0 (count),crash_record,0.500130874423411,higher -> less likely,0.00039394697348674336
y_injury,vpicdecode__FUELTYPESECONDARYID=0.0,vpicdecode.FUELTYPESECONDARYID = 0 (count),crash_record,0.500130874423411,higher -> less likely,0.00039394697348674336
y_injury,vpicdecode__ENGINEELECTRIFICATIONLEVELID=0.0,vpicdecode.ENGINEELECTRIFICATIONLEVELID = 0 (count),crash_record,0.500130874423411,higher -> less likely,0.00039394697348674336
y_injury,vpicdecode__PRETENSIONERID=0.0,vpicdecode.PRETENSIONERID = 0 (count),crash_record,0.500130874423411,higher -> less likely,0.00039394697348674336
y_injury,vpicdecode__AIRBAGLOCSEATCUSHIONID=0.0,vpicdecode.AIRBAGLOCSEATCUSHIONID = 0 (count),crash_record,0.500130874423411,higher -> less likely,0.00039394697348674336
y_injury,vpicdecode__REARAUTOMATICEMERGENCYBRAKINGID=3.0,vpicdecode.REARAUTOMATICEMERGENCYBRAKINGID = 3 (count),crash_record,0.5001246775940655,higher -> less likely,0.0009067033516758379
y_injury,parkwork__PSP_USE=98,parkwork.PSP_USE = 98 (count),crash_record,0.5001203695480059,higher -> less likely,0.0003251625812906453
y_injury,vpicdecode__ENTERTAINMENTSYSTEMID=1.0,vpicdecode.ENTERTAINMENTSYSTEMID = 1 (count),crash_record,0.5001167714244813,higher -> more likely,0.0021885942971485743
y_injury,person__TOW_VEH=0.0,person.TOW_VEH = 0 (count),crash_record,0.5001150943463123,higher -> more likely,0.9879064532266133
y_injury,weather__WEATHERCODE=5.0,weather.WEATHERCODE = 5 (count),crash_record,0.500114136453268,higher -> more likely,0.0014132066033016508
y_injury,vpicdecode__BLINDSPOTINTERVENTIONID=3.0,vpicdecode.BLINDSPOTINTERVENTIONID = 3 (count),crash_record,0.5001136303077012,higher -> less likely,0.0012381190595297648
y_injury,weather__WEATHER=5.0,"weather.WEATHER = Fog, Smog, Smoke (count)",crash_record,0.5001073468181967,higher -> less likely,0.002670085042521261
y_injury,parkwork__PIMPACT1=6,parkwork.PIMPACT1 = 6 Clock Point (count),post_crash,0.5001048383048785,higher -> less likely,0.0125
y_injury,vpicdecode__GROSSCOMBWEIGHTRATINGFROMID=5.0,vpicdecode.GROSSCOMBWEIGHTRATINGFROMID = 5 (count),crash_record,0.5001034659502037,higher -> less likely,0.00035642821410705354
y_injury,vpicdecode__FORWARDCOLLISIONWARNINGID=2.0,vpicdecode.FORWARDCOLLISIONWARNINGID = 2 (count),crash_record,0.5001022662093784,higher -> more likely,0.0030390195097548776
y_injury,vpictrailerdecode__TRAILERBODYTYPEID=5.0,vpictrailerdecode.TRAILERBODYTYPEID = 5 (count),crash_record,0.500101928595842,higher -> less likely,0.00033141570785392695
y_injury,parkwork__PEM_USE=2,"parkwork.PEM_USE = Non-Emergency, Non-Transport (count)",crash_record,0.5001014375216073,higher -> less likely,0.00011880940470235117
y_injury,parkwork__PTOWED=6,parkwork.PTOWED = Towed (count),post_crash,0.5000999132761647,higher -> more likely,0.002157328664332166
y_injury,weather__WEATHERCODE=10.0,weather.WEATHERCODE = 10 (count),crash_record,0.5000998500864652,higher -> more likely,0.04552901450725363
y_injury,vpicdecode__BUSLENGTHFT__min,vpicdecode.BUSLENGTHFT__min,crash_record,0.5000955224162753,higher -> less likely,1.0
y_injury,vpicdecode__BUSLENGTHFT__max,vpicdecode.BUSLENGTHFT__max,crash_record,0.5000955224162753,higher -> less likely,1.0
y_injury,vpicdecode__AIRBAGLOCSEATCUSHIONID=4.0,vpicdecode.AIRBAGLOCSEATCUSHIONID = 4 (count),crash_record,0.5000953662866953,higher -> less likely,0.005133816908454227
y_injury,vpicdecode__GROSSVEHICLEWEIGHTRATINGTOID=14.0,vpicdecode.GROSSVEHICLEWEIGHTRATINGTOID = 14 (count),crash_record,0.5000945035314341,higher -> less likely,0.00031265632816408203
y_injury,vpicdecode__TRANSMISSIONSTYLEID=14.0,vpicdecode.TRANSMISSIONSTYLEID = 14 (count),crash_record,0.5000939179473882,higher -> more likely,0.0015382691345672836
y_injury,vpicdecode__CURBWEIGHTLB__max,vpicdecode.CURBWEIGHTLB__max,crash_record,0.5000930872187078,higher -> more likely,1.0
y_injury,vpicdecode__BODYCLASSID=1.0,vpicdecode.BODYCLASSID = 1 (count),crash_record,0.5000929042433174,higher -> more likely,0.0121935967983992
y_injury,parkwork__PBODYTYP=66,"parkwork.PBODYTYP = Truck-tractor (Cab only, or with any number of trailing unit; any weight) (count)",crash_record,0.5000928167981931,higher -> more likely,0.0007378689344672337
y_injury,parkwork__PVPICBODYCLASS=66,parkwork.PVPICBODYCLASS = Truck-Tractor (count),crash_record,0.5000928167981931,higher -> more likely,0.0007378689344672337
y_injury,vpicdecode__PEDESTRIANAUTOEMERGENCYBRAKINGID=2.0,vpicdecode.PEDESTRIANAUTOEMERGENCYBRAKINGID = 2 (count),crash_record,0.500089855281453,higher -> more likely,0.0020135067533766883
y_injury,parkwork__PHARM_EV=30,parkwork.PHARM_EV = Utility Pole/Light Support (count),crash_record,0.5000886744582891,higher -> more likely,0.0002938969484742371
y_injury,parkwork__PM_HARM=14,parkwork.PM_HARM = Parked Motor Vehicle (count),crash_record,0.5000883337048918,higher -> more likely,0.0026513256628314156
y_injury,vpicdecode__BATTERYKWH_FROM__min,vpicdecode.BATTERYKWH_FROM__min,crash_record,0.5000878358799563,higher -> more likely,1.0
y_injury,vpicdecode__BATTERYKWH_FROM__max,vpicdecode.BATTERYKWH_FROM__max,crash_record,0.5000878358799563,higher -> more likely,1.0
y_injury,vpicdecode__ADAPTIVEDRIVINGBEAMID=2.0,vpicdecode.ADAPTIVEDRIVINGBEAMID = 2 (count),crash_record,0.5000870429081024,higher -> more likely,0.0019572286143071534
y_injury,vpicdecode__DYNAMICBRAKESUPPORTID=2.0,vpicdecode.DYNAMICBRAKESUPPORTID = 2 (count),crash_record,0.5000854162246999,higher -> less likely,0.0014944972486243121
y_injury,vpicdecode__AUTOREVERSESYSTEMID=2.0,vpicdecode.AUTOREVERSESYSTEMID = 2 (count),crash_record,0.5000854162246999,higher -> less likely,0.0014944972486243121
y_injury,parkwork__PV_CONFIG=6,parkwork.PV_CONFIG = Truck Tractor/Semi-Trailer (count),crash_record,0.500082807392828,higher -> more likely,0.0005940470235117559
y_injury,parkwork__PCARGTYP=96,parkwork.PCARGTYP = No Cargo Body Type (count),crash_record,0.5000827767006882,higher -> more likely,0.0002876438219109555
y_injury,vpicdecode__DESTINATIONMARKETID=4.0,vpicdecode.DESTINATIONMARKETID = 4 (count),crash_record,0.5000825582448706,higher -> more likely,0.0007003501750875437
y_injury,vpicdecode__FUELTYPESECONDARYID=6.0,vpicdecode.FUELTYPESECONDARYID = 6 (count),crash_record,0.5000824138112723,higher -> less likely,0.0008316658329164582
y_injury,person__DEVTYPE=97.0,person.DEVTYPE = 97 (count),crash_record,0.500081733246436,higher -> more likely,0.00010005002501250626
y_injury,vpicdecode__DESTINATIONMARKETID=19.0,vpicdecode.DESTINATIONMARKETID = 19 (count),crash_record,0.5000815158110732,higher -> more likely,0.0005127563781890946
y_injury,parkwork__PHARM_EV=1,parkwork.PHARM_EV = Rollover/Overturn (count),crash_record,0.5000801976189978,higher -> more likely,0.0001250625312656328
y_injury,parkwork__PBODYTYP=21,"parkwork.PBODYTYP = Large Van-Includes van-based buses (B150-B350, Sportsman, Royal Maxiwagon, Ram, Tradesman,...) (count)",crash_record,0.5000798558451458,higher -> less likely,0.0006878439219609805
y_injury,vpictrailerdecode__TRAILERLENGTHFT__min,vpictrailerdecode.TRAILERLENGTHFT__min,crash_record,0.5000798483094797,higher -> less likely,1.0
y_injury,vpicdecode__AXLESCOUNT__min,vpicdecode.AXLESCOUNT__min,crash_record,0.5000791511033813,higher -> less likely,1.0
y_injury,vpicdecode__AXLESCOUNT__max,vpicdecode.AXLESCOUNT__max,crash_record,0.5000770970064226,higher -> less likely,1.0
y_injury,vpictrailerdecode__TRAILERLENGTHFT__max,vpictrailerdecode.TRAILERLENGTHFT__max,crash_record,0.5000742978989839,higher -> less likely,1.0
y_injury,vpicdecode__EVDRIVEUNITID=2.0,vpicdecode.EVDRIVEUNITID = 2 (count),crash_record,0.5000725533923036,higher -> more likely,0.0005565282641320661
y_injury,vpicdecode__ENGINEELECTRIFICATIONLEVELID=4.0,vpicdecode.ENGINEELECTRIFICATIONLEVELID = 4 (count),crash_record,0.5000706393331382,higher -> more likely,0.005496498249124562
y_injury,weather__WEATHERCODE=99.0,weather.WEATHERCODE = 99 (count),crash_record,0.5000683547703941,higher -> less likely,0.0005002501250625312
y_injury,parkwork__PCARGTYP=3,parkwork.PCARGTYP = Flatbed (count),crash_record,0.5000676457898174,higher -> more likely,0.0001250625312656328
y_injury,vpicdecode__BATTERYTYPEID=3.0,vpicdecode.BATTERYTYPEID = 3 (count),crash_record,0.5000659935950457,higher -> more likely,0.00434592296148074
y_injury,vehicle__BDYTYP_IM=6.0,vehicle.BDYTYP_IM = 6 (count),crash_record,0.5000642547401148,higher -> less likely,0.027676338169084543
y_injury,parkwork__PCARGTYP=97,parkwork.PCARGTYP = Other (count),crash_record,0.5000635972532557,higher -> more likely,0.0006003001500750375
y_injury,parkwork__PCARGTYP=98,parkwork.PCARGTYP = Unknown Cargo Body Type (count),crash_record,0.5000634713448362,higher -> less likely,0.0006253126563281641
y_injury,vpicdecode__SEMIAUTOHEADLAMPBEAMSWITCHINGID=2.0,vpicdecode.SEMIAUTOHEADLAMPBEAMSWITCHINGID = 2 (count),crash_record,0.5000622129671098,higher -> more likely,0.002157328664332166
y_injury,parkwork__PVPICBODYCLASS=11,parkwork.PVPICBODYCLASS = Truck (count),crash_record,0.500060528353275,higher -> more likely,0.0006503251625812907
y_injury,vpicdecode__SAEAUTOMATIONLEVEL_FROM__min,vpicdecode.SAEAUTOMATIONLEVEL_FROM__min,crash_record,0.5000592328466942,higher -> less likely,0.9994309654827414
y_injury,vpicdecode__SAEAUTOMATIONLEVEL_FROM__max,vpicdecode.SAEAUTOMATIONLEVEL_FROM__max,crash_record,0.5000592328466942,higher -> less likely,0.9994309654827414
y_injury,person__DEVTYPE=4.0,person.DEVTYPE = 4 (count),crash_record,0.500058161526177,higher -> more likely,7.503751875937968e-05
y_injury,parkwork__PV_CONFIG=19,"parkwork.PV_CONFIG = Vehicle More Than 10,000 lbs., Other (count)",crash_record,0.5000576705304387,higher -> more likely,0.0002876438219109555
y_injury,vpictrailerdecode__GROSSVEHICLEWEIGHTRATINGFROMID=9.0,vpictrailerdecode.GROSSVEHICLEWEIGHTRATINGFROMID = 9 (count),crash_record,0.5000576114225586,higher -> less likely,0.0003251625812906453
y_injury,parkwork__PGVWR_TO=13,"parkwork.PGVWR_TO = Class 3: 10,001 - 14,000 lbs. (4,536 - 6,350 kg) (count)",crash_record,0.5000565656134106,higher -> less likely,0.0005127563781890946
y_injury,parkwork__PGVWR_FROM=18,"parkwork.PGVWR_FROM = Class 8: 33,001 lbs. and above (14,969 kg and above) (count)",crash_record,0.5000549175004579,higher -> more likely,0.0008441720860430215
y_injury,parkwork__PV_CONFIG=1,"parkwork.PV_CONFIG = Single-Unit Truck (2- axle and GVWR more than 10,000 lbs) (count)",crash_record,0.5000544618281542,higher -> less likely,0.000887943971985993
y_injury,parkwork__PHARM_EV=38,parkwork.PHARM_EV = Fence (count),crash_record,0.500052791029707,higher -> more likely,0.00016258129064532266
y_injury,vpicdecode__CURBWEIGHTLB__min,vpicdecode.CURBWEIGHTLB__min,crash_record,0.5000526948714689,higher -> more likely,1.0
y_injury,vpicdecode__CRASHIMMINENTBRAKINGID=2.0,vpicdecode.CRASHIMMINENTBRAKINGID = 2 (count),crash_record,0.5000523914824156,higher -> less likely,0.0012631315657828915
y_injury,person__DEVTYPE=1.0,person.DEVTYPE = 1 (count),crash_record,0.5000515021953303,higher -> more likely,8.129064532266133e-05
y_injury,factor__VEHICLECC=1,factor.VEHICLECC = Tires (count),crash_record,0.5000489867743184,higher -> more likely,0.008510505252626314
y_injury,parkwork__PHARM_EV=42,parkwork.PHARM_EV = Tree (Standing Only) (count),crash_record,0.5000468935860922,higher -> more likely,0.00015632816408204102
y_injury,parkwork__PICFINALBODY=11,parkwork.PICFINALBODY = Truck (count),crash_record,0.5000458233645264,higher -> less likely,0.0003376688344172086
y_injury,parkwork__PCARGTYP=1,parkwork.PCARGTYP = Van/Enclosed Box (count),crash_record,0.5000447798317775,higher -> less likely,0.0005252626313156578
y_injury,vpicdecode__FUELTYPESECONDARYID=4.0,vpicdecode.FUELTYPESECONDARYID = 4 (count),crash_record,0.500044748982645,higher -> more likely,0.004589794897448724
y_injury,vpictrailerdecode__TRAILERBODYTYPEID=160.0,vpictrailerdecode.TRAILERBODYTYPEID = 160 (count),crash_record,0.5000445659287582,higher -> less likely,0.00011255627813906954
y_injury,pvehiclesf__PVEHICLESF=42,"pvehiclesf.PVEHICLESF = Other Working Vehicle (Not Construction, Maintenance, Utility, Police, Fire, or EMS Vehicle) (count)",crash_record,0.5000440447118595,higher -> less likely,0.00020635317658829414
y_injury,parkwork__PGVWR_FROM=16,"parkwork.PGVWR_FROM = Class 6: 19,501 - 26,000 lbs. (8,845 - 11,794 kg) (count)",crash_record,0.5000438283754478,higher -> more likely,0.00020635317658829414
y_injury,parkwork__PGVWR_TO=16,"parkwork.PGVWR_TO = Class 6: 19,501 - 26,000 lbs. (8,845 - 11,794 kg) (count)",crash_record,0.5000438283754478,higher -> more likely,0.00020635317658829414
y_injury,vpicdecode__CHARGERLEVELID=3.0,vpicdecode.CHARGERLEVELID = 3 (count),crash_record,0.5000433351033106,higher -> more likely,0.00041895947973986995
y_injury,vpicdecode__BATTERYTYPEID=2.0,vpicdecode.BATTERYTYPEID = 2 (count),crash_record,0.5000418003393341,higher -> more likely,0.0004439719859929965
y_injury,vpicdecode__GROSSCOMBWEIGHTRATINGTOID=5.0,vpicdecode.GROSSCOMBWEIGHTRATINGTOID = 5 (count),crash_record,0.5000417425658947,higher -> less likely,0.0001688344172086043
y_injury,vpicdecode__DESTINATIONMARKETID=13.0,vpicdecode.DESTINATIONMARKETID = 13 (count),crash_record,0.500040425080288,higher -> less likely,0.0005565282641320661
y_injury,parkwork__PV_CONFIG=4,parkwork.PV_CONFIG = Truck Pulling Trailer(s) (count),crash_record,0.5000402366886378,higher -> more likely,0.00016258129064532266
y_injury,factor__VEHICLECC=2,factor.VEHICLECC = Brake System (count),crash_record,0.5000395407384837,higher -> less likely,0.007603801900950475
y_injury,vpicdecode__TRACKWIDTHIN__min,vpicdecode.TRACKWIDTHIN__min,crash_record,0.5000389341958666,higher -> more likely,1.0
y_injury,vpictrailerdecode__TRAILERBODYTYPEID=61.0,vpictrailerdecode.TRAILERBODYTYPEID = 61 (count),crash_record,0.5000386730379416,higher -> less likely,0.00011880940470235117
y_injury,parkwork__PHARM_EV=53,parkwork.PHARM_EV = Mail Box (count),crash_record,0.5000360901099217,higher -> less likely,0.0002813906953476738
y_injury,parkwork__PTYPE=4,"parkwork.PTYPE = Working Motor Vehicle (highway construction, maintenance, utility only) (count)",crash_record,0.5000359121583089,higher -> more likely,0.00043771885942971487
y_injury,parkwork__PCARGTYP=4,parkwork.PCARGTYP = Dump (count),crash_record,0.5000351118077817,higher -> more likely,0.00014382191095547775
y_injury,vpictrailerdecode__TRAILERTYPECONNECTIONID=14.0,vpictrailerdecode.TRAILERTYPECONNECTIONID = 14 (count),crash_record,0.5000345610761912,higher -> less likely,0.0002563781890945473
y_injury,vpictrailerdecode__TRAILERBODYTYPEID=101.0,vpictrailerdecode.TRAILERBODYTYPEID = 101 (count),crash_record,0.5000335475291134,higher -> less likely,0.0001375687843921961
y_injury,vpictrailerdecode__TRAILERBODYTYPEID=21.0,vpictrailerdecode.TRAILERBODYTYPEID = 21 (count),crash_record,0.5000320127651369,higher -> less likely,0.00011255627813906954
y_injury,vpicdecode__BATTERYV_FROM__min,vpicdecode.BATTERYV_FROM__min,crash_record,0.5000319261834743,higher -> more likely,1.0
y_injury,vpicdecode__BATTERYV_FROM__max,vpicdecode.BATTERYV_FROM__max,crash_record,0.5000319261834743,higher -> more likely,1.0
y_injury,vpicdecode__ENGINEELECTRIFICATIONLEVELID=1.0,vpicdecode.ENGINEELECTRIFICATIONLEVELID = 1 (count),crash_record,0.5000316221664489,higher -> less likely,0.0015382691345672836
y_injury,vpictrailerdecode__TRAILERBODYTYPEID=109.0,vpictrailerdecode.TRAILERBODYTYPEID = 109 (count),crash_record,0.5000314915482382,higher -> less likely,0.00020635317658829414
y_injury,vpicdecode__AXLECONFIGURATIONID=3.0,vpicdecode.AXLECONFIGURATIONID = 3 (count),crash_record,0.5000307241662499,higher -> less likely,0.00019384692346173087
y_injury,parkwork__PV_CONFIG=2,parkwork.PV_CONFIG = Single-Unit Truck (3 or more axles) (count),crash_record,0.5000299856709813,higher -> more likely,0.0001250625312656328
y_injury,parkwork__PV_CONFIG=88,"parkwork.PV_CONFIG = Qualifying Vehicle, Unknown Configuration (count)",crash_record,0.500029954272373,higher -> less likely,0.00018134067033516758
y_injury,parkwork__PGVWR_FROM=13,"parkwork.PGVWR_FROM = Class 3: 10,001 - 14,000 lbs. (4,536 - 6,350 kg) (count)",crash_record,0.5000282674606356,higher -> more likely,0.0008691845922961481
y_injury,parkwork__PBUS_USE=99,parkwork.PBUS_USE = Reported as Unknown (count),crash_record,0.5000270875794299,higher -> less likely,0.0005440220110055027
y_injury,vpicdecode__LANEDEPARTUREWARNINGID=2.0,vpicdecode.LANEDEPARTUREWARNINGID = 2 (count),crash_record,0.500025904165881,higher -> less likely,0.002263631815907954
y_injury,vpictrailerdecode__TRAILERBODYTYPEID=174.0,vpictrailerdecode.TRAILERBODYTYPEID = 174 (count),crash_record,0.500025351707367,higher -> less likely,0.00010630315157578789
y_injury,vpicdecode__BATTERYCELLSPERMODULE__min,vpicdecode.BATTERYCELLSPERMODULE__min,crash_record,0.5000251060132566,higher -> more likely,1.0
y_injury,vpicdecode__BATTERYCELLSPERMODULE__max,vpicdecode.BATTERYCELLSPERMODULE__max,crash_record,0.5000251060132566,higher -> more likely,1.0
y_injury,vpicdecode__EVENTDATARECORDERID=3.0,vpicdecode.EVENTDATARECORDERID = 3 (count),crash_record,0.5000233542848963,higher -> more likely,0.00043771885942971487
y_injury,parkwork__PEM_USE=8,parkwork.PEM_USE = Not Reported (count),crash_record,0.5000232964329603,higher -> less likely,0.00017508754377188593
y_injury,vpictrailerdecode__TRAILERTYPECONNECTIONID=2.0,vpictrailerdecode.TRAILERTYPECONNECTIONID = 2 (count),crash_record,0.5000230503463674,higher -> less likely,6.878439219609805e-05
y_injury,vpicdecode__EVDRIVEUNITID=1.0,vpicdecode.EVDRIVEUNITID = 1 (count),crash_record,0.5000228908414368,higher -> more likely,0.0009567283641820911
y_injury,parkwork__PMAN_COLL=8,parkwork.PMAN_COLL = Sideswipe - Opposite Direction (count),crash_record,0.5000217889857731,higher -> more likely,0.00015632816408204102
y_injury,parkwork__PHARM_EV=18,parkwork.PHARM_EV = Other Object (not fixed) (count),crash_record,0.5000217638668865,higher -> less likely,0.00015007503751875937
y_injury,vpictrailerdecode__GROSSVEHICLEWEIGHTRATINGFROMID=10.0,vpictrailerdecode.GROSSVEHICLEWEIGHTRATINGFROMID = 10 (count),crash_record,0.5000215155823908,higher -> less likely,4.377188594297148e-05
y_injury,parkwork__PGVWR_FROM=14,"parkwork.PGVWR_FROM = Class 4: 14,001 - 16,000 lbs. (6,350 - 7,258 kg) (count)",crash_record,0.5000210249791351,higher -> more likely,0.0001688344172086043
y_injury,parkwork__PGVWR_TO=14,"parkwork.PGVWR_TO = Class 4: 14,001 - 16,000 lbs. (6,350 - 7,258 kg) (count)",crash_record,0.5000210249791351,higher -> more likely,0.0001688344172086043
y_injury,vpicdecode__GROSSVEHICLEWEIGHTRATINGTOID=12.0,vpicdecode.GROSSVEHICLEWEIGHTRATINGTOID = 12 (count),crash_record,0.5000199808184143,higher -> less likely,1.875937968984492e-05
y_injury,vpictrailerdecode__TRAILERTYPECONNECTIONID=31.0,vpictrailerdecode.TRAILERTYPECONNECTIONID = 31 (count),crash_record,0.5000199808184143,higher -> less likely,1.875937968984492e-05
y_injury,parkwork__PUNDEROVERRIDE=2.0,parkwork.PUNDEROVERRIDE = Override (count),crash_record,0.5000197346533247,higher -> more likely,8.754377188594297e-05
y_injury,vpicdecode__TRUCKBEDLENGTHIN__min,vpicdecode.TRUCKBEDLENGTHIN__min,crash_record,0.5000194694135807,higher -> less likely,1.0
y_injury,vpicdecode__TRUCKBEDLENGTHIN__max,vpicdecode.TRUCKBEDLENGTHIN__max,crash_record,0.5000194694135807,higher -> less likely,1.0
y_injury,vpicdecode__GROSSVEHICLEWEIGHTRATINGTOID=1.0,vpicdecode.GROSSVEHICLEWEIGHTRATINGTOID = 1 (count),crash_record,0.5000194596015155,higher -> less likely,0.00011255627813906954
y_injury,vpicdecode__BATTERYA_FROM__min,vpicdecode.BATTERYA_FROM__min,crash_record,0.500019213279433,higher -> more likely,1.0
y_injury,vpicdecode__BATTERYA_FROM__max,vpicdecode.BATTERYA_FROM__max,crash_record,0.500019213279433,higher -> more likely,1.0
y_injury,parkwork__PV_CONFIG=5,parkwork.PV_CONFIG = Truck Tractor (Bobtail) (count),crash_record,0.5000182004388241,higher -> more likely,0.00011255627813906954
y_injury,vpicdecode__GROSSCOMBWEIGHTRATINGFROMID=4.0,vpicdecode.GROSSCOMBWEIGHTRATINGFROMID = 4 (count),crash_record,0.5000181710026286,higher -> less likely,0.00019384692346173087
y_injury,parkwork__PGVWR_FROM=17,"parkwork.PGVWR_FROM = Class 7: 26,001 - 33,000 lbs. (11,794 - 14,969 kg) (count)",crash_record,0.5000171875982148,higher -> more likely,0.0002313656828414207
y_injury,person__MAKE=35.0,person.MAKE = 35 (count),crash_record,0.5000170417516789,higher -> less likely,0.1309967483741871
y_injury,parkwork__PEM_USE=5,"parkwork.PEM_USE = Emergency Operation, Emergency Warning Equipment in Use (count)",crash_record,0.5000166669307918,higher -> more likely,0.0001375687843921961
y_injury,parkwork__PHARM_EV=59,parkwork.PHARM_EV = Traffic Sign Support (count),crash_record,0.5000166641049171,higher -> more likely,0.0001375687843921961
y_injury,vpicdecode__CHARGERPOWERKW__min,vpicdecode.CHARGERPOWERKW__min,crash_record,0.5000161125098648,higher -> less likely,1.0
y_injury,vpicdecode__CHARGERPOWERKW__max,vpicdecode.CHARGERPOWERKW__max,crash_record,0.5000161125098648,higher -> less likely,1.0
y_injury,vpicdecode__TRACKWIDTHIN__max,vpicdecode.TRACKWIDTHIN__max,crash_record,0.5000160852715719,higher -> more likely,1.0
y_injury,vpictrailerdecode__PLANTCOUNTRYID=1.0,vpictrailerdecode.PLANTCOUNTRYID = 1 (count),crash_record,0.500014855309586,higher -> less likely,3.751875937968984e-05
y_injury,parkwork__PSP_USE=99,parkwork.PSP_USE = Reported as Unknown (count),crash_record,0.5000143639213652,higher -> more likely,0.00017508754377188593
y_injury,vpictrailerdecode__TRAILERTYPECONNECTIONID=30.0,vpictrailerdecode.TRAILERTYPECONNECTIONID = 30 (count),crash_record,0.5000143629794069,higher -> more likely,0.00017508754377188593
y_injury,vpicdecode__BATTERYTYPEID=1.0,vpicdecode.BATTERYTYPEID = 1 (count),crash_record,0.5000143340926874,higher -> less likely,0.00013131565782891445
y_injury,vpicdecode__GROSSCOMBWEIGHTRATINGFROMID=16.0,vpicdecode.GROSSCOMBWEIGHTRATINGFROMID = 16 (count),crash_record,0.5000135667106991,higher -> less likely,0.00011880940470235117
y_injury,vpicdecode__BATTERYKWH_TO__min,vpicdecode.BATTERYKWH_TO__min,crash_record,0.5000125591293568,higher -> less likely,1.0
y_injury,vpicdecode__BATTERYKWH_TO__max,vpicdecode.BATTERYKWH_TO__max,crash_record,0.5000125591293568,higher -> less likely,1.0
y_injury,parkwork__PGVWR_FROM=15,"parkwork.PGVWR_FROM = Class 5: 16,001 - 19,500 lbs. (7,258 - 8,845 kg) (count)",crash_record,0.5000122781118121,higher -> less likely,0.00020010005002501252
y_injury,vpicdecode__GROSSVEHICLEWEIGHTRATINGTOID=6.0,vpicdecode.GROSSVEHICLEWEIGHTRATINGTOID = 6 (count),crash_record,0.5000117857816331,higher -> more likely,1.2506253126563282e-05
y_injury,vpictrailerdecode__GROSSVEHICLEWEIGHTRATINGFROMID=7.0,vpictrailerdecode.GROSSVEHICLEWEIGHTRATINGFROMID = 7 (count),crash_record,0.5000117857816331,higher -> more likely,1.2506253126563282e-05
y_injury,vpictrailerdecode__TRAILERTYPECONNECTIONID=5.0,vpictrailerdecode.TRAILERTYPECONNECTIONID = 5 (count),crash_record,0.5000112645647343,higher -> less likely,8.129064532266133e-05
y_injury,vpictrailerdecode__GROSSVEHICLEWEIGHTRATINGTOID=5.0,vpictrailerdecode.GROSSVEHICLEWEIGHTRATINGTOID = 5 (count),crash_record,0.5000110183996447,higher -> more likely,2.5012506253126565e-05
y_injury,vpicdecode__CHARGERLEVELID=2.0,vpicdecode.CHARGERLEVELID = 2 (count),crash_record,0.5000107722345553,higher -> more likely,0.00013131565782891445
y_injury,vpicdecode__GROSSCOMBWEIGHTRATINGFROMID=7.0,vpicdecode.GROSSCOMBWEIGHTRATINGFROMID = 7 (count),crash_record,0.50000871625368,higher -> more likely,6.25312656328164e-05
y_injury,parkwork__PGVWR_TO=17,"parkwork.PGVWR_TO = Class 7: 26,001 - 33,000 lbs. (11,794 - 14,969 kg) (count)",crash_record,0.5000084710305487,higher -> more likely,0.0001688344172086043
y_injury,vpictrailerdecode__TRAILERTYPECONNECTIONID=3.0,vpictrailerdecode.TRAILERTYPECONNECTIONID = 3 (count),crash_record,0.5000069353246139,higher -> more likely,0.00019384692346173087
y_injury,vpictrailerdecode__GROSSVEHICLEWEIGHTRATINGFROMID=5.0,vpictrailerdecode.GROSSVEHICLEWEIGHTRATINGFROMID = 5 (count),crash_record,0.5000066602728048,higher -> less likely,6.253126563281641e-06
y_injury,vpicdecode__BATTERYMODULESPERPACK__min,vpicdecode.BATTERYMODULESPERPACK__min,crash_record,0.5000058928908165,higher -> more likely,1.0
y_injury,vpicdecode__BATTERYMODULESPERPACK__max,vpicdecode.BATTERYMODULESPERPACK__max,crash_record,0.5000058928908165,higher -> more likely,1.0
y_injury,vpictrailerdecode__GROSSVEHICLEWEIGHTRATINGFROMID=15.0,vpictrailerdecode.GROSSVEHICLEWEIGHTRATINGFROMID = 15 (count),crash_record,0.5000058928908165,higher -> more likely,6.253126563281641e-06
y_injury,vpictrailerdecode__GROSSVEHICLEWEIGHTRATINGFROMID=12.0,vpictrailerdecode.GROSSVEHICLEWEIGHTRATINGFROMID = 12 (count),crash_record,0.5000058928908165,higher -> more likely,6.253126563281641e-06
y_injury,vpictrailerdecode__GROSSVEHICLEWEIGHTRATINGFROMID=13.0,vpictrailerdecode.GROSSVEHICLEWEIGHTRATINGFROMID = 13 (count),crash_record,0.5000058928908165,higher -> more likely,6.253126563281641e-06
y_injury,vpictrailerdecode__GROSSVEHICLEWEIGHTRATINGFROMID=6.0,vpictrailerdecode.GROSSVEHICLEWEIGHTRATINGFROMID = 6 (count),crash_record,0.5000058928908165,higher -> more likely,6.253126563281641e-06
y_injury,vpictrailerdecode__GROSSVEHICLEWEIGHTRATINGFROMID=14.0,vpictrailerdecode.GROSSVEHICLEWEIGHTRATINGFROMID = 14 (count),crash_record,0.5000058928908165,higher -> more likely,6.253126563281641e-06
y_injury,parkwork__PGVWR_TO=15,"parkwork.PGVWR_TO = Class 5: 16,001 - 19,500 lbs. (7,258 - 8,845 kg) (count)",crash_record,0.5000056178390073,higher -> less likely,0.00019384692346173087
y_injury,parkwork__PHARM_EV=45,parkwork.PHARM_EV = Working Motor Vehicle (count),crash_record,0.5000053427871981,higher -> less likely,0.00039394697348674336
y_injury,vpictrailerdecode__TRAILERBODYTYPEID=15.0,vpictrailerdecode.TRAILERBODYTYPEID = 15 (count),crash_record,0.5000045685760126,higher -> less likely,0.00038144072036018007
y_injury,parkwork__PCARGTYP=22,parkwork.PCARGTYP = Bus (count),crash_record,0.5000033463066857,higher -> more likely,0.00015007503751875937
y_injury,pvehiclesf__PVEHICLESF=29,pvehiclesf.PVEHICLESF = Default Code Used for Vehicle Numbering (count),crash_record,0.5000017828129826,higher -> less likely,0.00013131565782891445
y_injury,vpictrailerdecode__TRAILERBODYTYPEID=4.0,vpictrailerdecode.TRAILERBODYTYPEID = 4 (count),crash_record,0.5000013174856067,higher -> more likely,0.00038769384692346174
y_injury,parkwork__PICFINALBODY=60,parkwork.PICFINALBODY = Pickup (count),crash_record,0.5000010135470778,higher -> less likely,0.00011880940470235117
y_injury,parkwork__PV_CONFIG=21,"parkwork.PV_CONFIG = Bus (seats for more than 15 occupants, including driver) (count)",crash_record,0.5000010128406092,higher -> less likely,0.00011880940470235117
y_injury,vpicdecode__GROSSCOMBWEIGHTRATINGFROMID=17.0,vpicdecode.GROSSCOMBWEIGHTRATINGFROMID = 17 (count),crash_record,0.5000007673819882,higher -> less likely,1.2506253126563282e-05
y_injury,vpictrailerdecode__GROSSVEHICLEWEIGHTRATINGFROMID=4.0,vpictrailerdecode.GROSSVEHICLEWEIGHTRATINGFROMID = 4 (count),crash_record,0.5000007673819882,higher -> less likely,1.2506253126563282e-05
y_injury,vpictrailerdecode__GROSSVEHICLEWEIGHTRATINGFROMID=1.0,vpictrailerdecode.GROSSVEHICLEWEIGHTRATINGFROMID = 1 (count),crash_record,0.5000007673819882,higher -> less likely,1.2506253126563282e-05
y_injury,vpictrailerdecode__GROSSVEHICLEWEIGHTRATINGFROMID=2.0,vpictrailerdecode.GROSSVEHICLEWEIGHTRATINGFROMID = 2 (count),crash_record,0.5000007673819882,higher -> less likely,1.2506253126563282e-05
y_injury,vpictrailerdecode__AXLECONFIGURATIONID=5.0,vpictrailerdecode.AXLECONFIGURATIONID = 5 (count),crash_record,0.5000007673819882,higher -> less likely,1.2506253126563282e-05
y_injury,vpicdecode__TRANSMISSIONSTYLEID=4.0,vpicdecode.TRANSMISSIONSTYLEID = 4 (count),crash_record,0.500000276229257,higher -> more likely,0.002757628814407204
y_injury,vpictrailerdecode__PLANTCOUNTRYID=8.0,vpictrailerdecode.PLANTCOUNTRYID = 8 (count),crash_record,0.5000002461650896,higher -> less likely,0.00010630315157578789
y_serious,vehicle__TOWED=5,vehicle.TOWED = Not Towed (count),post_crash,0.7208304310800715,higher -> less likely,0.6282943403796485
y_serious,acc__MANCOL_IM,accident.MANCOL_IM,crash_record,0.6704788266710241,higher -> more likely,1.0
y_serious,cevent__AOI2=77,cevent.AOI2 = Not a Motor Vehicle (count),crash_record,0.6673245258427678,higher -> more likely,0.3671418541086788
y_serious,vevent__AOI2=77,vevent.AOI2 = Not a Motor Vehicle (count),crash_record,0.6673245258427678,higher -> more likely,0.3671418541086788
y_serious,vehicle__DEFORMED=6,vehicle.DEFORMED = Disabling Damage (count),post_crash,0.66663290080775,higher -> more likely,0.40117605757416186
y_serious,person__AIR_BAG=20,person.AIR_BAG = Not Deployed (count),crash_record,0.6584435438358403,higher -> less likely,0.8311580029589508
y_serious,cevent__n_rows,cevent.n_rows,crash_record,0.6561133621678149,higher -> more likely,1.0
y_serious,acc__EVENT1_IM,accident.EVENT1_IM,crash_record,0.6418012683303493,higher -> more likely,1.0
y_serious,person__REST_USE=20,person.REST_USE = None Used/Not Applicable (count),crash_record,0.6409271963376726,higher -> more likely,0.1250595551543419
y_serious,cevent__AOI1=55,cevent.AOI1 = Non-Harmful Event (count),crash_record,0.6350804541088143,higher -> more likely,0.270888186764964
y_serious,vevent__AOI1=55,vevent.AOI1 = Non-Harmful Event (count),crash_record,0.6350804541088143,higher -> more likely,0.270888186764964
y_serious,vsoe__AOI=55,vsoe.AOI = Non-Harmful Event (count),crash_record,0.6350804541088143,higher -> more likely,0.270888186764964
y_serious,cevent__AOI2=55,cevent.AOI2 = Non-Harmful Event (count),crash_record,0.6303784247063745,higher -> more likely,0.25501517089194814
y_serious,vevent__AOI2=55,vevent.AOI2 = Non-Harmful Event (count),crash_record,0.6303784247063745,higher -> more likely,0.25501517089194814
y_serious,person__REST_MIS=7,person.REST_MIS = None Used/Not Applicable (count),crash_record,0.6290797383394171,higher -> more likely,0.2761666541287394
y_serious,vehicle__TRAV_SP__max,vehicle.TRAV_SP__max,crash_record,0.6224841612410186,higher -> more likely,0.8894280197597734
y_serious,vehicle__ROLLOVER=0,vehicle.ROLLOVER = No Rollover (count),crash_record,0.6192268597712451,higher -> less likely,0.9567253441661024
y_serious,vehicle__ROLINLOC=0,vehicle.ROLINLOC = No Rollover (count),crash_record,0.6192268597712451,higher -> less likely,0.9567253441661024
y_serious,vehicle__MDLYR_IM__max,vehicle.MDLYR_IM__max,crash_record,0.6087470136088013,higher -> less likely,1.0
y_serious,person__REST_USE=3,person.REST_USE = Shoulder and Lap Belt Used (count),crash_record,0.6084964855252171,higher -> less likely,0.8586912911557462
y_serious,person__REST_MIS=0,person.REST_MIS = No Indication of Misuse (count),crash_record,0.6083417156271789,higher -> less likely,0.8734735073597633
y_serious,vehicle__V_ALCH_IM=2,vehicle.V_ALCH_IM = No Alcohol Involved (count),crash_record,0.6082274557981018,higher -> less likely,0.9654517415180922
y_serious,vehicle__TOWED=2,vehicle.TOWED = 2 (count),post_crash,0.6075267305854729,higher -> more likely,0.25193710975701494
y_serious,vpicdecode__AIRBAGLOCFRONTID=3.0,vpicdecode.AIRBAGLOCFRONTID = 3 (count),crash_record,0.6058663357331937,higher -> less likely,0.8757992928609042
y_serious,vpicdecode__SEATBELTTYPEID=1.0,vpicdecode.SEATBELTTYPEID = 1 (count),crash_record,0.6055225758049853,higher -> less likely,0.8779432784172121
y_serious,person__MOD_YEAR__max,person.MOD_YEAR__max,crash_record,0.6052828128429499,higher -> less likely,1.0
y_serious,vehicle__DEFORMED=2,vehicle.DEFORMED = Minor Damage (count),post_crash,0.6048760207923349,higher -> less likely,0.29259760776348454
y_serious,vehicle__TRAV_SP__min,vehicle.TRAV_SP__min,crash_record,0.6040725912105988,higher -> more likely,0.8033990320720179
y_serious,vpicdecode__CUSTOMMOTORCYCLETYPEID=0.0,vpicdecode.CUSTOMMOTORCYCLETYPEID = 0 (count),crash_record,0.6011144337526854,higher -> less likely,0.946707540309436
y_serious,vpicdecode__MOTORCYCLESUSPENSIONTYPEID=0.0,vpicdecode.MOTORCYCLESUSPENSIONTYPEID = 0 (count),crash_record,0.6011144337526854,higher -> less likely,0.946707540309436
y_serious,vpicdecode__MOTORCYCLECHASSISTYPEID=0.0,vpicdecode.MOTORCYCLECHASSISTYPEID = 0 (count),crash_record,0.6011144337526854,higher -> less likely,0.946707540309436
y_serious,vehicle__SPEEDREL=0,vehicle.SPEEDREL = No (count),crash_record,0.5987153068866047,higher -> less likely,0.9377053085583891
y_serious,vevent__n_rows,vevent.n_rows,crash_record,0.595953877485613,higher -> more likely,1.0
y_serious,vsoe__n_rows,vsoe.n_rows,crash_record,0.595953877485613,higher -> more likely,1.0
y_serious,person__EJECT_IM=8,person.EJECT_IM = Not Applicable (count),crash_record,0.5934590566374881,higher -> more likely,0.15399709120088267
y_serious,vehicle__PCRASH4=1,vehicle.PCRASH4 = Tracking (count),crash_record,0.5928205255578085,higher -> less likely,0.924465257403646
y_serious,vehicle__PCRASH5=1,vehicle.PCRASH5 = Stayed in original travel lane (count),crash_record,0.5922085775702679,higher -> less likely,0.7816519972918077
y_serious,vpicdecode__TPMSID=1.0,vpicdecode.TPMSID = 1 (count),crash_record,0.5921363499681768,higher -> less likely,0.6896236114245593
y_serious,vehicle__VEVENT_IM=12,vehicle.VEVENT_IM = Motor Vehicle In-Transport (count),crash_record,0.5919815352614446,higher -> less likely,0.6666980114847414
y_serious,vehicle__IMPACT1_IM=6,vehicle.IMPACT1_IM = 6 Clock Point (count),crash_record,0.5904667832109367,higher -> less likely,0.28400285864740843
y_serious,person__IMPACT1=6.0,person.IMPACT1 = 6 (count),crash_record,0.5900025878793098,higher -> less likely,0.2837144863211214
y_serious,acc__REL_ROAD,accident.REL_ROAD,crash_record,0.5882135196789684,higher -> more likely,1.0
y_serious,vehicle__UNDEROVERRIDE=7.0,vehicle.UNDEROVERRIDE = Not Applicable (count),crash_record,0.5877142928100146,higher -> more likely,0.2184044233807267
y_serious,acc__RELJCT2_IM,accident.RELJCT2_IM,crash_record,0.5865801307590792,higher -> more likely,1.0
y_serious,acc__HOUR_IM,accident.HOUR_IM,crash_record,0.58649138028545,higher -> more likely,1.0
y_serious,driverrf__DRIVERRF=0,driverrf.DRIVERRF = None Noted (count),crash_record,0.5861928139379107,higher -> less likely,0.9366270468166202
y_serious,vehicle__FIRE_EXP=0,vehicle.FIRE_EXP = No or Not Reported (count),crash_record,0.5860424836117126,higher -> less likely,0.9970598560645954
y_serious,person__ROLLOVER=0.0,person.ROLLOVER = 0 (count),crash_record,0.5854954124268826,higher -> less likely,0.9564996614759648
y_serious,acc__LGTCON_IM,accident.LGTCON_IM,crash_record,0.5833724455549564,higher -> more likely,1.0
y_serious,acc__VE_TOTAL,accident.VE_TOTAL,crash_record,0.5831185747093565,higher -> less likely,1.0
y_serious,vehicle__J_KNIFE=0,vehicle.J_KNIFE = Not an Articulated Vehicle (count),crash_record,0.582592133079435,higher -> less likely,0.988778555129266
y_serious,vehicle__TRLR1GVWR=77,vehicle.TRLR1GVWR = No Trailing Units (count),crash_record,0.5825860556495095,higher -> less likely,0.9888098999473407
y_serious,vehicle__TOW_VEH=0,vehicle.TOW_VEH = No Trailers (count),crash_record,0.5824537161811695,higher -> less likely,0.9881265829133128
y_serious,person__PER_TYP=1,person.PER_TYP = Driver of a Motor Vehicle In-Transport (count),crash_record,0.5823415968032164,higher -> less likely,0.9994483312018857
y_serious,vehicle__DR_PRES=1,vehicle.DR_PRES = Yes (count),crash_record,0.5822800900155702,higher -> less likely,0.9995549035833396
y_serious,person__SEAT_IM=11,"person.SEAT_IM = Front Seat, Left Side (count)",crash_record,0.5821756411169343,higher -> less likely,0.9994420622382708
y_serious,cevent__SOE=12,cevent.SOE = Motor Vehicle In-Transport (count),crash_record,0.5820255204552971,higher -> less likely,0.6672496802828556
y_serious,vevent__SOE=12,vevent.SOE = Motor Vehicle In-Transport (count),crash_record,0.5820255204552971,higher -> less likely,0.6672496802828556
y_serious,vsoe__SOE=12,vsoe.SOE = Motor Vehicle In-Transport (count),crash_record,0.5820255204552971,higher -> less likely,0.6672496802828556
y_serious,vehicle__TRLR2GVWR=77,vehicle.TRLR2GVWR = No Trailing Units (count),crash_record,0.5814785099628401,higher -> less likely,0.9996865518192533
y_serious,vehicle__HAZ_INV=1,vehicle.HAZ_INV = No (count),crash_record,0.5814019176929944,higher -> less likely,0.9997743173098623
y_serious,vehicle__HAZ_PLAC=0,vehicle.HAZ_PLAC = Not Applicable (count),crash_record,0.5814019176929944,higher -> less likely,0.9997743173098623
y_serious,vehicle__HAZ_REL=0,vehicle.HAZ_REL = Not Applicable (count),crash_record,0.5814019176929944,higher -> less likely,0.9997743173098623
y_serious,vehiclesf__VEHICLESF=0,vehiclesf.VEHICLESF = None Noted (count),crash_record,0.5812088577627101,higher -> less likely,0.999128614057524
y_serious,cevent__AOI1=0,cevent.AOI1 = Non-Collision (count),crash_record,0.5811714527021714,higher -> more likely,0.07620552170315203
y_serious,vevent__AOI1=0,vevent.AOI1 = Non-Collision (count),crash_record,0.5811714527021714,higher -> more likely,0.07620552170315203
y_serious,vsoe__AOI=0,vsoe.AOI = Non-Collision (count),crash_record,0.5811678833887364,higher -> more likely,0.07621179066676698
y_serious,vehicle__TRLR3GVWR=77,vehicle.TRLR3GVWR = No Trailing Units (count),crash_record,0.5810275433949522,higher -> less likely,0.9999811931091552
y_serious,acc__VE_FORMS,accident.VE_FORMS,crash_record,0.5810132169854058,higher -> less likely,1.0
y_serious,vehicle__n_rows,vehicle.n_rows,crash_record,0.5810132169854058,higher -> less likely,1.0
y_serious,vehicle__UNITTYPE=1,vehicle.UNITTYPE = Motor Vehicle In-Transport (Inside or Outside the Trafficway) (count),crash_record,0.5810132169854058,higher -> less likely,1.0
y_serious,vehiclesf__n_rows,vehiclesf.n_rows,crash_record,0.5810132169854058,higher -> less likely,1.0
y_serious,vision__n_rows,vision.n_rows,crash_record,0.5810083600908031,higher -> less likely,1.0
y_serious,maneuver__n_rows,maneuver.n_rows,crash_record,0.5809985518355081,higher -> less likely,1.0
y_serious,person__EJECT_IM=0,person.EJECT_IM = Not Ejected (count),crash_record,0.5809273138702082,higher -> less likely,0.968191278617819
y_serious,distract__n_rows,distract.n_rows,crash_record,0.5808883074004472,higher -> less likely,1.0
y_serious,factor__n_rows,factor.n_rows,crash_record,0.5808300236620367,higher -> less likely,1.0
y_serious,vehicle__P_CRASH2=53,vehicle.P_CRASH2 = Traveling in same direction with higher speed (count),crash_record,0.5796584538754166,higher -> less likely,0.25227563379222145
y_serious,drimpair__DRIMPAIR=0,drimpair.DRIMPAIR = None/Apparently Normal (count),crash_record,0.5795174268707224,higher -> less likely,0.5566212793700945
y_serious,vision__VISION=0,vision.VISION = No Obstruction Noted (count),crash_record,0.5794620675683854,higher -> less likely,0.9763597382080794
y_serious,drimpair__n_rows,drimpair.n_rows,crash_record,0.5794037896818568,higher -> less likely,1.0
y_serious,vehicle__EMER_USE=0,vehicle.EMER_USE = Not Applicable (count),crash_record,0.5790961515801316,higher -> less likely,0.9959753253592116
y_serious,vpicdecode__AIRBAGLOCSIDEID=3.0,vpicdecode.AIRBAGLOCSIDEID = 3 (count),crash_record,0.5790433022334479,higher -> less likely,0.6179192055969307
y_serious,vehicle__ICFINALBODY=0,vehicle.ICFINALBODY = Not Applicable (count),crash_record,0.5781025771411739,higher -> less likely,0.996909400937837
y_serious,vehicle__PCRASH5=4,vehicle.PCRASH5 = Departed roadway (count),crash_record,0.5775227136833432,higher -> more likely,0.19300258281300936
y_serious,damage__DAMAGE=12,damage.DAMAGE = 12 Clock Value (count),post_crash,0.5775051384762815,higher -> more likely,0.7546264951478222
y_serious,vpicdecode__FUELTYPEPRIMARYID=4.0,vpicdecode.FUELTYPEPRIMARYID = 4 (count),crash_record,0.5771227180081179,higher -> less likely,0.9145352190375887
y_serious,cevent__AOI2=6,cevent.AOI2 = 6 Clock Point (count),crash_record,0.5767513756535751,higher -> less likely,0.2713332831816244
y_serious,vevent__AOI2=6,vevent.AOI2 = 6 Clock Point (count),crash_record,0.5767513756535751,higher -> less likely,0.2713332831816244
y_serious,vpicdecode__ELECTRONICSTABILITYCONTROLID=1.0,vpicdecode.ELECTRONICSTABILITYCONTROLID = 1 (count),crash_record,0.5763909176317714,higher -> less likely,0.39488828706838186
y_serious,vpicdecode__ANTILOCKBRAKESYSTEMID=1.0,vpicdecode.ANTILOCKBRAKESYSTEMID = 1 (count),crash_record,0.5757304404910009,higher -> less likely,0.42743047719351035
y_serious,vehicle__VALIGN=1,vehicle.VALIGN = Straight (count),crash_record,0.5756664045200901,higher -> less likely,0.8757177963339101
y_serious,vpicdecode__TRACTIONCONTROLID=1.0,vpicdecode.TRACTIONCONTROLID = 1 (count),crash_record,0.5748988682070583,higher -> less likely,0.38177361518593744
y_serious,vpicdecode__BACKUPCAMERAID=1.0,vpicdecode.BACKUPCAMERAID = 1 (count),crash_record,0.5748265384478326,higher -> less likely,0.38381729732440634
y_serious,person__AIR_BAG=8,person.AIR_BAG = Deployed- Combination (count),crash_record,0.5744116194711288,higher -> more likely,0.09787732891998295
y_serious,factor__VEHICLECC=0,factor.VEHICLECC = None Noted (count),crash_record,0.5737969386548409,higher -> less likely,0.9526442488527797
y_serious,vehicle__SPEC_USE=0,vehicle.SPEC_USE = No Special Use Noted (count),crash_record,0.5729852085969253,higher -> less likely,0.9851174803781438
y_serious,vpicdecode__STEERINGLOCATIONID=1.0,vpicdecode.STEERINGLOCATIONID = 1 (count),crash_record,0.5729318444518499,higher -> less likely,0.445547782040673
y_serious,vpicdecode__AUTOREVERSESYSTEMID=1.0,vpicdecode.AUTOREVERSESYSTEMID = 1 (count),crash_record,0.572691657646384,higher -> less likely,0.37296572130695355
y_serious,vehicle__BUS_USE=0,vehicle.BUS_USE = Not a Bus (count),crash_record,0.5725833000251752,higher -> less likely,0.9880701622407784
y_serious,damage__DAMAGE=9,damage.DAMAGE = 9 Clock Value (count),post_crash,0.5720633021529727,higher -> more likely,0.1606672684871737
y_serious,vehicle__VSPD_LIM__max,vehicle.VSPD_LIM__max,crash_record,0.5719868172233569,higher -> more likely,0.984822839088242
y_serious,cevent__SOE=1,cevent.SOE = Rollover/Overturn (count),crash_record,0.571965705306201,higher -> more likely,0.06587426966573887
y_serious,vevent__SOE=1,vevent.SOE = Rollover/Overturn (count),crash_record,0.571965705306201,higher -> more likely,0.06587426966573887
y_serious,vsoe__SOE=1,vsoe.SOE = Rollover/Overturn (count),crash_record,0.571965705306201,higher -> more likely,0.06587426966573887
y_serious,driverrf__n_rows,driverrf.n_rows,crash_record,0.5714938759441204,higher -> less likely,1.0
y_serious,damage__DAMAGE=10,damage.DAMAGE = 10 Clock Value (count),post_crash,0.5710975189689272,higher -> more likely,0.19612452669324706
y_serious,vehicle__V_CONFIG=0,vehicle.V_CONFIG = Not Applicable (count),crash_record,0.5707625988931933,higher -> less likely,0.9673763133478773
y_serious,vehicle__CARGO_BT=0,vehicle.CARGO_BT = Not Applicable (N/A) (count),crash_record,0.5707485649105346,higher -> less likely,0.9673825823114922
y_serious,vpicdecode__DAYTIMERUNNINGLIGHTID=1.0,vpicdecode.DAYTIMERUNNINGLIGHTID = 1 (count),crash_record,0.5696560722699202,higher -> less likely,0.34926903884249855
y_serious,vpicdecode__DYNAMICBRAKESUPPORTID=1.0,vpicdecode.DYNAMICBRAKESUPPORTID = 1 (count),crash_record,0.5691352474432374,higher -> less likely,0.3534316306828155
y_serious,vpicdecode__SEMIAUTOHEADLAMPBEAMSWITCHINGID=1.0,vpicdecode.SEMIAUTOHEADLAMPBEAMSWITCHINGID = 1 (count),crash_record,0.5688134036479252,higher -> less likely,0.3457145364728303
y_serious,vehicle__VSPD_LIM__min,vehicle.VSPD_LIM__min,crash_record,0.5687300805437646,higher -> more likely,0.9559667995686953
y_serious,vpicdecode__n_rows,vpicdecode.n_rows,crash_record,0.5686079188352491,higher -> less likely,0.9742220216153865
y_serious,person__HELM_USE=20,person.HELM_USE = Not Applicable (count),crash_record,0.5674081453196562,higher -> less likely,0.9720153464229294
y_serious,person__MOD_YEAR__min,person.MOD_YEAR__min,crash_record,0.5672197986620782,higher -> less likely,1.0
y_serious,cevent__SOE=63,cevent.SOE = Ran Off Roadway - Right (count),crash_record,0.566988825226335,higher -> more likely,0.1468943554251611
y_serious,vevent__SOE=63,vevent.SOE = Ran Off Roadway - Right (count),crash_record,0.566988825226335,higher -> more likely,0.1468943554251611
y_serious,vsoe__SOE=63,vsoe.SOE = Ran Off Roadway - Right (count),crash_record,0.566988825226335,higher -> more likely,0.1468943554251611
y_serious,vehicle__UNDEROVERRIDE=0.0,vehicle.UNDEROVERRIDE = No Underride or Override (count),crash_record,0.5664814777847642,higher -> less likely,0.31725971062463953
y_serious,vehicle__PCRASH1_IM=5,vehicle.PCRASH1_IM = Stopped in Roadway (count),crash_record,0.5657265271972723,higher -> less likely,0.19277063115925674
y_serious,damage__DAMAGE=11,damage.DAMAGE = 11 Clock Value (count),post_crash,0.5642421790160543,higher -> more likely,0.3186075378018506
y_serious,vpicdecode__BUSTYPEID=0.0,vpicdecode.BUSTYPEID = 0 (count),crash_record,0.5637702117167623,higher -> less likely,0.964994107174202
y_serious,vpicdecode__BUSFLOORCONFIGURATIONTYPEID=0.0,vpicdecode.BUSFLOORCONFIGURATIONTYPEID = 0 (count),crash_record,0.5637702117167623,higher -> less likely,0.964994107174202
y_serious,person__PERALCH_IM=1,person.PERALCH_IM = Yes (Alcohol Involved) (count),crash_record,0.562030120923788,higher -> more likely,0.07640612853882996
y_serious,damage__n_rows,damage.n_rows,post_crash,0.5605313702585616,higher -> more likely,1.0
y_serious,cevent__SOE=64,cevent.SOE = Ran Off Roadway - Left (count),crash_record,0.5599743140916096,higher -> more likely,0.09995862484014142
y_serious,vevent__SOE=64,vevent.SOE = Ran Off Roadway - Left (count),crash_record,0.5599743140916096,higher -> more likely,0.09995862484014142
y_serious,vsoe__SOE=64,vsoe.SOE = Ran Off Roadway - Left (count),crash_record,0.5599743140916096,higher -> more likely,0.09995862484014142
y_serious,acc__ALCHL_IM,accident.ALCHL_IM,crash_record,0.5598847986934459,higher -> more likely,1.0
y_serious,vehicle__TOWED=6,vehicle.TOWED = Towed (count),post_crash,0.5598622137740713,higher -> more likely,0.16503046716316858
y_serious,vehicle__DEFORMED=4,vehicle.DEFORMED = Functional Damage (count),post_crash,0.5596080461544717,higher -> less likely,0.23773163820557186
y_serious,damage__DAMAGE=2,damage.DAMAGE = 2 Clock Value (count),post_crash,0.5592578511627683,higher -> more likely,0.19448832718974898
y_serious,damage__DAMAGE=3,damage.DAMAGE = 3 Clock Value (count),post_crash,0.5588767072407953,higher -> more likely,0.15868000702123924
y_serious,vehicle__MDLYR_IM__min,vehicle.MDLYR_IM__min,crash_record,0.557724620541863,higher -> less likely,1.0
y_serious,vehicle__P_CRASH2=50,vehicle.P_CRASH2 = Other vehicle stopped (count),crash_record,0.5577084387514291,higher -> less likely,0.1581910278592743
y_serious,vsoe__AOI=6,vsoe.AOI = 6 Clock Point (count),crash_record,0.5575226468581982,higher -> less likely,0.20825497128814666
y_serious,vehicle__ACC_TYPE=20,"vehicle.ACC_TYPE = D20-Same Trafficway, Same Direction-Rear End-Stopped (count)",crash_record,0.557181553883269,higher -> less likely,0.14535219037588706
y_serious,damage__DAMAGE=1,damage.DAMAGE = 1 Clock Value (count),post_crash,0.5571364412257638,higher -> more likely,0.317698538077685
y_serious,vehicle__HIT_RUN=0,vehicle.HIT_RUN = No (count),crash_record,0.5571064814306954,higher -> less likely,0.9615587151132174
y_serious,violatn__VIOLATION=0,violatn.VIOLATION = nan (count),crash_record,0.5568282630789574,higher -> less likely,0.8976215552044936
y_serious,vehicle__P_CRASH3=1,vehicle.P_CRASH3 = No Avoidance Maneuver (count),crash_record,0.556644974119122,higher -> less likely,0.25439454349406954
y_serious,damage__DAMAGE=8,damage.DAMAGE = 8 Clock Value (count),post_crash,0.5560764935743499,higher -> more likely,0.13997968855788762
y_serious,maneuver__MANEUVER=0,maneuver.MANEUVER = Driver Did Not Maneuver to Avoid (count),crash_record,0.555806551622478,higher -> less likely,0.2592529902956443
y_serious,vehicle__VPROFILE=1,vehicle.VPROFILE = Level (count),crash_record,0.5552887159369604,higher -> less likely,0.7453045462524136
y_serious,person__ALC_STATUS=2,person.ALC_STATUS = Test Given (count),post_crash,0.5549163913022778,higher -> more likely,0.046515710022819026
y_serious,person__HELM_MIS=7,person.HELM_MIS = None Used/Not Applicable (count),crash_record,0.5545048246177967,higher -> less likely,0.9832744050753529
y_serious,vehicle__V_ALCH_IM=1,vehicle.V_ALCH_IM = Alcohol Involved (count),crash_record,0.5538501627426521,higher -> more likely,0.06963564783469997
y_serious,violatn__n_rows,violatn.n_rows,crash_record,0.5529567183464495,higher -> less likely,1.0
y_serious,person__IMPACT1=12.0,person.IMPACT1 = 12 (count),crash_record,0.5527497608659481,higher -> more likely,0.7050452619172999
y_serious,vpicdecode__BACKUPCAMERAID=0.0,vpicdecode.BACKUPCAMERAID = 0 (count),crash_record,0.5512486094244609,higher -> more likely,0.05782492038416209
y_serious,vpicdecode__VEHICLETYPEID=1,vpicdecode.VEHICLETYPEID = 1 (count),crash_record,0.5512436500383306,higher -> more likely,0.05737355500388676
y_serious,vpicdecode__FORWARDCOLLISIONWARNINGID=0.0,vpicdecode.FORWARDCOLLISIONWARNINGID = 0 (count),crash_record,0.5512413768330905,higher -> more likely,0.05783745831139196
y_serious,vpicdecode__DYNAMICBRAKESUPPORTID=0.0,vpicdecode.DYNAMICBRAKESUPPORTID = 0 (count),crash_record,0.5512413768330905,higher -> more likely,0.05783745831139196
y_serious,vpicdecode__PEDESTRIANAUTOEMERGENCYBRAKINGID=0.0,vpicdecode.PEDESTRIANAUTOEMERGENCYBRAKINGID = 0 (count),crash_record,0.5512413768330905,higher -> more likely,0.05783745831139196
y_serious,vpicdecode__BLINDSPOTWARNINGID=0.0,vpicdecode.BLINDSPOTWARNINGID = 0 (count),crash_record,0.5512413768330905,higher -> more likely,0.05783745831139196
y_serious,vpicdecode__LANEDEPARTUREWARNINGID=0.0,vpicdecode.LANEDEPARTUREWARNINGID = 0 (count),crash_record,0.5512413768330905,higher -> more likely,0.05783745831139196
y_serious,vpicdecode__LANEKEEPINGASSISTANCEID=0.0,vpicdecode.LANEKEEPINGASSISTANCEID = 0 (count),crash_record,0.5512413768330905,higher -> more likely,0.05783745831139196
y_serious,vpicdecode__REARCROSSTRAFFICALERTID=0.0,vpicdecode.REARCROSSTRAFFICALERTID = 0 (count),crash_record,0.5512413768330905,higher -> more likely,0.05783745831139196
y_serious,vpicdecode__PARKASSISTID=0.0,vpicdecode.PARKASSISTID = 0 (count),crash_record,0.5512413768330905,higher -> more likely,0.05783745831139196
y_serious,vpicdecode__DAYTIMERUNNINGLIGHTID=0.0,vpicdecode.DAYTIMERUNNINGLIGHTID = 0 (count),crash_record,0.5512413768330905,higher -> more likely,0.05783745831139196
y_serious,vpicdecode__HEADLAMPLIGHTSOURCEID=0.0,vpicdecode.HEADLAMPLIGHTSOURCEID = 0 (count),crash_record,0.5512413768330905,higher -> more likely,0.05783745831139196
y_serious,vpicdecode__SEMIAUTOHEADLAMPBEAMSWITCHINGID=0.0,vpicdecode.SEMIAUTOHEADLAMPBEAMSWITCHINGID = 0 (count),crash_record,0.5512413768330905,higher -> more likely,0.05783745831139196
y_serious,vpicdecode__ADAPTIVEDRIVINGBEAMID=0.0,vpicdecode.ADAPTIVEDRIVINGBEAMID = 0 (count),crash_record,0.5512413768330905,higher -> more likely,0.05783745831139196
y_serious,vpicdecode__ADAPTIVECRUISECONTROLID=0.0,vpicdecode.ADAPTIVECRUISECONTROLID = 0 (count),crash_record,0.5512413768330905,higher -> more likely,0.05783745831139196
y_serious,vpicdecode__AUTOMATICCRASHNOTIFICATIONID=0.0,vpicdecode.AUTOMATICCRASHNOTIFICATIONID = 0 (count),crash_record,0.5512413768330905,higher -> more likely,0.05783745831139196
y_serious,vpicdecode__EVENTDATARECORDERID=0.0,vpicdecode.EVENTDATARECORDERID = 0 (count),crash_record,0.5512413768330905,higher -> more likely,0.05783745831139196
y_serious,vpicdecode__AUTOPEDESTRIANALERTINGSOUNDID=0.0,vpicdecode.AUTOPEDESTRIANALERTINGSOUNDID = 0 (count),crash_record,0.5512413768330905,higher -> more likely,0.05783745831139196
y_serious,vpicdecode__AUTOREVERSESYSTEMID=0.0,vpicdecode.AUTOREVERSESYSTEMID = 0 (count),crash_record,0.5512413768330905,higher -> more likely,0.05783745831139196
y_serious,vpicdecode__GROSSVEHICLEWEIGHTRATINGFROMID=10.0,vpicdecode.GROSSVEHICLEWEIGHTRATINGFROMID = 10 (count),crash_record,0.5512379317467438,higher -> more likely,0.05770581007547832
y_serious,person__AIR_BAG=9,person.AIR_BAG = Deployment- Unknown Location (count),crash_record,0.5507303246488229,higher -> more likely,0.11407006193736051
y_serious,vehicle__IMPACT1_IM=12,vehicle.IMPACT1_IM = 12 Clock Point (count),crash_record,0.5506713119331512,higher -> more likely,0.7170816720579754
y_serious,acc__TYP_INT,accident.TYP_INT,crash_record,0.5505662923924525,higher -> more likely,1.0
y_serious,vpicdecode__ENGINEVALVETRAINDESIGNID=2.0,vpicdecode.ENGINEVALVETRAINDESIGNID = 2 (count),crash_record,0.5496995051564914,higher -> less likely,0.4606559843526668
y_serious,damage__DAMAGE=4,damage.DAMAGE = 4 Clock Value (count),post_crash,0.5495325807329953,higher -> more likely,0.13806138569171744
y_serious,person__SEX_IM=2,person.SEX_IM = Female (count),crash_record,0.5493934684639887,higher -> less likely,0.6670804182652524
y_serious,cevent__AOI1=12,cevent.AOI1 = 12 Clock Point (count),crash_record,0.5488615305795914,higher -> more likely,0.681235738107776
y_serious,vpicdecode__AIRBAGLOCCURTAINID=6.0,vpicdecode.AIRBAGLOCCURTAINID = 6 (count),crash_record,0.5481573606150091,higher -> less likely,0.31015697484891797
y_serious,vehicle__ACC_TYPE=21,"vehicle.ACC_TYPE = D21-Same Trafficway, Same Direction-Rear End-Stopped, Straight (count)",crash_record,0.548152126859226,higher -> less likely,0.1232979763785451
y_serious,vpicdecode__VEHICLETYPEID=7,vpicdecode.VEHICLETYPEID = 7 (count),crash_record,0.5480477700859274,higher -> less likely,0.47130068457082674
y_serious,vpicdecode__AIRBAGLOCCURTAINID=4.0,vpicdecode.AIRBAGLOCCURTAINID = 4 (count),crash_record,0.5478357231403255,higher -> less likely,0.33766518719125355
y_serious,acc__WKDY_IM,accident.WKDY_IM,crash_record,0.5475160557434104,higher -> more likely,1.0
y_serious,vpicdecode__KEYLESSIGNITIONID=1.0,vpicdecode.KEYLESSIGNITIONID = 1 (count),crash_record,0.5474976162970221,higher -> less likely,0.24094134757641866
y_serious,vehicle__VTCONT_F=3,vehicle.VTCONT_F = Device Functioning Properly (count),crash_record,0.5473730394333365,higher -> less likely,0.36348704832117157
y_serious,drimpair__DRIMPAIR=9,"drimpair.DRIMPAIR = Under the Influence of Alcohol, Drugs or Medication (count)",crash_record,0.5466013288895,higher -> more likely,0.05122370169763535
y_serious,vpicdecode__ENGINECONFIGURATIONID=1.0,vpicdecode.ENGINECONFIGURATIONID = 1 (count),crash_record,0.5455136958186342,higher -> less likely,0.4804157576669425
y_serious,person__BODY_TYP=80.0,person.BODY_TYP = 80 (count),crash_record,0.5454267990539265,higher -> more likely,0.048778805887810625
y_serious,vehicle__BODY_TYP=80,vehicle.BODY_TYP = Two Wheel Motorcycle (excluding motor scooters) (count),crash_record,0.5453659829555159,higher -> more likely,0.048766267960580756
y_serious,vsoe__AOI=12,vsoe.AOI = 12 Clock Point (count),crash_record,0.5445409107745534,higher -> more likely,0.7106121016073623
y_serious,person__FIRE_EXP=0.0,person.FIRE_EXP = 0 (count),crash_record,0.5444770634014293,higher -> less likely,0.9967589458110785
y_serious,vehicle__GVWR_FROM=11,"vehicle.GVWR_FROM = Class 1: 6,000 lbs. or less (2,722 kg or less) (count)",crash_record,0.54399052441515,higher -> less likely,0.8791845332129692
y_serious,vehicle__VEVENT_IM=1,vehicle.VEVENT_IM = Rollover/Overturn (count),crash_record,0.5439618200994984,higher -> more likely,0.044233807266982623
y_serious,vpicdecode__BODYCLASSID=7.0,vpicdecode.BODYCLASSID = 7 (count),crash_record,0.542931418097126,higher -> less likely,0.42043431379924273
y_serious,person__AIR_BAG=1,person.AIR_BAG = Deployed- Front (count),crash_record,0.5424750671293006,higher -> more likely,0.08318287820657488
y_serious,person__PERALCH_IM=0,person.PERALCH_IM = No (Alcohol Not Involved) (count),crash_record,0.5420554867108427,higher -> less likely,0.9746545801048171
y_serious,vpicdecode__TRANSMISSIONSTYLEID=2.0,vpicdecode.TRANSMISSIONSTYLEID = 2 (count),crash_record,0.5419010423446229,higher -> less likely,0.3109970159733193
y_serious,person__ALC_RES=997,"person.ALC_RES = AC Test Performed, Results Unknown (count)",post_crash,0.5413600111376757,higher -> more likely,0.023220241229719902
y_serious,person__SEX_IM=1,person.SEX_IM = Male (count),crash_record,0.5407736420593767,higher -> more likely,0.8366245392311743
y_serious,damage__DAMAGE=6,damage.DAMAGE = 6 Clock Value (count),post_crash,0.5405390820889466,higher -> less likely,0.3392010832769127
y_serious,vpicdecode__FORWARDCOLLISIONWARNINGID=1.0,vpicdecode.FORWARDCOLLISIONWARNINGID = 1 (count),crash_record,0.5404646386300561,higher -> less likely,0.19360440332004314
y_serious,vpicdecode__ENGINEPOWERKW__min,vpicdecode.ENGINEPOWERKW__min,crash_record,0.5404261688614438,higher -> less likely,0.9995862484014143
y_serious,vpicdecode__VEHICLETYPEID=2,vpicdecode.VEHICLETYPEID = 2 (count),crash_record,0.5402265780640015,higher -> less likely,0.590135158855538
y_serious,person__TOW_VEH=0.0,person.TOW_VEH = 0 (count),crash_record,0.5401217245495461,higher -> less likely,0.9879259760776349
y_serious,vpicdecode__ENGINEBRAKEHP_FROM__min,vpicdecode.ENGINEBRAKEHP_FROM__min,crash_record,0.5399519420670348,higher -> less likely,0.9996489380375636
y_serious,cevent__SOE=68,cevent.SOE = Cross Centerline (count),crash_record,0.5397717571124421,higher -> more likely,0.04492966222824043
y_serious,vevent__SOE=68,vevent.SOE = Cross Centerline (count),crash_record,0.5397717571124421,higher -> more likely,0.04492966222824043
y_serious,vsoe__SOE=68,vsoe.SOE = Cross Centerline (count),crash_record,0.5397717571124421,higher -> more likely,0.04492966222824043
y_serious,damage__DAMAGE=7,damage.DAMAGE = 7 Clock Value (count),post_crash,0.5396931104977315,higher -> more likely,0.15992126181699642
y_serious,cevent__SOE=42,cevent.SOE = Tree (Standing Only) (count),crash_record,0.5396579946933083,higher -> more likely,0.0349808169713383
y_serious,vevent__SOE=42,vevent.SOE = Tree (Standing Only) (count),crash_record,0.5396579946933083,higher -> more likely,0.0349808169713383
y_serious,vsoe__SOE=42,vsoe.SOE = Tree (Standing Only) (count),crash_record,0.5396579946933083,higher -> more likely,0.0349808169713383
y_serious,nmcrash__n_rows,nmcrash.n_rows,crash_record,0.5394514242729812,higher -> more likely,0.09183404799518544
y_serious,person__ATST_TYP=1,person.ATST_TYP = Blood (count),post_crash,0.5392538405037606,higher -> more likely,0.01829283582838085
y_serious,acc__PERMVIT,accident.PERMVIT,crash_record,0.5392459911240606,higher -> less likely,0.9996802828556383
y_serious,person__STR_VEH=0,person.STR_VEH = 0 (count),crash_record,0.5391673627337814,higher -> less likely,0.9996865518192533
y_serious,person__LOCATION=0,person.LOCATION = Occupant of a Motor Vehicle (count),crash_record,0.5391673627337814,higher -> less likely,0.9996865518192533
y_serious,vehicle__VPICBODYCLASS=7,vehicle.VPICBODYCLASS = Sport Utility Vehicle (SUV)/Multi-Purpose Vehicle (MPV) (count),crash_record,0.5390031495706686,higher -> less likely,0.3848579452844856
y_serious,nmprior__n_rows,nmprior.n_rows,crash_record,0.5386451685667841,higher -> more likely,0.09183404799518544
y_serious,nmimpair__n_rows,nmimpair.n_rows,crash_record,0.5385967572871709,higher -> more likely,0.09183404799518544
y_serious,acc__PEDS,accident.PEDS,crash_record,0.538589317037599,higher -> more likely,0.09183404799518544
y_serious,person__REST_USE=96,person.REST_USE = Not a Motor Vehicle Occupant (count),crash_record,0.538589317037599,higher -> more likely,0.09183404799518544
y_serious,person__HELM_USE=96,person.HELM_USE = Not a Motor Vehicle Occupant (count),crash_record,0.538589317037599,higher -> more likely,0.09183404799518544
y_serious,person__HELM_MIS=8,person.HELM_MIS = Not a Motor Vehicle Occupant (count),crash_record,0.538589317037599,higher -> more likely,0.09183404799518544
y_serious,person__REST_MIS=8,person.REST_MIS = Not a Motor Vehicle Occupant (count),crash_record,0.538589317037599,higher -> more likely,0.09183404799518544
y_serious,person__AIR_BAG=97,person.AIR_BAG = Not a Motor Vehicle Occupant (count),crash_record,0.538589317037599,higher -> more likely,0.09183404799518544
y_serious,person__SEAT_IM=0,person.SEAT_IM = Not a Motor Vehicle Occupant (count),crash_record,0.538589317037599,higher -> more likely,0.09183404799518544
y_serious,safetyeq__n_rows,safetyeq.n_rows,crash_record,0.538589317037599,higher -> more likely,0.09183404799518544
y_serious,nmdistract__n_rows,nmdistract.n_rows,crash_record,0.5385889069042912,higher -> more likely,0.09183404799518544
y_serious,distract__DRDISTRACT=0,distract.DRDISTRACT = Not Distracted (count),crash_record,0.5385672089629836,higher -> less likely,0.43965495624263395
y_serious,vpicdecode__DRIVETYPEID=7.0,vpicdecode.DRIVETYPEID = 7 (count),crash_record,0.538392038903799,higher -> less likely,0.4417425211264074
y_serious,pbtype__PBSZONE=0,pbtype.PBSZONE = None Noted (count),crash_record,0.5383876305977268,higher -> more likely,0.09110684821585295
y_serious,vehicle__ROLINLOC=5,vehicle.ROLINLOC = On Roadside (count),crash_record,0.5383401258581849,higher -> more likely,0.030216404623987562
y_serious,pbtype__n_rows,pbtype.n_rows,crash_record,0.5383130973542515,higher -> more likely,0.0914704481055192
y_serious,acc__PERNOTMVIT,accident.PERNOTMVIT,crash_record,0.538280417938969,higher -> more likely,0.09759522555731087
y_serious,vpicdecode__BODYCLASSID=13.0,vpicdecode.BODYCLASSID = 13 (count),crash_record,0.5380303116924559,higher -> less likely,0.5011158755234585
y_serious,vsoe__AOI=98,vsoe.AOI = Not Reported (count),crash_record,0.5376693729803708,higher -> more likely,0.05225808069409965
y_serious,person__EMER_USE=0.0,person.EMER_USE = 0 (count),crash_record,0.5376357443898789,higher -> less likely,0.9957057599237694
y_serious,cevent__AOI1=98,cevent.AOI1 = Not Reported (count),crash_record,0.5373874557378174,higher -> more likely,0.05079114320820482
y_serious,person__STR_VEH=1,person.STR_VEH = 1 (count),crash_record,0.5372202213317886,higher -> more likely,0.09074324832618672
y_serious,pbtype__BIKECTYPE=0,pbtype.BIKECTYPE = Not a Cyclist (count),crash_record,0.5371868015698744,higher -> more likely,0.057035030968680255
y_serious,pbtype__BIKELOC=7,pbtype.BIKELOC = Not a Cyclist (count),crash_record,0.5371868015698744,higher -> more likely,0.057035030968680255
y_serious,pbtype__BIKEPOS=7,pbtype.BIKEPOS = Not a Cyclist (count),crash_record,0.5371868015698744,higher -> more likely,0.057035030968680255
y_serious,pbtype__BIKEDIR=7,pbtype.BIKEDIR = Not a Cyclist (count),crash_record,0.5371868015698744,higher -> more likely,0.057035030968680255
y_serious,pbtype__BIKECGP=0,pbtype.BIKECGP = Not a Cyclist (count),crash_record,0.5371868015698744,higher -> more likely,0.057035030968680255
y_serious,damage__DAMAGE=5,damage.DAMAGE = 5 Clock Value (count),post_crash,0.5371758575479424,higher -> more likely,0.15437949798139372
y_serious,vevent__AOI1=98,vevent.AOI1 = Not Reported (count),crash_record,0.5371562004085735,higher -> more likely,0.05079114320820482
y_serious,person__ICFINALBODY=0.0,person.ICFINALBODY = 0 (count),crash_record,0.5369892778242402,higher -> less likely,0.9966711803204694
y_serious,cevent__SOE=8,cevent.SOE = Pedestrian (count),crash_record,0.5369880506010525,higher -> more likely,0.05210135660372627
y_serious,vevent__SOE=8,vevent.SOE = Pedestrian (count),crash_record,0.5369880506010525,higher -> more likely,0.05210135660372627
y_serious,vsoe__SOE=8,vsoe.SOE = Pedestrian (count),crash_record,0.5369880506010525,higher -> more likely,0.05210135660372627
y_serious,vehicle__VPICBODYCLASS=13,vehicle.VPICBODYCLASS = Sedan/Saloon (count),crash_record,0.5368882215122124,higher -> less likely,0.48666591439103285
y_serious,person__PER_TYP=5,person.PER_TYP = Pedestrian (count),crash_record,0.5367623099179126,higher -> more likely,0.05191328769527822
y_serious,pbtype__PBPTYPE=5,pbtype.PBPTYPE = Pedestrian (count),crash_record,0.5367623099179126,higher -> more likely,0.05191328769527822
y_serious,vehicle__PCRASH1_IM=14,vehicle.PCRASH1_IM = Negotiating a Curve (count),crash_record,0.536586805799882,higher -> more likely,0.08644273928634118
y_serious,vpicdecode__ENGINEBRAKEHP_FROM__max,vpicdecode.ENGINEBRAKEHP_FROM__max,crash_record,0.5365349644816179,higher -> less likely,0.9997680483462474
y_serious,vpicdecode__ENGINEPOWERKW__max,vpicdecode.ENGINEPOWERKW__max,crash_record,0.5365148134434347,higher -> less likely,0.9997367035281727
y_serious,vpicdecode__LANEDEPARTUREWARNINGID=1.0,vpicdecode.LANEDEPARTUREWARNINGID = 1 (count),crash_record,0.5363672283185337,higher -> less likely,0.1697196519471401
y_serious,vehicle__P_CRASH2=62,vehicle.P_CRASH2 = From opposite direction  over left lane line (count),crash_record,0.5360863406727637,higher -> more likely,0.09634143283432382
y_serious,vehicle__VEVENT_IM=8,vehicle.VEVENT_IM = Pedestrian (count),crash_record,0.5359178479449758,higher -> more likely,0.050728453572055465
y_serious,person__DRUGS=0,person.DRUGS = No (drugs not involved) (count),crash_record,0.5358883932508953,higher -> less likely,0.45582888236916674
y_serious,vehicle__BODY_TYP=4,"vehicle.BODY_TYP = 4-door sedan, hardtop (count)",crash_record,0.5350506259978037,higher -> less likely,0.4674640788384864
y_serious,pbtype__PBSWALK=0,pbtype.PBSWALK = None Noted (count),crash_record,0.5350204533614388,higher -> more likely,0.07364151558464355
y_serious,person__VPICBODYCLASS=7.0,person.VPICBODYCLASS = 7 (count),crash_record,0.534634278158789,higher -> less likely,0.3851149727926979
y_serious,vehicle__VNUM_LAN=2,vehicle.VNUM_LAN = Two lanes (count),crash_record,0.5341390986184058,higher -> more likely,0.37642618922239773
y_serious,vpicdecode__CRASHIMMINENTBRAKINGID=0.0,vpicdecode.CRASHIMMINENTBRAKINGID = 0 (count),crash_record,0.5340377468699511,higher -> more likely,0.03824694701471953
y_serious,pbtype__PBCWALK=0,pbtype.PBCWALK = None Noted (count),crash_record,0.5340317926639342,higher -> more likely,0.06242007071390958
y_serious,person__SPEC_USE=0.0,person.SPEC_USE = 0 (count),crash_record,0.5339437908967676,higher -> less likely,0.9850359838511498
y_serious,vpicdecode__AUTOMATICCRASHNOTIFICATIONID=1.0,vpicdecode.AUTOMATICCRASHNOTIFICATIONID = 1 (count),crash_record,0.5336119280112228,higher -> less likely,0.16824644549763032
y_serious,vpicdecode__DOORSCOUNT__max,vpicdecode.DOORSCOUNT__max,crash_record,0.5333901783113928,higher -> less likely,1.0
y_serious,acc__REGION,accident.REGION,crash_record,0.5333022900707308,higher -> more likely,1.0
y_serious,vpicdecode__LANEKEEPINGASSISTANCEID=1.0,vpicdecode.LANEKEEPINGASSISTANCEID = 1 (count),crash_record,0.5331457811606523,higher -> less likely,0.15202236766217808
y_serious,acc__MONTH,accident.MONTH,crash_record,0.5330030301916135,higher -> more likely,1.0
y_serious,vehicle__VSURCOND=1,vehicle.VSURCOND = Dry (count),crash_record,0.5328833120616933,higher -> less likely,0.8096868025777978
y_serious,vehicle__P_CRASH2=13,vehicle.P_CRASH2 = Off the edge of the road on the right side (count),crash_record,0.5326440307931191,higher -> more likely,0.05544271421048672
y_serious,vehicle__VTRAFCON=3,vehicle.VTRAFCON = Traffic control signal(on colors) not known whether or not Pedestrian Signal (count),crash_record,0.5324815698505796,higher -> less likely,0.21584668622583314
y_serious,cevent__AOI2=12,cevent.AOI2 = 12 Clock Point (count),crash_record,0.5320924727198059,higher -> more likely,0.09143283432382958
y_serious,vevent__AOI2=12,vevent.AOI2 = 12 Clock Point (count),crash_record,0.5320924727198059,higher -> more likely,0.09143283432382958
y_serious,vpicdecode__PLANTCOUNTRYID=6.0,vpicdecode.PLANTCOUNTRYID = 6 (count),crash_record,0.5314606375303477,higher -> less likely,0.7001053185887309
y_serious,person__HELM_MIS=0,person.HELM_MIS = No Indication of Misuse (count),crash_record,0.5314519384574269,higher -> more likely,0.03875473306752927
y_serious,vehicle__VNUM_LAN=8,vehicle.VNUM_LAN = Not Reported (count),crash_record,0.5314232749377503,higher -> less likely,0.2913814288221871
y_serious,vehicle__ACC_TYPE=1,vehicle.ACC_TYPE = A1-Single Driver-Right Roadside Departure-Drive Off Road (count),crash_record,0.5314046629444507,higher -> more likely,0.053066777000426286
y_serious,vpicdecode__GROSSVEHICLEWEIGHTRATINGFROMID=12.0,vpicdecode.GROSSVEHICLEWEIGHTRATINGFROMID = 12 (count),crash_record,0.5310043805270226,higher -> less likely,0.26436846460543145
y_serious,nmdistract__NMDISTRACT=96,nmdistract.NMDISTRACT = Not Reported (count),crash_record,0.530954965566102,higher -> more likely,0.0741493016374533
y_serious,drimpair__DRIMPAIR=99,drimpair.DRIMPAIR = Reported as Unknown if Impaired (count),crash_record,0.5304393915492575,higher -> more likely,0.08076305825120991
y_serious,vehicle__BODY_TYP=14,"vehicle.BODY_TYP = Compact Utility (Utility Vehicle Categories ""Small"" and ""Midsize"") (count)",crash_record,0.5303931456330646,higher -> less likely,0.2618295343413827
y_serious,vpicdecode__CRASHIMMINENTBRAKINGID=1.0,vpicdecode.CRASHIMMINENTBRAKINGID = 1 (count),crash_record,0.5297116395046613,higher -> less likely,0.14552145239349032
y_serious,vehicle__GVWR_TO=12,"vehicle.GVWR_TO = Class 2: 6,001 - 10,000 lbs. (2,722 - 4,536 kg) (count)",crash_record,0.52967762953868,higher -> less likely,0.4274242082298954
y_serious,person__BODY_TYP=14.0,person.BODY_TYP = 14 (count),crash_record,0.528749317792231,higher -> less likely,0.26200506532260087
y_serious,vpicdecode__BLINDSPOTWARNINGID=1.0,vpicdecode.BLINDSPOTWARNINGID = 1 (count),crash_record,0.5286565228323739,higher -> less likely,0.13221871160259785
y_serious,pbtype__PBSEX=1,pbtype.PBSEX = Male (count),crash_record,0.5282970880538821,higher -> more likely,0.06136061586298553
y_serious,person__ROLLOVER=1.0,person.ROLLOVER = 1 (count),crash_record,0.5281904672711575,higher -> more likely,0.023038441284886784
y_serious,vehicle__ROLLOVER=1,vehicle.ROLLOVER = 1 (count),crash_record,0.5281678840237491,higher -> more likely,0.02304471024850172
y_serious,vehicle__ACC_TYPE=45,"vehicle.ACC_TYPE = F45-Same Trafficway, Same Direction-Angle, Sideswipe-Straight Ahead on Left/Right (count)",crash_record,0.5280543371210581,higher -> less likely,0.07566639083226762
y_serious,vpicdecode__ADAPTIVECRUISECONTROLID=1.0,vpicdecode.ADAPTIVECRUISECONTROLID = 1 (count),crash_record,0.5279532866609118,higher -> less likely,0.12547957571654253
y_serious,vpicdecode__AIRBAGLOCKNEEID=1.0,vpicdecode.AIRBAGLOCKNEEID = 1 (count),crash_record,0.5278288774954358,higher -> less likely,0.15839790365856715
y_serious,person__VPICBODYCLASS=13.0,person.VPICBODYCLASS = 13 (count),crash_record,0.5277879608042958,higher -> less likely,0.48724892800722186
y_serious,person__LOCATION=11,"person.LOCATION = Not at Intersection - On Roadway, Not in Marked Crosswalk (count)",crash_record,0.5277012937677432,higher -> more likely,0.03234785225306552
y_serious,safetyeq__NMOTHPRE=8,safetyeq.NMOTHPRE = Not Reported (count),crash_record,0.5273387054938095,higher -> more likely,0.06616264199202587
y_serious,safetyeq__NMOTHPRO=8,safetyeq.NMOTHPRO = Not Reported (count),crash_record,0.5272583083304917,higher -> more likely,0.06583665588404924
y_serious,vpicdecode__AIRBAGLOCKNEEID=3.0,vpicdecode.AIRBAGLOCKNEEID = 3 (count),crash_record,0.5272258039700699,higher -> less likely,0.18641390205371247
y_serious,pbtype__PEDPOS=3,pbtype.PEDPOS = Travel Lane (count),crash_record,0.5271471194017268,higher -> more likely,0.02568394393038943
y_serious,vpicdecode__AIRBAGLOCSIDEID=4.0,vpicdecode.AIRBAGLOCSIDEID = 4 (count),crash_record,0.5269606602267873,higher -> less likely,0.19546628551367887
y_serious,person__BODY_TYP=4.0,person.BODY_TYP = 4 (count),crash_record,0.5268449875862746,higher -> less likely,0.4681223200180546
y_serious,pbtype__PEDDIR=8,pbtype.PEDDIR = Not Applicable (count),crash_record,0.5268024571133624,higher -> more likely,0.028097494922139473
y_serious,pbtype__MOTDIR=8,pbtype.MOTDIR = Not Applicable (count),crash_record,0.5268024571133624,higher -> more likely,0.028097494922139473
y_serious,pbtype__MOTMAN=8,pbtype.MOTMAN = Not Applicable (count),crash_record,0.5268024571133624,higher -> more likely,0.028097494922139473
y_serious,pbtype__PEDLEG=8,pbtype.PEDLEG = Not Applicable (count),crash_record,0.5268024571133624,higher -> more likely,0.028097494922139473
y_serious,pbtype__PEDSNR=8,pbtype.PEDSNR = Not Applicable (count),crash_record,0.5268024571133624,higher -> more likely,0.028097494922139473
y_serious,vehicle__VEVENT_IM=42,vehicle.VEVENT_IM = Tree (Standing Only) (count),crash_record,0.5263685945924621,higher -> more likely,0.023659068682765367
y_serious,vpicdecode__PEDESTRIANAUTOEMERGENCYBRAKINGID=1.0,vpicdecode.PEDESTRIANAUTOEMERGENCYBRAKINGID = 1 (count),crash_record,0.5263057383608991,higher -> less likely,0.12536046540785878
y_serious,safetyeq__NMPROPAD=8,safetyeq.NMPROPAD = Not Reported (count),crash_record,0.5262834971977745,higher -> more likely,0.06373655307304596
y_serious,person__EJECT_IM=1,person.EJECT_IM = Totally Ejected (count),crash_record,0.5260776316783954,higher -> more likely,0.008538328443541713
y_serious,pbtype__PEDLOC=3,pbtype.PEDLOC = Not At Intersection (count),crash_record,0.525965129252987,higher -> more likely,0.027144612452669324
y_serious,vehicle__VTRAFWAY=8,vehicle.VTRAFWAY = Not Reported (count),crash_record,0.5258781555778342,higher -> less likely,0.16652248050352317
y_serious,vehicle__P_CRASH3=99,vehicle.P_CRASH3 = Unknown/Not Reported (count),crash_record,0.5251139476479089,higher -> less likely,0.8901802953935656
y_serious,safetyeq__NMLIGHT=8,safetyeq.NMLIGHT = Not Reported (count),crash_record,0.5247803042855621,higher -> more likely,0.06190601569748489
y_serious,person__GVWR_TO=12.0,person.GVWR_TO = 12 (count),crash_record,0.5246652522789014,higher -> less likely,0.42785049775571105
y_serious,distract__DRDISTRACT=99,distract.DRDISTRACT = Reported as Unknown if Distracted (count),crash_record,0.5243201308686195,higher -> more likely,0.08575315328869831
y_serious,vehicle__UNDEROVERRIDE=8.0,vehicle.UNDEROVERRIDE = Not Reported (count),crash_record,0.5241391463797921,higher -> less likely,0.13584844153564532
y_serious,vehicle__GVWR_TO=11,"vehicle.GVWR_TO = Class 1: 6,000 lbs. or less (2,722 kg or less) (count)",crash_record,0.5239050998701807,higher -> less likely,0.7500689585997643
y_serious,person__ALC_STATUS=0,person.ALC_STATUS = Test Not Given (count),post_crash,0.523865339009272,higher -> less likely,0.8533626720830513
y_serious,person__ATST_TYP=0,person.ATST_TYP = Test Not Given (count),post_crash,0.523865339009272,higher -> less likely,0.8533626720830513
y_serious,person__ALC_RES=996,person.ALC_RES = Test Not Given (count),post_crash,0.523865339009272,higher -> less likely,0.8533626720830513
y_serious,vehicle__PCRASH1_IM=2,vehicle.PCRASH1_IM = Decelerating in Road (count),crash_record,0.5237572925409724,higher -> less likely,0.07150379899195065
y_serious,safetyeq__NMREFCLO=8,safetyeq.NMREFCLO = Not Reported (count),crash_record,0.5236821182656574,higher -> more likely,0.0610346297550089
y_serious,maneuver__MANEUVER=98,maneuver.MANEUVER = Not Reported (count),crash_record,0.5235064297297555,higher -> less likely,0.8906818124827603
y_serious,vehicle__PCRASH4=9,vehicle.PCRASH4 = Precrash stability unknown (count),crash_record,0.5234535487829107,higher -> more likely,0.04261014569071441
y_serious,vehicle__VALIGN=3,vehicle.VALIGN = Curve - Left (count),crash_record,0.5231245459627408,higher -> more likely,0.049512274630758045
y_serious,nmcrash__NMCC=2,nmcrash.NMCC = Failure to Yield Right-Of-Way (count),crash_record,0.5231177815219052,higher -> more likely,0.027853005341157
y_serious,vpicdecode__TPMSID=2.0,vpicdecode.TPMSID = 2 (count),crash_record,0.5231173448043349,higher -> less likely,0.1261691617141854
y_serious,person__DRUGS=9,person.DRUGS = Reported as Unknown (count),crash_record,0.5229921372750003,higher -> more likely,0.05200105318588731
y_serious,safetyeq__NMHELMET=8,safetyeq.NMHELMET = Not Reported (count),crash_record,0.5229379431659051,higher -> more likely,0.04918628852278142
y_serious,vehicle__MAKE=49,vehicle.MAKE = Toyota (count),crash_record,0.5229244704622984,higher -> less likely,0.1892850873893528
y_serious,person__AGE_IM__min,person.AGE_IM__min,crash_record,0.522755478151011,higher -> more likely,0.9903583339602297
y_serious,vehicle__NUMOCCS__min,vehicle.NUMOCCS__min,crash_record,0.5227218261529923,higher -> more likely,0.9969282078286817
y_serious,vehicle__HIT_RUN=1,vehicle.HIT_RUN = Yes (count),crash_record,0.5224785714567536,higher -> less likely,0.11762456430702876
y_serious,person__HELM_USE=17,person.HELM_USE = No Helmet (count),crash_record,0.5223648461552693,higher -> more likely,0.020888186764964015
y_serious,vehicle__PCRASH1_IM=1,vehicle.PCRASH1_IM = Going Straight (count),crash_record,0.5222726494249171,higher -> more likely,0.7667067880338022
y_serious,drimpair__DRIMPAIR=98,drimpair.DRIMPAIR = Not Reported (count),crash_record,0.522105850733279,higher -> less likely,0.39364076330900977
y_serious,person__MAKE=49.0,person.MAKE = 49 (count),crash_record,0.5219698663786319,higher -> less likely,0.18943554251611125
y_serious,nmprior__NMACTION=3,nmprior.NMACTION = Crossing Roadway (count),crash_record,0.5216824936775777,higher -> more likely,0.06433837358007974
y_serious,vpicdecode__TRANSMISSIONSTYLEID=7.0,vpicdecode.TRANSMISSIONSTYLEID = 7 (count),crash_record,0.5213669525260376,higher -> less likely,0.1119636901627423
y_serious,vpicdecode__BRAKESYSTEMTYPEID=2.0,vpicdecode.BRAKESYSTEMTYPEID = 2 (count),crash_record,0.5213052247044604,higher -> less likely,0.4397427217332431
y_serious,person__IMPACT1=0.0,person.IMPACT1 = 0 (count),crash_record,0.5211569291611227,higher -> more likely,0.03139496978359538
y_serious,vehicle__IMPACT1_IM=0,vehicle.IMPACT1_IM = Non-Collision (count),crash_record,0.5210669690199508,higher -> more likely,0.03138870081998044
y_serious,person__ROLLOVER=3.0,person.ROLLOVER = 3 (count),crash_record,0.5206784936934052,higher -> more likely,0.016211539908222373
y_serious,vehicle__ROLLOVER=3,vehicle.ROLLOVER = Rollover (count),crash_record,0.5206680524317083,higher -> more likely,0.016230346799067177
y_serious,person__PER_TYP=2,person.PER_TYP = Passenger of a Motor Vehicle In-Transport (count),crash_record,0.5206277863026151,higher -> more likely,0.3485104942450914
y_serious,vehicle__PCRASH1_IM=15,vehicle.PCRASH1_IM = Changing Lanes (count),crash_record,0.5206198934517939,higher -> less likely,0.07203666089922015
y_serious,vpicdecode__DRIVETYPEID=2.0,vpicdecode.DRIVETYPEID = 2 (count),crash_record,0.5205311680576578,higher -> less likely,0.28616565109456105
y_serious,vpicdecode__TRANSMISSIONSPEEDS__max,vpicdecode.TRANSMISSIONSPEEDS__max,crash_record,0.520515456925708,higher -> less likely,1.0
y_serious,person__DRUGS=1,person.DRUGS = Yes (drugs involved) (count),crash_record,0.520500801473214,higher -> more likely,0.016104967526768474
y_serious,vehicle__PCRASH1_IM=10,vehicle.PCRASH1_IM = Turning Right (count),crash_record,0.5203871736473591,higher -> less likely,0.06677700042628952
y_serious,vehicle__ACC_TYPE=13,vehicle.ACC_TYPE = C13-Single Driver-Forward Impact-Pedestrian/ Animal (count),crash_record,0.5202198701891264,higher -> more likely,0.11792547456054565
y_serious,vehicle__VTRAFWAY=1,"vehicle.VTRAFWAY = Two-Way, Not Divided (count)",crash_record,0.5201325437291063,higher -> more likely,0.44507134080593796
y_serious,vehicle__SPEEDREL=3,"vehicle.SPEEDREL = Yes, Exceeded Speed Limit (count)",crash_record,0.5197281450981005,higher -> more likely,0.013102133955214524
y_serious,vpicdecode__DRIVETYPEID=1.0,vpicdecode.DRIVETYPEID = 1 (count),crash_record,0.5195943058760827,higher -> less likely,0.1633566538779809
y_serious,vehicle__NUMOCCS__max,vehicle.NUMOCCS__max,crash_record,0.5192558429039796,higher -> more likely,0.9996050552922591
y_serious,person__SEAT_IM=13,"person.SEAT_IM = Front Seat, Right Side (count)",crash_record,0.5192249733921043,higher -> more likely,0.29486697259209105
y_serious,vehicle__P_CRASH2=52,vehicle.P_CRASH2 = Traveling in same direction while decelerating (count),crash_record,0.5191352175652014,higher -> less likely,0.056163645026204266
y_serious,violatn__VIOLATION=58,violatn.VIOLATION = Following too closely (count),crash_record,0.5186526802628155,higher -> less likely,0.04735575114722034
y_serious,vehicle__DEFORMED=8,vehicle.DEFORMED = Not Reported (count),post_crash,0.5186188114107813,higher -> less likely,0.16224077835452244
y_serious,person__HELM_USE=5,person.HELM_USE = DOT-Compliant Motorcycle Helmet (count),crash_record,0.5186035476969854,higher -> more likely,0.021452393490308183
y_serious,vpicdecode__ADAPTIVEDRIVINGBEAMID=1.0,vpicdecode.ADAPTIVEDRIVINGBEAMID = 1 (count),crash_record,0.5184852067656207,higher -> less likely,0.09249228917475363
y_serious,vehicle__ACC_TYPE=98,vehicle.ACC_TYPE = M98-Other Crash Type (count),crash_record,0.5182841382844545,higher -> more likely,0.11593821309461119
y_serious,vehicle__ACC_TYPE=28,"vehicle.ACC_TYPE = D28-Same Trafficway, Same Direction-Rear End-Decelerating (Slowing) (count)",crash_record,0.5181755609668875,higher -> less likely,0.050715915644825596
y_serious,person__GVWR_FROM=11.0,person.GVWR_FROM = 11 (count),crash_record,0.5180022703649039,higher -> less likely,0.8797675468291583
y_serious,vehicle__P_CRASH2=11,vehicle.P_CRASH2 = Over the lane line on right side of travel lane (count),crash_record,0.518000676145136,higher -> less likely,0.062257077659921264
y_serious,acc__WEATHR_IM,accident.WEATHR_IM,crash_record,0.5179642264460816,higher -> more likely,1.0
y_serious,vpicdecode__BLINDSPOTWARNINGID=3.0,vpicdecode.BLINDSPOTWARNINGID = 3 (count),crash_record,0.5178469129379444,higher -> less likely,0.10260412748564407
y_serious,vpicdecode__PLANTCOUNTRYID=12.0,vpicdecode.PLANTCOUNTRYID = 12 (count),crash_record,0.5177175086062613,higher -> less likely,0.18017628325685198
y_serious,nmimpair__NMIMPAIR=98,nmimpair.NMIMPAIR = Not Reported (count),crash_record,0.5176990890562706,higher -> more likely,0.05936708543343614
y_serious,vehicle__BDYTYP_IM=80.0,vehicle.BDYTYP_IM = 80 (count),crash_record,0.5175635078126731,higher -> more likely,0.020117104240326988
y_serious,vpicdecode__ENGINETURBOID=1.0,vpicdecode.ENGINETURBOID = 1 (count),crash_record,0.5174678320550605,higher -> less likely,0.11867148123072294
y_serious,vpicdecode__DESTINATIONMARKETID=1.0,vpicdecode.DESTINATIONMARKETID = 1 (count),crash_record,0.5172759150808677,higher -> more likely,0.019458863060758794
y_serious,vehicle__GVWR_FROM=12,"vehicle.GVWR_FROM = Class 2: 6,001 - 10,000 lbs. (2,722 - 4,536 kg) (count)",crash_record,0.517127848095309,higher -> less likely,0.2702299455853958
y_serious,vehicle__VTRAFCON=97,vehicle.VTRAFCON = Not Reported (count),crash_record,0.5169193547466598,higher -> more likely,0.17452167807618044
y_serious,vehicle__VTCONT_F=8,vehicle.VTCONT_F = Not Reported (count),crash_record,0.5169090430623431,higher -> more likely,0.1745843677123298
y_serious,vpicdecode__AIRBAGLOCSIDEID=6.0,vpicdecode.AIRBAGLOCSIDEID = 6 (count),crash_record,0.5168471064121879,higher -> less likely,0.14524561799443317
y_serious,vehicle__ACC_TYPE=29,"vehicle.ACC_TYPE = D29-Same Trafficway, Same Direction-Rear End-Decelerating (Slowing), Going Straight (count)",crash_record,0.5166218818650127,higher -> less likely,0.044390531357356
y_serious,vpicdecode__HEADLAMPLIGHTSOURCEID=3.0,vpicdecode.HEADLAMPLIGHTSOURCEID = 3 (count),crash_record,0.5164742220032228,higher -> less likely,0.08187266481105343
y_serious,person__ROLLOVER=8.0,person.ROLLOVER = 8 (count),crash_record,0.5163669140423917,higher -> more likely,0.018236415155846435
y_serious,vehicle__ROLLOVER=8,vehicle.ROLLOVER = Not Applicable (count),crash_record,0.5163606476802861,higher -> more likely,0.0182301461922315
y_serious,vehicle__ROLINLOC=8,vehicle.ROLINLOC = Not Applicable (count),crash_record,0.5163606476802861,higher -> more likely,0.0182301461922315
y_serious,vpicdecode__DISPLACEMENTL__max,vpicdecode.DISPLACEMENTL__max,crash_record,0.5161003267234956,higher -> less likely,0.9979312420070714
y_serious,vehicle__VALIGN=2,vehicle.VALIGN = Curve - Right (count),crash_record,0.5159741250430607,higher -> more likely,0.04909852303217232
y_serious,vpicdecode__TRANSMISSIONSPEEDS__min,vpicdecode.TRANSMISSIONSPEEDS__min,crash_record,0.5158520713435614,higher -> less likely,1.0
y_serious,person__GVWR_FROM=12.0,person.GVWR_FROM = 12 (count),crash_record,0.515754374513211,higher -> less likely,0.2705622006569874
y_serious,vehicle__P_CRASH2=61,vehicle.P_CRASH2 = From adjacent lane (same direction) over right lane line (count),crash_record,0.515639789821102,higher -> less likely,0.05615737606258933
y_serious,pbtype__PEDCGP=750,pbtype.PEDCGP = Crossing Roadway - Vehicle Not Turning (count),crash_record,0.5156193505359468,higher -> more likely,0.015227312620677549
y_serious,cevent__SOE=30,cevent.SOE = Utility Pole/Light Support (count),crash_record,0.5155890723985148,higher -> more likely,0.028078688031294666
y_serious,vevent__SOE=30,vevent.SOE = Utility Pole/Light Support (count),crash_record,0.5155890723985148,higher -> more likely,0.028078688031294666
y_serious,vsoe__SOE=30,vsoe.SOE = Utility Pole/Light Support (count),crash_record,0.5155890723985148,higher -> more likely,0.028078688031294666
y_serious,violatn__VIOLATION=11,violatn.VIOLATION = Driving while intoxicated (alcohol or drugs) or BAC above limit (any detectable BAC for CDLs) (count),crash_record,0.5154683111288849,higher -> more likely,0.024611951152235512
y_serious,safetyeq__NMHELMET=1,safetyeq.NMHELMET = No (count),crash_record,0.5152971882310742,higher -> more likely,0.033150279595777224
y_serious,vpicdecode__WHEELSIZEREARIN__max,vpicdecode.WHEELSIZEREARIN__max,crash_record,0.5151435923876988,higher -> less likely,1.0
y_serious,vpicdecode__WHEELSIZEFRONTIN__max,vpicdecode.WHEELSIZEFRONTIN__max,crash_record,0.5150870978203148,higher -> less likely,1.0
y_serious,vehicle__VEVENT_IM=11,vehicle.VEVENT_IM = Live Animal (count),crash_record,0.5146771012792883,higher -> less likely,0.03264249354296748
y_serious,vehicle__TOWED=7,vehicle.TOWED = 7 (count),post_crash,0.5146617516264301,higher -> more likely,0.049825722811504804
y_serious,safetyeq__NMREFCLO=1,safetyeq.NMREFCLO = No (count),crash_record,0.5144307072993202,higher -> more likely,0.029056646355224553
y_serious,cevent__SOE=11,cevent.SOE = Live Animal (count),crash_record,0.5143121993385326,higher -> less likely,0.0333070036861506
y_serious,vevent__SOE=11,vevent.SOE = Live Animal (count),crash_record,0.5143121993385326,higher -> less likely,0.0333070036861506
y_serious,vsoe__SOE=11,vsoe.SOE = Live Animal (count),crash_record,0.5143121993385326,higher -> less likely,0.0333070036861506
y_serious,personrf__PERSONRF=0,personrf.PERSONRF = None Noted (count),crash_record,0.5142064038383224,higher -> less likely,0.9999874620727701
y_serious,vpicdecode__FUELDELIVERYINJECTIONTYPEID=1.0,vpicdecode.FUELDELIVERYINJECTIONTYPEID = 1 (count),crash_record,0.5138858907609056,higher -> less likely,0.1098447804608942
y_serious,person__n_rows,person.n_rows,crash_record,0.5138628127786997,higher -> less likely,1.0
y_serious,personrf__n_rows,personrf.n_rows,crash_record,0.5138587208086318,higher -> less likely,1.0
y_serious,vehicle__P_CRASH2=60,vehicle.P_CRASH2 = From adjacent lane (same direction) over left lane line (count),crash_record,0.5138369434489298,higher -> less likely,0.061536146844203714
y_serious,vpicdecode__GROSSVEHICLEWEIGHTRATINGFROMID=13.0,vpicdecode.GROSSVEHICLEWEIGHTRATINGFROMID = 13 (count),crash_record,0.5137547820268823,higher -> less likely,0.20389177261215177
y_serious,pbtype__PEDCTYPE=760,pbtype.PEDCTYPE = Pedestrian Failed to Yield (count),crash_record,0.5136304387368742,higher -> more likely,0.010644700218159935
y_serious,vpicdecode__BODYCLASSID=80.0,vpicdecode.BODYCLASSID = 80 (count),crash_record,0.513490704830836,higher -> more likely,0.014663105895333383
y_serious,vehicle__DEFORMED=0,vehicle.DEFORMED = No Damage (count),post_crash,0.513477174611592,higher -> less likely,0.05055292259083728
y_serious,vehicle__ROLINLOC=1,vehicle.ROLINLOC = On Roadway (count),crash_record,0.5134303926630368,higher -> more likely,0.013760375134782718
y_serious,nmcrash__NMCC=12,nmcrash.NMCC = Improper Crossing of Roadway or Intersection (Jaywalking) (count),crash_record,0.5132971580239953,higher -> more likely,0.01089545876275734
y_serious,person__IMPACT1=1.0,person.IMPACT1 = 1 (count),crash_record,0.5132237137321034,higher -> less likely,0.09834750119110308
y_serious,safetyeq__NMLIGHT=1,safetyeq.NMLIGHT = No (count),crash_record,0.5131069464553224,higher -> more likely,0.027746432959703103
y_serious,vpicdecode__GROSSVEHICLEWEIGHTRATINGFROMID=14.0,vpicdecode.GROSSVEHICLEWEIGHTRATINGFROMID = 14 (count),crash_record,0.5130224748775818,higher -> less likely,0.2016913663833095
y_serious,distract__DRDISTRACT=96,distract.DRDISTRACT = Not Reported (count),crash_record,0.5129664218764702,higher -> less likely,0.5087201283883749
y_serious,pbtype__PBAGE__min,pbtype.PBAGE__min,crash_record,0.5128493768861039,higher -> more likely,0.9999373103638507
y_serious,driverrf__DRIVERRF=36,"driverrf.DRIVERRF = Operating the Vehicle in an Erratic, Reckless or Negligent Manner. (count)",crash_record,0.5128448993606312,higher -> more likely,0.034115699992477246
y_serious,vehicle__IMPACT1_IM=1,vehicle.IMPACT1_IM = 1 Clock Point (count),crash_record,0.5126562188114039,higher -> less likely,0.10088643145515183
y_serious,vpicdecode__LANEDEPARTUREWARNINGID=3.0,vpicdecode.LANEDEPARTUREWARNINGID = 3 (count),crash_record,0.5126450020917852,higher -> less likely,0.07646881817497932
y_serious,vpicdecode__AIRBAGLOCSEATCUSHIONID=2.0,vpicdecode.AIRBAGLOCSEATCUSHIONID = 2 (count),crash_record,0.5126443216015435,higher -> less likely,0.05834524436420171
y_serious,person__HELM_USE=19,"person.HELM_USE = Helmet, Unknown if DOT-Compliant (count)",crash_record,0.5125523122986018,higher -> more likely,0.01683843626971589
y_serious,pbtype__PBAGE__max,pbtype.PBAGE__max,crash_record,0.512510500603957,higher -> more likely,0.9999686551819253
y_serious,acc__URBANICITY,accident.URBANICITY,crash_record,0.5124224160744638,higher -> more likely,1.0
y_serious,weather__WEATHERCODE=1.0,weather.WEATHERCODE = 1 (count),crash_record,0.5123040855092896,higher -> more likely,0.23709220391684846
y_serious,safetyeq__NMPROPAD=1,safetyeq.NMPROPAD = No (count),crash_record,0.5122963379523309,higher -> more likely,0.026843702199152435
y_serious,vpicdecode__WHEELSIZEREARIN__min,vpicdecode.WHEELSIZEREARIN__min,crash_record,0.5121398688350478,higher -> less likely,1.0
y_serious,vpicdecode__DRIVETYPEID=3.0,vpicdecode.DRIVETYPEID = 3 (count),crash_record,0.5121048699010616,higher -> less likely,0.08389127109506256
y_serious,vpicdecode__LANEKEEPINGASSISTANCEID=5.0,vpicdecode.LANEKEEPINGASSISTANCEID = 5 (count),crash_record,0.5120958862594943,higher -> less likely,0.06783018631359863
y_serious,vehicle__PCRASH5=2,"vehicle.PCRASH5 = Stayed on roadway, but left original travel lane (count)",crash_record,0.5120885332865579,higher -> less likely,0.15678678000952884
y_serious,vpicdecode__WHEELSIZEFRONTIN__min,vpicdecode.WHEELSIZEFRONTIN__min,crash_record,0.5120685407507701,higher -> less likely,1.0
y_serious,vpicdecode__ADAPTIVECRUISECONTROLID=3.0,vpicdecode.ADAPTIVECRUISECONTROLID = 3 (count),crash_record,0.5120683672006789,higher -> less likely,0.06893979287344217
y_serious,person__ATST_TYP=98,person.ATST_TYP = Unknown Test Type (count),post_crash,0.5118409629111742,higher -> more likely,0.016901125905865243
y_serious,cevent__SOE=34,cevent.SOE = Ditch (count),crash_record,0.5118320197311887,higher -> more likely,0.02733268136111738
y_serious,vevent__SOE=34,vevent.SOE = Ditch (count),crash_record,0.5118320197311887,higher -> more likely,0.02733268136111738
y_serious,vsoe__SOE=34,vsoe.SOE = Ditch (count),crash_record,0.5118320197311887,higher -> more likely,0.02733268136111738
y_serious,person__DEVMOTOR=0.0,person.DEVMOTOR = 0 (count),crash_record,0.5118254788322337,higher -> more likely,0.017728629103036686
y_serious,vpicdecode__ENGINECOOLINGTYPEID=2.0,vpicdecode.ENGINECOOLINGTYPEID = 2 (count),crash_record,0.5118219516523468,higher -> less likely,0.18563028160184558
y_serious,vehicle__MAKE=35,vehicle.MAKE = Nissan/Datsun (count),crash_record,0.5118073035565043,higher -> less likely,0.13092103613430628
y_serious,person__DEVTYPE=0.0,person.DEVTYPE = 0 (count),crash_record,0.511788999372181,higher -> more likely,0.017653401539657464
y_serious,vpicdecode__SEATSCOUNT__max,vpicdecode.SEATSCOUNT__max,crash_record,0.5116114860523728,higher -> less likely,1.0
y_serious,person__MAKE=35.0,person.MAKE = 35 (count),crash_record,0.5114868553513757,higher -> less likely,0.13112164296998421
y_serious,vehicle__VTRAFWAY=0,vehicle.VTRAFWAY = Non-Trafficway or Driveway Access (count),crash_record,0.5114446738178086,higher -> less likely,0.04380751774116703
y_serious,vehicle__VNUM_LAN=0,vehicle.VNUM_LAN = Non-Trafficway or Driveway Access (count),crash_record,0.5114446738178086,higher -> less likely,0.04380751774116703
y_serious,vehicle__VALIGN=0,vehicle.VALIGN = Non-Trafficway or Driveway Access (count),crash_record,0.5114446738178086,higher -> less likely,0.04380751774116703
y_serious,vehicle__VPROFILE=0,vehicle.VPROFILE = Non-Trafficway or Driveway Access (count),crash_record,0.5114446738178086,higher -> less likely,0.04380751774116703
y_serious,vehicle__VSURCOND=0,vehicle.VSURCOND = Non-Trafficway or Driveway Access (count),crash_record,0.5114446738178086,higher -> less likely,0.04380751774116703
y_serious,vpicdecode__DISPLACEMENTL__min,vpicdecode.DISPLACEMENTL__min,crash_record,0.51133014697573,higher -> less likely,0.9946901878181499
y_serious,vehicle__SPEEDREL=5,"vehicle.SPEEDREL = Yes, Specifics Unknown (count)",crash_record,0.5112184156611311,higher -> more likely,0.014255623260362596
y_serious,safetyeq__NMOTHPRO=1,safetyeq.NMOTHPRO = No (count),crash_record,0.511208943136648,higher -> more likely,0.025126006168660196
y_serious,vpicdecode__FORWARDCOLLISIONWARNINGID=3.0,vpicdecode.FORWARDCOLLISIONWARNINGID = 3 (count),crash_record,0.5111697729813962,higher -> less likely,0.06695880037112265
y_serious,vehicle__VSURCOND=2,vehicle.VSURCOND = Wet (count),crash_record,0.5110925122594656,higher -> less likely,0.125918403169588
y_serious,vehicle__VPICBODYCLASS=999,vehicle.VPICBODYCLASS = Unknown (count),crash_record,0.5110193739373876,higher -> less likely,0.09736327390355827
y_serious,vehicle__ACC_TYPE=68,vehicle.ACC_TYPE = J68-Trafficway Vehicle Turning-Turn Across Path-Initial Opposite Directions (Left/Right) (count),crash_record,0.5110020279568913,higher -> more likely,0.07209935053536949
y_serious,vehicle__ACC_TYPE=69,vehicle.ACC_TYPE = J69-Trafficway Vehicle Turning-Turn Across Path-Initial Opposite Directions (Going Straight) (count),crash_record,0.5110020279568913,higher -> more likely,0.07209935053536949
y_serious,pbtype__PBSEX=2,pbtype.PBSEX = Female (count),crash_record,0.5109777923052914,higher -> more likely,0.028837232628701824
y_serious,safetyeq__NMOTHPRE=1,safetyeq.NMOTHPRE = No (count),crash_record,0.5109755104058271,higher -> more likely,0.02474359938814915
y_serious,person__VPICBODYCLASS=999.0,person.VPICBODYCLASS = 999 (count),crash_record,0.5109556690157835,higher -> less likely,0.09751999799393164
y_serious,vehicle__SPEEDREL=4,"vehicle.SPEEDREL = Yes, Too Fast for Conditions (count)",crash_record,0.5108529450846719,higher -> more likely,0.08034303768900926
y_serious,person__IMPACT1=11.0,person.IMPACT1 = 11 (count),crash_record,0.5107930997298347,higher -> less likely,0.10232829308658692
y_serious,vehicle__MAKE=12,vehicle.MAKE = Ford (count),crash_record,0.5106713986480059,higher -> less likely,0.2021740765816595
y_serious,vehicle__IMPACT1_IM=11,vehicle.IMPACT1_IM = 11 Clock Point (count),crash_record,0.5106535716428351,higher -> less likely,0.10462900273326814
y_serious,person__SEAT_IM=21,"person.SEAT_IM = Second Seat, Left Side (count)",crash_record,0.5105783903452622,higher -> more likely,0.08937034529451592
y_serious,person__ROLLOVER=9.0,person.ROLLOVER = 9 (count),crash_record,0.5105331242012602,higher -> more likely,0.009836003911833296
y_serious,vehicle__ROLLOVER=9,vehicle.ROLLOVER = 9 (count),crash_record,0.5105244368321027,higher -> more likely,0.009836003911833296
y_serious,vpicdecode__REARCROSSTRAFFICALERTID=1.0,vpicdecode.REARCROSSTRAFFICALERTID = 1 (count),crash_record,0.5104859573660865,higher -> less likely,0.04808295092655282
y_serious,vehicle__MAKE=55,vehicle.MAKE = Hyundai (count),crash_record,0.5104805746381155,higher -> less likely,0.06964818576192984
y_serious,person__MAKE=55.0,person.MAKE = 55 (count),crash_record,0.5103583915284324,higher -> less likely,0.06968579954361945
y_serious,vpicdecode__SEATROWSCOUNT__max,vpicdecode.SEATROWSCOUNT__max,crash_record,0.5103170434700138,higher -> less likely,1.0
y_serious,distract__DRDISTRACT=93,"distract.DRDISTRACT = Inattention (Inattentive), Details Unknown (count)",crash_record,0.5102201717549814,higher -> less likely,0.04964392286667168
y_serious,person__ALC_STATUS=8,person.ALC_STATUS = Not Reported (count),post_crash,0.510048827154453,higher -> less likely,0.2518179994483312
y_serious,person__ALC_RES=995,person.ALC_RES = Not Reported (count),post_crash,0.510048827154453,higher -> less likely,0.2518179994483312
y_serious,vehicle__PCRASH1_IM=13,vehicle.PCRASH1_IM = Backing Up (other than for Parking Position) (count),crash_record,0.5100138693508354,higher -> less likely,0.02112640738233155
y_serious,vehicle__DEFORMED=9,vehicle.DEFORMED = Reported as Unknown (count),post_crash,0.509857895637136,higher -> less likely,0.04330600065197222
y_serious,person__AGE_IM__max,person.AGE_IM__max,crash_record,0.5098295330713748,higher -> less likely,1.0
y_serious,vevent__AOI1=12,vevent.AOI1 = 12 Clock Point (count),crash_record,0.509817263347446,higher -> more likely,0.681235738107776
y_serious,pbtype__MOTMAN=3,pbtype.MOTMAN = Straight through (count),crash_record,0.5096951971082002,higher -> more likely,0.01172923092354372
y_serious,person__MAKE=12.0,person.MAKE = 12 (count),crash_record,0.5095064212568996,higher -> less likely,0.2024561799443316
y_serious,nmimpair__NMIMPAIR=99,nmimpair.NMIMPAIR = Reported as Unknown if Impaired (count),crash_record,0.5093071472970515,higher -> more likely,0.004425888312144236
y_serious,person__IMPACT1=5.0,person.IMPACT1 = 5 (count),crash_record,0.5093013268483302,higher -> less likely,0.03386494144787984
y_serious,person__ATST_TYP=95,person.ATST_TYP = Not Reported (count),post_crash,0.5091409966595108,higher -> less likely,0.25253266130043384
y_serious,vehicle__BDYTYP_IM=14.0,vehicle.BDYTYP_IM = 14 (count),crash_record,0.5090963141989078,higher -> less likely,0.08782191128162692
y_serious,driverrf__DRIVERRF=51,driverrf.DRIVERRF = Driving on Wrong Side of Two-Way Trafficway (Intentional or Unintentional) (count),crash_record,0.5090629491102884,higher -> more likely,0.00733468742947416
y_serious,vehicle__IMPACT1_IM=5,vehicle.IMPACT1_IM = 5 Clock Point (count),crash_record,0.5090554143946263,higher -> less likely,0.03454825848190777
y_serious,driverrf__DRIVERRF=58,driverrf.DRIVERRF = Overcorrecting (count),crash_record,0.5090464539933892,higher -> more likely,0.012387472103111913
y_serious,vehicle__IMPACT1_IM=7,vehicle.IMPACT1_IM = 7 Clock Point (count),crash_record,0.5089502274901115,higher -> less likely,0.03714360941849094
y_serious,vpicdecode__PLANTCOUNTRYID=1.0,vpicdecode.PLANTCOUNTRYID = 1 (count),crash_record,0.5088292619062125,higher -> less likely,0.16615888061385692
y_serious,person__IMPACT1=7.0,person.IMPACT1 = 7 (count),crash_record,0.5087840661519873,higher -> less likely,0.03709972667318639
y_serious,vehicle__PCRASH4=2,vehicle.PCRASH4 = Skidding longitudinally  rotation less than 30 degrees (count),crash_record,0.5087766307511173,higher -> more likely,0.03451064470021816
y_serious,vehicle__FIRE_EXP=1,vehicle.FIRE_EXP = Yes (count),crash_record,0.5086574011697195,higher -> more likely,0.004582612402517615
y_serious,vsoe__AOI=1,vsoe.AOI = 1 Clock Point (count),crash_record,0.5086570798178167,higher -> less likely,0.08984051756563605
y_serious,person__FIRE_EXP=1.0,person.FIRE_EXP = 1 (count),crash_record,0.508656906936512,higher -> more likely,0.004582612402517615
y_serious,vehicle__MAKE=99,vehicle.MAKE = Unknown Make (count),crash_record,0.508468920253256,higher -> less likely,0.04731186840191579
y_serious,vpicdecode__PLANTCOUNTRYID=15.0,vpicdecode.PLANTCOUNTRYID = 15 (count),crash_record,0.5084664845329017,higher -> less likely,0.07870683818551118
y_serious,vpicdecode__ENGINETURBOID=2.0,vpicdecode.ENGINETURBOID = 2 (count),crash_record,0.5084433525461878,higher -> less likely,0.09701221194112189
y_serious,vpicdecode__PRETENSIONERID=1.0,vpicdecode.PRETENSIONERID = 1 (count),crash_record,0.5084310630930579,higher -> less likely,0.07540309436044033
y_serious,person__MAKE=99.0,person.MAKE = 99 (count),crash_record,0.508421256008139,higher -> less likely,0.047374558038065145
y_serious,vpicdecode__FUELTYPESECONDARYID=10.0,vpicdecode.FUELTYPESECONDARYID = 10 (count),crash_record,0.5083933694511538,higher -> less likely,0.07271370896963314
y_serious,vpicdecode__DOORSCOUNT__min,vpicdecode.DOORSCOUNT__min,crash_record,0.5083585251740408,higher -> less likely,1.0
y_serious,vpicdecode__ADAPTIVEDRIVINGBEAMID=3.0,vpicdecode.ADAPTIVEDRIVINGBEAMID = 3 (count),crash_record,0.5082647566282678,higher -> less likely,0.04645302038666967
y_serious,vpicdecode__SEATSCOUNT__min,vpicdecode.SEATSCOUNT__min,crash_record,0.5082456592631813,higher -> less likely,1.0
y_serious,vevent__AOI1=6,vevent.AOI1 = 6 Clock Point (count),crash_record,0.5081921187256722,higher -> less likely,0.031463928383359666
y_serious,vehicle__TOWED=8,vehicle.TOWED = Not Reported (count),post_crash,0.5081196336407869,higher -> less likely,0.05166252915068081
y_serious,vehicle__DEFORMED=7,"vehicle.DEFORMED = Damage Reported, Extent Unknown (count)",post_crash,0.5080989627883135,higher -> less likely,0.07460066701772863
y_serious,cevent__AOI1=6,cevent.AOI1 = 6 Clock Point (count),crash_record,0.5080869092496137,higher -> less likely,0.031463928383359666
y_serious,vehicle__VPROFILE=6,vehicle.VPROFILE = Downhill (count),crash_record,0.508056339186884,higher -> more likely,0.02587828180245242
y_serious,vehicle__VEVENT_IM=14,vehicle.VEVENT_IM = Parked Motor Vehicle (count),crash_record,0.5078976281301287,higher -> less likely,0.031112866420923292
y_serious,vpicdecode__CRASHIMMINENTBRAKINGID=3.0,vpicdecode.CRASHIMMINENTBRAKINGID = 3 (count),crash_record,0.5078864505345191,higher -> less likely,0.045468793099124855
y_serious,vehicle__VTRAFCON=20,vehicle.VTRAFCON = Stop Sign (count),crash_record,0.5078604018027764,higher -> less likely,0.10989493216981369
y_serious,vpicdecode__SEATROWSCOUNT__min,vpicdecode.SEATROWSCOUNT__min,crash_record,0.5078303834888913,higher -> less likely,1.0
y_serious,vsoe__AOI=11,vsoe.AOI = 11 Clock Point (count),crash_record,0.5078007881824538,higher -> less likely,0.09266782015597182
y_serious,vehicle__P_CRASH2=17,vehicle.P_CRASH2 = Crossing Over (Passing Through) Junction (count),crash_record,0.5077517062771995,higher -> more likely,0.09180270317711076
y_serious,parkwork__PHARM_EV=14,parkwork.PHARM_EV = Parked Motor Vehicle (count),crash_record,0.5077054884500386,higher -> less likely,0.0311316733117681
y_serious,drimpair__DRIMPAIR=1,"drimpair.DRIMPAIR = Ill, Blackout (count)",crash_record,0.50770479742641,higher -> more likely,0.009729431530379397
y_serious,vehicle__BODY_TYP=15,"vehicle.BODY_TYP = Large utility (ANSI D16.1 Utility Vehicle Categories and ""Full Size"" and ""Large"") (count)",crash_record,0.5076159625184877,higher -> less likely,0.08813535946237368
y_serious,vpicdecode__ENTERTAINMENTSYSTEMID=2.0,vpicdecode.ENTERTAINMENTSYSTEMID = 2 (count),crash_record,0.507614744992704,higher -> less likely,0.03610296145841169
y_serious,person__ALC_RES=0,person.ALC_RES = 0.000 % BAC (count),post_crash,0.5076057153720661,higher -> more likely,0.01295167882845608
y_serious,vpicdecode__FUELDELIVERYINJECTIONTYPEID=3.0,vpicdecode.FUELDELIVERYINJECTIONTYPEID = 3 (count),crash_record,0.5075124895465204,higher -> less likely,0.2084054264149051
y_serious,person__BODY_TYP=15.0,person.BODY_TYP = 15 (count),crash_record,0.5075112188522115,higher -> less likely,0.08825446977105744
y_serious,vehicle__P_CRASH2=66,"vehicle.P_CRASH2 = From crossing street, across path (count)",crash_record,0.5074334266122271,higher -> more likely,0.07841846585922416
y_serious,vehicle__BDYTYP_IM=4.0,vehicle.BDYTYP_IM = 4 (count),crash_record,0.5073517162866591,higher -> less likely,0.16721833546478096
y_serious,vpicdecode__AIRBAGLOCCURTAINID=5.0,vpicdecode.AIRBAGLOCCURTAINID = 5 (count),crash_record,0.5073357225924221,higher -> less likely,0.036090423531181824
y_serious,vpicdecode__TRUCKBODYCABTYPEID=4.0,vpicdecode.TRUCKBODYCABTYPEID = 4 (count),crash_record,0.507324348707981,higher -> less likely,0.09402818526041275
y_serious,person__GVWR_TO=11.0,person.GVWR_TO = 11 (count),crash_record,0.5070043402299622,higher -> less likely,0.7506206273978786
y_serious,vehicle__MAKE=20,vehicle.MAKE = Chevrolet (count),crash_record,0.5068237620289202,higher -> less likely,0.1936921688106522
y_serious,vpicdecode__PLANTCOUNTRYID=3.0,vpicdecode.PLANTCOUNTRYID = 3 (count),crash_record,0.5068157879205419,higher -> more likely,0.17442764362195642
y_serious,vehicle__VPICBODYCLASS=60,vehicle.VPICBODYCLASS = Pickup (count),crash_record,0.5067595459872503,higher -> less likely,0.21196619774818826
y_serious,vpicdecode__PARKASSISTID=3.0,vpicdecode.PARKASSISTID = 3 (count),crash_record,0.506689918125397,higher -> less likely,0.03464856189974674
y_serious,vpicdecode__WHEELBASETYPEID=5.0,vpicdecode.WHEELBASETYPEID = 5 (count),crash_record,0.5066446374352891,higher -> less likely,0.03516888587978635
y_serious,vsoe__AOI=7,vsoe.AOI = 7 Clock Point (count),crash_record,0.5066256950614689,higher -> less likely,0.033984051756563605
y_serious,vpicdecode__ENGINECOOLINGTYPEID=1.0,vpicdecode.ENGINECOOLINGTYPEID = 1 (count),crash_record,0.506597202751131,higher -> more likely,0.008601018079691065
y_serious,person__BODY_TYP=49.0,person.BODY_TYP = 49 (count),crash_record,0.5065088241227838,higher -> less likely,0.04575089646179693
y_serious,cevent__AOI2=7,cevent.AOI2 = 7 Clock Point (count),crash_record,0.5064509632246244,higher -> less likely,0.03222247298076682
y_serious,vevent__AOI2=7,vevent.AOI2 = 7 Clock Point (count),crash_record,0.5064509632246244,higher -> less likely,0.03222247298076682
y_serious,vehicle__BODY_TYP=49,"vehicle.BODY_TYP = Unknown light vehicle type (automobile,utility vehicle, van, or light truck) (count)",crash_record,0.5064465629439898,higher -> less likely,0.045594172371423554
y_serious,nmimpair__NMIMPAIR=0,nmimpair.NMIMPAIR = None/Apparently Normal (count),crash_record,0.5064391521210231,higher -> more likely,0.02383459966398355
y_serious,violatn__VIOLATION=71,violatn.VIOLATION = Driving while license withdrawn (count),crash_record,0.5064332358686388,higher -> more likely,0.02372802728252965
y_serious,vehicle__VEVENT_IM=30,vehicle.VEVENT_IM = Utility Pole/Light Support (count),crash_record,0.5063718342476663,higher -> more likely,0.01853105644574839
y_serious,vpicdecode__ENGINECYLINDERSCOUNT__min,vpicdecode.ENGINECYLINDERSCOUNT__min,crash_record,0.5062207685907352,higher -> less likely,1.0
y_serious,vehicle__P_CRASH3=16,vehicle.P_CRASH3 = Braking (count),crash_record,0.5061769172645281,higher -> less likely,0.05044008124576845
y_serious,maneuver__MANEUVER=5,"maneuver.MANEUVER = Pedestrian, Pedalcyclist or Other Non-Motorist (count)",crash_record,0.506151820717534,higher -> more likely,0.0070212392487274
y_serious,person__BODY_TYP=5.0,person.BODY_TYP = 5 (count),crash_record,0.5061463654262299,higher -> less likely,0.04420246244890794
y_serious,vehicle__BODY_TYP=5,vehicle.BODY_TYP = 5-door/4-door hatchback (count),crash_record,0.5061304168750802,higher -> less likely,0.044189924521678074
y_serious,vehicle__MAKE=2,vehicle.MAKE = Jeep / Kaiser-Jeep / Willys- Jeep (count),crash_record,0.5061090302538782,higher -> less likely,0.05984352666817122
y_serious,weather__WEATHER=2.0,weather.WEATHER = Rain (count),crash_record,0.506027040041169,higher -> less likely,0.05249003234785225
y_serious,person__MAKE=2.0,person.MAKE = 2 (count),crash_record,0.5060184605138313,higher -> less likely,0.059950099049625116
y_serious,vehicle__VNUM_LAN=3,vehicle.VNUM_LAN = Three lanes (count),crash_record,0.5060026298362983,higher -> less likely,0.14005491612126683
y_serious,cevent__AOI2=1,cevent.AOI2 = 1 Clock Point (count),crash_record,0.5059638821869044,higher -> less likely,0.04345645577873066
y_serious,vevent__AOI2=1,vevent.AOI2 = 1 Clock Point (count),crash_record,0.5059638821869044,higher -> less likely,0.04345645577873066
y_serious,vehicle__MAKE=37,vehicle.MAKE = Honda (count),crash_record,0.5059351195196324,higher -> less likely,0.15361468442037163
y_serious,vpicdecode__WHEELSCOUNT__min,vpicdecode.WHEELSCOUNT__min,crash_record,0.5059220400624749,higher -> less likely,1.0
y_serious,vehicle__BODY_TYP=6,vehicle.BODY_TYP = Station Wagon (excluding van and truck based) (count),crash_record,0.5059067261896932,higher -> less likely,0.07641866646605983
y_serious,crashrf__CRASHRF=0,crashrf.CRASHRF = None Noted (count),crash_record,0.505896480213648,higher -> less likely,0.9547945033727024
y_serious,vsoe__AOI=5,vsoe.AOI = 5 Clock Point (count),crash_record,0.505831185084995,higher -> less likely,0.029276060081747286
y_serious,vpicdecode__ENGINECONFIGURATIONID=2.0,vpicdecode.ENGINECONFIGURATIONID = 2 (count),crash_record,0.5057962645662234,higher -> less likely,0.47499310414002355
y_serious,person__VPICBODYCLASS=60.0,person.VPICBODYCLASS = 60 (count),crash_record,0.5057323235629926,higher -> less likely,0.2122545700744753
y_serious,person__MAKE=37.0,person.MAKE = 37 (count),crash_record,0.5057192640022328,higher -> less likely,0.15392186363750346
y_serious,person__BODY_TYP=6.0,person.BODY_TYP = 6 (count),crash_record,0.505707986255848,higher -> less likely,0.07655031470197347
y_serious,nmcrash__NMCC=0,nmcrash.NMCC = None Noted (count),crash_record,0.5056631671956067,higher -> more likely,0.04603299982446902
y_serious,vehicle__VSURCOND=98,vehicle.VSURCOND = Not Reported (count),crash_record,0.5056423366703615,higher -> less likely,0.12127937009453597
y_serious,vehicle__MAKE=63,vehicle.MAKE = KIA (count),crash_record,0.505615299806597,higher -> less likely,0.05699114822337571
y_serious,violatn__VIOLATION=46,violatn.VIOLATION = Fail to yield generally (count),crash_record,0.5055922248339304,higher -> less likely,0.06648235913638757
y_serious,person__MAKE=63.0,person.MAKE = 63 (count),crash_record,0.5055691267881304,higher -> less likely,0.05704756889591013
y_serious,pbtype__PEDLEG=2,pbtype.PEDLEG = Farside (count),crash_record,0.5055484084518169,higher -> more likely,0.016318112289676272
y_serious,parkwork__PVE_FORMS=1,parkwork.PVE_FORMS = 1 (count),crash_record,0.5055286772443455,higher -> less likely,0.034385265427919455
y_serious,vpicdecode__BODYCLASSID=60.0,vpicdecode.BODYCLASSID = 60 (count),crash_record,0.5055178995830498,higher -> less likely,0.21017954311793174
y_serious,vevent__AOI1=1,vevent.AOI1 = 1 Clock Point (count),crash_record,0.5055036800121433,higher -> less likely,0.06292785676671933
y_serious,person__MAKE=20.0,person.MAKE = 20 (count),crash_record,0.5054501005178218,higher -> less likely,0.19383008601018079
y_serious,vpicdecode__WHEELSCOUNT__max,vpicdecode.WHEELSCOUNT__max,crash_record,0.5054480784419044,higher -> less likely,1.0
y_serious,parkwork__PMAN_COLL=0,parkwork.PMAN_COLL = The First Harmful Event was Not a Collision with a Motor Vehicle In-Transport (count),crash_record,0.5053816555720525,higher -> less likely,0.0348742445898844
y_serious,person__AIR_BAG=98,person.AIR_BAG = Not Reported (count),crash_record,0.5053701760193479,higher -> less likely,0.08207327164673137
y_serious,cevent__AOI2=5,cevent.AOI2 = 5 Clock Point (count),crash_record,0.5053640509383857,higher -> less likely,0.024668371824769927
y_serious,vevent__AOI2=5,vevent.AOI2 = 5 Clock Point (count),crash_record,0.5053640509383857,higher -> less likely,0.024668371824769927
y_serious,vehicle__V_CONFIG=99,vehicle.V_CONFIG = Unknown (count),crash_record,0.5053634491977518,higher -> less likely,0.03963865693723514
y_serious,vehicle__BUS_USE=99,vehicle.BUS_USE = Reported as Unknown (count),crash_record,0.5053457168258675,higher -> less likely,0.03177110760049149
y_serious,vpicdecode__DESTINATIONMARKETID=6.0,vpicdecode.DESTINATIONMARKETID = 6 (count),crash_record,0.5053399597446651,higher -> more likely,0.005704756889591013
y_serious,pbtype__PEDLOC=1,pbtype.PEDLOC = At Intersection (count),crash_record,0.5053365226837561,higher -> more likely,0.022681110358835476
y_serious,vpicdecode__ENGINECYLINDERSCOUNT__max,vpicdecode.ENGINECYLINDERSCOUNT__max,crash_record,0.5053228087154273,higher -> less likely,1.0
y_serious,drimpair__DRIMPAIR=2,drimpair.DRIMPAIR = Asleep or Fatigued (count),crash_record,0.505319778778287,higher -> more likely,0.015095664384763912
y_serious,vpicdecode__BODYCLASSID=5.0,vpicdecode.BODYCLASSID = 5 (count),crash_record,0.5053006225599905,higher -> less likely,0.06213796735123749
y_serious,vehicle__CARGO_BT=99,vehicle.CARGO_BT = Unknown (count),crash_record,0.5052673393977145,higher -> less likely,0.038873843376213045
y_serious,vpicdecode__KEYLESSIGNITIONID=3.0,vpicdecode.KEYLESSIGNITIONID = 3 (count),crash_record,0.505261908015527,higher -> less likely,0.02854259133879987
y_serious,vehicle__PCRASH1_IM=4,vehicle.PCRASH1_IM = Starting in Road (count),crash_record,0.5051940041180185,higher -> less likely,0.016713056997417187
y_serious,vpicdecode__HEADLAMPLIGHTSOURCEID=1.0,vpicdecode.HEADLAMPLIGHTSOURCEID = 1 (count),crash_record,0.50518843479862,higher -> less likely,0.028467363775420647
y_serious,cevent__AOI1=1,cevent.AOI1 = 1 Clock Point (count),crash_record,0.5051005813348549,higher -> less likely,0.06292785676671933
y_serious,vpicdecode__BODYCLASSID=66.0,vpicdecode.BODYCLASSID = 66 (count),crash_record,0.5050969090283022,higher -> more likely,0.032423079816444746
y_serious,violatn__VIOLATION=4,"violatn.VIOLATION = Inattentive, careless, improper driving, driving without due care (count)",crash_record,0.5050743165850797,higher -> less likely,0.06097194011885955
y_serious,vpicdecode__VEHICLETYPEID=3,vpicdecode.VEHICLETYPEID = 3 (count),crash_record,0.5050738360619951,higher -> less likely,0.2551154743097871
y_serious,pbtype__PEDLOC=2,pbtype.PEDLOC = Intersection-Related (count),crash_record,0.5050628950496021,higher -> more likely,0.0062752325785501144
y_serious,vevent__AOI1=11,vevent.AOI1 = 11 Clock Point (count),crash_record,0.5049871673534765,higher -> less likely,0.06189347777025502
y_serious,vehicle__VPROFILE=5,vehicle.VPROFILE = Uphill (count),crash_record,0.5049860844209713,higher -> more likely,0.019421249279069186
y_serious,person__IMPACT1=2.0,person.IMPACT1 = 2 (count),crash_record,0.5049490709349157,higher -> less likely,0.033294465758920734
y_serious,parkwork__PTYPE=2,parkwork.PTYPE = Motor Vehicle Not In-Transport Within the Trafficway (count),crash_record,0.5049346176231351,higher -> less likely,0.0339652448657188
y_serious,vehicle__VTRAFCON=21,vehicle.VTRAFCON = Yield Sign (count),crash_record,0.5048770374481,higher -> less likely,0.011635196469319693
y_serious,vpicdecode__GROSSVEHICLEWEIGHTRATINGFROMID=15.0,vpicdecode.GROSSVEHICLEWEIGHTRATINGFROMID = 15 (count),crash_record,0.5048640805460647,higher -> less likely,0.06927204794503372
y_serious,vehicle__TOWED=3,vehicle.TOWED = 3 (count),post_crash,0.5048151096593656,higher -> more likely,0.05466536272223476
y_serious,driverrf__DRIVERRF=6,"driverrf.DRIVERRF = Careless Driving, Inattentive Operation, Improper Driving, Driving Without Due Care (count)",crash_record,0.504797227144917,higher -> less likely,0.12786805085383285
y_serious,acc__INT_HWY,accident.INT_HWY,crash_record,0.5047726876970594,higher -> more likely,1.0
y_serious,vpicdecode__ENGINEBRAKEHP_TO__max,vpicdecode.ENGINEBRAKEHP_TO__max,crash_record,0.504772584536745,higher -> more likely,1.0
y_serious,weather__WEATHER=10.0,weather.WEATHER = Cloudy (count),crash_record,0.5047023718211168,higher -> less likely,0.08983424860202112
y_serious,vehicle__IMPACT1_IM=2,vehicle.IMPACT1_IM = 2 Clock Point (count),crash_record,0.5046984077564628,higher -> less likely,0.03401539657463828
y_serious,cevent__AOI1=11,cevent.AOI1 = 11 Clock Point (count),crash_record,0.5046709597562107,higher -> less likely,0.06189347777025502
y_serious,vehicle__VPICBODYCLASS=5,vehicle.VPICBODYCLASS = Hatchback/Liftback/Notchback (count),crash_record,0.5046423156313421,higher -> less likely,0.053580832016850974
y_serious,person__GVWR_FROM=98.0,person.GVWR_FROM = 98 (count),crash_record,0.5046314575484725,higher -> less likely,0.033413576067604506
y_serious,vehicle__GVWR_FROM=98,vehicle.GVWR_FROM = Not Reported (count),crash_record,0.5046255523310651,higher -> less likely,0.033294465758920734
y_serious,person__GVWR_TO=98.0,person.GVWR_TO = 98 (count),crash_record,0.5046242182692373,higher -> less likely,0.033401038140374636
y_serious,vehicle__P_CRASH3=6,vehicle.P_CRASH3 = Steering left (count),crash_record,0.5046203710750206,higher -> more likely,0.024737330424534215
y_serious,vehicle__GVWR_TO=98,vehicle.GVWR_TO = Not Reported (count),crash_record,0.5046182996761004,higher -> less likely,0.033281927831690865
y_serious,vehicle__PCRASH4=4,vehicle.PCRASH4 = Skidding laterally counterclockwise rotation (count),crash_record,0.5046173041874273,higher -> more likely,0.00916522480503523
y_serious,vehicle__VPROFILE=2,"vehicle.VPROFILE = Grade, Unknown Slope (count)",crash_record,0.5046146472659453,higher -> more likely,0.0765189698838988
y_serious,vehicle__CARGO_BT=98,vehicle.CARGO_BT = Unknown Cargo Body Type (count),crash_record,0.5045961375969767,higher -> less likely,0.02153389001730234
y_serious,pbtype__PEDCGP=400,pbtype.PEDCGP = Walking/Running Along Roadway (count),crash_record,0.5045908831088128,higher -> more likely,0.004695453747586449
y_serious,person__VPICBODYCLASS=5.0,person.VPICBODYCLASS = 5 (count),crash_record,0.5045662709304257,higher -> less likely,0.05362471476215552
y_serious,person__REST_USE=98,person.REST_USE = Not Reported (count),crash_record,0.5045556425757114,higher -> less likely,0.06364251861882193
y_serious,parkwork__PTOWED=5,parkwork.PTOWED = Not Towed (count),post_crash,0.5045400085214031,higher -> less likely,0.030417011459665487
y_serious,nmcrash__NMCC=4,"nmcrash.NMCC = In Roadway Improperly (Standing, Lying, Working, Playing, etc.) (count)",crash_record,0.5045054633590426,higher -> more likely,0.0034604679154442188
y_serious,nmprior__NMACTION=5,nmprior.NMACTION = Movement Along Roadway with Traffic (In or Adjacent to Travel Lane) (count),crash_record,0.504439383075064,higher -> more likely,0.010400210637177462
y_serious,person__GVWR_FROM=18.0,person.GVWR_FROM = 18 (count),crash_record,0.5044384250384336,higher -> more likely,0.0383848642142481
y_serious,vpicdecode__GROSSVEHICLEWEIGHTRATINGFROMID=9.0,vpicdecode.GROSSVEHICLEWEIGHTRATINGFROMID = 9 (count),crash_record,0.5044182046136534,higher -> more likely,0.04069811178815918
y_serious,vehicle__BODY_TYP=9,vehicle.BODY_TYP = Other or Unknown automobile type (count),crash_record,0.5043919045853915,higher -> less likely,0.053311266581408764
y_serious,person__BODY_TYP=9.0,person.BODY_TYP = 9 (count),crash_record,0.5043878714685337,higher -> less likely,0.053380225181173045
y_serious,vehicle__VTRAFWAY=4,vehicle.VTRAFWAY = One-Way Trafficway (count),crash_record,0.5043518599918193,higher -> less likely,0.022737531031369895
y_serious,nmcrash__NMCC=11,"nmcrash.NMCC = Dash - Run, No Visual Obstruction Noted (count)",crash_record,0.5043360592424814,higher -> more likely,0.00421274354923644
y_serious,vehicle__GVWR_FROM=13,"vehicle.GVWR_FROM = Class 3: 10,001 - 14,000 lbs. (4,536 - 6,350 kg) (count)",crash_record,0.5042983647645941,higher -> less likely,0.023972516863512126
y_serious,vehicle__VTRAFWAY=7,"vehicle.VTRAFWAY = Two-Way Divided, Unknown if Unprotected Median or Positive Median Barrier (count)",crash_record,0.5042883488510974,higher -> less likely,0.028586474084104415
y_serious,pbtype__PEDCGP=990,pbtype.PEDCGP = Other / Unknown - Insufficient Details (count),crash_record,0.5042832503573795,higher -> more likely,0.0043506607487650145
y_serious,person__GVWR_FROM=13.0,person.GVWR_FROM = 13 (count),crash_record,0.5042427040067519,higher -> less likely,0.02407908924496602
y_serious,pbtype__PBCWALK=1,pbtype.PBCWALK = Yes (count),crash_record,0.5042312629092698,higher -> more likely,0.02889365330123624
y_serious,vpicdecode__FUELTYPESECONDARYID=2.0,vpicdecode.FUELTYPESECONDARYID = 2 (count),crash_record,0.5042241990192886,higher -> less likely,0.030065949497229117
y_serious,vpicdecode__ENGINEBRAKEHP_TO__min,vpicdecode.ENGINEBRAKEHP_TO__min,crash_record,0.5042140869677356,higher -> more likely,1.0
y_serious,cevent__AOI2=11,cevent.AOI2 = 11 Clock Point (count),crash_record,0.5041974047578193,higher -> less likely,0.053323804508638634
y_serious,vevent__AOI2=11,vevent.AOI2 = 11 Clock Point (count),crash_record,0.5041974047578193,higher -> less likely,0.053323804508638634
y_serious,vehicle__MAKE=30,vehicle.MAKE = Volkswagen (count),crash_record,0.5041935435190863,higher -> less likely,0.027288798615812834
y_serious,vehicle__GVWR_FROM=18,"vehicle.GVWR_FROM = Class 8: 33,001 lbs. and above (14,969 kg and above) (count)",crash_record,0.5041786103530074,higher -> more likely,0.03820933323302991
y_serious,pbtype__PEDCGP=740,"pbtype.PEDCGP = Dash - Run, No Visual Obstruction Noted / Dart-Out - Visual Obstruction Noted (count)",crash_record,0.5041650058984644,higher -> more likely,0.004877253692419569
y_serious,vpicdecode__VEHICLETYPEID=10,vpicdecode.VEHICLETYPEID = 10 (count),crash_record,0.5041584827223509,higher -> less likely,0.04141904260387673
y_serious,vpicdecode__DRIVETYPEID=5.0,vpicdecode.DRIVETYPEID = 5 (count),crash_record,0.5041520902939941,higher -> more likely,0.03236039018029539
y_serious,vpicdecode__AIRBAGLOCSIDEID=5.0,vpicdecode.AIRBAGLOCSIDEID = 5 (count),crash_record,0.5041431472812052,higher -> less likely,0.022875448230898467
y_serious,vpicdecode__LANECENTERINGASSISTANCEID=1.0,vpicdecode.LANECENTERINGASSISTANCEID = 1 (count),crash_record,0.5041223588895081,higher -> less likely,0.019057649389402943
y_serious,vpicdecode__BODYCLASSID=8.0,vpicdecode.BODYCLASSID = 8 (count),crash_record,0.5041114904404482,higher -> less likely,0.026323378219112816
y_serious,person__SEAT_IM=22,"person.SEAT_IM = Second Seat, Middle (count)",crash_record,0.5041086278671241,higher -> more likely,0.02742044685172647
y_serious,pbtype__PEDDIR=9,pbtype.PEDDIR = Not Derived/Unknown Initial Direction of Travel (count),crash_record,0.5040725760960243,higher -> more likely,0.011121141452895007
y_serious,acc__RELJCT1_IM,accident.RELJCT1_IM,crash_record,0.5040687931053096,higher -> more likely,1.0
y_serious,parkwork__PV_CONFIG=0,parkwork.PV_CONFIG = Not Applicable (count),crash_record,0.5040670331936916,higher -> less likely,0.03618445798540585
y_serious,parkwork__PCARGTYP=0,parkwork.PCARGTYP = Not Applicable (N/A) (count),crash_record,0.5040670331936916,higher -> less likely,0.03618445798540585
y_serious,vpicdecode__AUTOPEDESTRIANALERTINGSOUNDID=1.0,vpicdecode.AUTOPEDESTRIANALERTINGSOUNDID = 1 (count),crash_record,0.5040652500417437,higher -> less likely,0.018913463226259433
y_serious,vehicle__VTRAFCON=0,vehicle.VTRAFCON = No Controls (count),crash_record,0.5040614484922041,higher -> less likely,0.5512048948067906
y_serious,vehicle__VTCONT_F=0,vehicle.VTCONT_F = No Controls (count),crash_record,0.5040614484922041,higher -> less likely,0.5512048948067906
y_serious,nmimpair__NMIMPAIR=9,"nmimpair.NMIMPAIR = Under the Influence of Alcohol, Drugs or Medication (count)",crash_record,0.5040510757811212,higher -> more likely,0.003046716316858497
y_serious,vehicle__P_CRASH3=7,vehicle.P_CRASH3 = Steering right (count),crash_record,0.5040418635817747,higher -> more likely,0.02703177110760049
y_serious,vehicle__VTRAFWAY=3,"vehicle.VTRAFWAY = Two-Way,  Divided, Positive  Median Barrier (count)",crash_record,0.5040198977914825,higher -> less likely,0.16051054439680032
y_serious,nmprior__NMACTION=8,"nmprior.NMACTION = In Roadway - Other (Working, Playing, Etc.) (count)",crash_record,0.5039721412538316,higher -> more likely,0.0048897916196494395
y_serious,vehicle__SPEC_USE=99,vehicle.SPEC_USE = Reported as Unknown (count),crash_record,0.5039713109554187,higher -> less likely,0.018060884174628252
y_serious,vpicdecode__GROSSVEHICLEWEIGHTRATINGFROMID=11.0,vpicdecode.GROSSVEHICLEWEIGHTRATINGFROMID = 11 (count),crash_record,0.5039672873687683,higher -> less likely,0.06154241580781865
y_serious,vehicle__BODY_TYP=34,vehicle.BODY_TYP = Light Pickup (count),crash_record,0.503966174173675,higher -> less likely,0.19672634720028084
y_serious,person__SPEC_USE=99.0,person.SPEC_USE = 99 (count),crash_record,0.5039657983156742,higher -> less likely,0.018054615211013314
y_serious,person__VPICBODYCLASS=66.0,person.VPICBODYCLASS = 66 (count),crash_record,0.5039629033062059,higher -> more likely,0.035545023696682464
y_serious,person__BODY_TYP=66.0,person.BODY_TYP = 66 (count),crash_record,0.5039574241057851,higher -> more likely,0.03578324431405
y_serious,pbtype__PEDCGP=100,pbtype.PEDCGP = Unusual Circumstances (count),crash_record,0.503920806039735,higher -> more likely,0.004657839965896838
y_serious,person__BODY_TYP=20.0,person.BODY_TYP = 20 (count),crash_record,0.5038981813275649,higher -> less likely,0.04707991674816319
y_serious,pbtype__PEDPOS=2,pbtype.PEDPOS = Crosswalk Area (count),crash_record,0.5038692046486198,higher -> more likely,0.02051831791168284
y_serious,vehicle__BODY_TYP=20,"vehicle.BODY_TYP = Minivan (Chrysler Town and Country, Caravan, Grand Caravan, Voyager, Voyager, Honda-Odyssey, ...) (count)",crash_record,0.5038048033530953,higher -> less likely,0.046998420221169034
y_serious,vpicdecode__DESTINATIONMARKETID=3.0,vpicdecode.DESTINATIONMARKETID = 3 (count),crash_record,0.5037793391407346,higher -> more likely,0.003792722987035783
y_serious,vehicle__PCRASH4=3,vehicle.PCRASH4 = Skidding laterally clockwise rotation (count),crash_record,0.5037553141568756,higher -> more likely,0.0075666390832267606
y_serious,parkwork__PUNDEROVERRIDE=0.0,parkwork.PUNDEROVERRIDE = No Underride or Override (count),crash_record,0.5037273948293528,higher -> less likely,0.018781814990345796
y_serious,vpicdecode__PEDESTRIANAUTOEMERGENCYBRAKINGID=3.0,vpicdecode.PEDESTRIANAUTOEMERGENCYBRAKINGID = 3 (count),crash_record,0.5037147932201342,higher -> less likely,0.023608916973845883
y_serious,person__SEAT_IM=23,"person.SEAT_IM = Second Seat, Right Side (count)",crash_record,0.5036821477457654,higher -> more likely,0.10741869154191429
y_serious,vehicle__VPICBODYCLASS=66,vehicle.VPICBODYCLASS = Truck-Tractor (count),crash_record,0.5036779562937088,higher -> more likely,0.03541964442438376
y_serious,vehicle__BODY_TYP=66,"vehicle.BODY_TYP = Truck-tractor (Cab only, or with any number of trailing unit; any weight) (count)",crash_record,0.5036723433359924,higher -> more likely,0.0356578650417513
y_serious,parkwork__PTRAILER=0,parkwork.PTRAILER = No Trailers (count),crash_record,0.5036721064183824,higher -> less likely,0.038228140123874724
y_serious,parkwork__PTRLR1GVWR=77,parkwork.PTRLR1GVWR = No Trailing Units (count),crash_record,0.5036711274821748,higher -> less likely,0.038272022869179266
y_serious,vehicle__VTRAFWAY=5,"vehicle.VTRAFWAY = Two-Way, Not Divided With a Continuous Left-Turn Lane (count)",crash_record,0.5036621491908994,higher -> more likely,0.049882143484039215
y_serious,vpicdecode__BODYCLASSID=2.0,vpicdecode.BODYCLASSID = 2 (count),crash_record,0.5036322875402468,higher -> less likely,0.04420246244890794
y_serious,vpicdecode__REARCROSSTRAFFICALERTID=2.0,vpicdecode.REARCROSSTRAFFICALERTID = 2 (count),crash_record,0.5036081640775787,higher -> less likely,0.024348654680408234
y_serious,pbtype__PEDLEG=1,pbtype.PEDLEG = Nearside (count),crash_record,0.5036029672722485,higher -> more likely,0.00949121091301186
y_serious,vpicdecode__PARKASSISTID=1.0,vpicdecode.PARKASSISTID = 1 (count),crash_record,0.50355812630925,higher -> less likely,0.02283156548559392
y_serious,vehicle__IMPACT1_IM=9,vehicle.IMPACT1_IM = 9 Clock Point (count),crash_record,0.503548869635603,higher -> more likely,0.045312069008751475
y_serious,person__VPICBODYCLASS=8.0,person.VPICBODYCLASS = 8 (count),crash_record,0.503505831386557,higher -> less likely,0.022204669124100403
y_serious,pbtype__PEDCTYPE=741,"pbtype.PEDCTYPE = Dash - Run, No Visual Obstruction Noted (count)",crash_record,0.5035047146803346,higher -> more likely,0.0035294265152085056
y_serious,driverrf__DRIVERRF=8,driverrf.DRIVERRF = Aggressive Driving / Road Rage (count),crash_record,0.503501537610169,higher -> more likely,0.005284736327390356
y_serious,violatn__VIOLATION=72,violatn.VIOLATION = Other driver license violations (count),crash_record,0.5034973466597025,higher -> more likely,0.04160084254870985
y_serious,vehicle__VPICBODYCLASS=8,vehicle.VPICBODYCLASS = Crossover Utility Vehicle (CUV) (count),crash_record,0.5034800341185302,higher -> less likely,0.02214197948795105
y_serious,pbtype__BIKEPOS=1,pbtype.BIKEPOS = Travel Lane (count),crash_record,0.5034644594190218,higher -> more likely,0.019458863060758794
y_serious,nmdistract__NMDISTRACT=0,nmdistract.NMDISTRACT = Not Distracted (count),crash_record,0.503432074604183,higher -> more likely,0.011359362070262544
y_serious,vehicle__SPEEDREL=9,vehicle.SPEEDREL = Reported as Unknown (count),crash_record,0.5034200327692466,higher -> more likely,0.027558364051255047
y_serious,vehicle__MAKE=7,vehicle.MAKE = Dodge (count),crash_record,0.5033841261248129,higher -> less likely,0.0945547782040673
y_serious,vsoe__AOI=9,vsoe.AOI = 9 Clock Point (count),crash_record,0.5033829843390976,higher -> more likely,0.037137340454876
y_serious,crashrf__CRASHRF=14,"crashrf.CRASHRF = Motor Vehicle struck by falling cargo,or something that came loose from or something that was set in motion by a vehicle (count)",crash_record,0.5033685846974318,higher -> more likely,0.011691617141854108
y_serious,parkwork__PGVWR_FROM=11,"parkwork.PGVWR_FROM = Class 1: 6,000 lbs. or less (2,722 kg or less) (count)",crash_record,0.5033122452885107,higher -> less likely,0.029351287645126508
y_serious,vehicle__V_CONFIG=6,vehicle.V_CONFIG = Truck Tractor/Semi-Trailer (count),crash_record,0.5032229139738251,higher -> more likely,0.03219739712630708
y_serious,vpicdecode__BODYCLASSID=95.0,vpicdecode.BODYCLASSID = 95 (count),crash_record,0.5032126260314282,higher -> less likely,0.021772110634669876
y_serious,vpicdecode__BRAKESYSTEMTYPEID=1.0,vpicdecode.BRAKESYSTEMTYPEID = 1 (count),crash_record,0.5032010349585784,higher -> more likely,0.0462085308056872
y_serious,person__MAKE=7.0,person.MAKE = 7 (count),crash_record,0.5031969398117747,higher -> less likely,0.09473657814890042
y_serious,vpicdecode__TRUCKBODYCABTYPEID=5.0,vpicdecode.TRUCKBODYCABTYPEID = 5 (count),crash_record,0.5031909321028396,higher -> more likely,0.03508112038917726
y_serious,parkwork__PM_HARM=12,parkwork.PM_HARM = Motor Vehicle In-Transport (count),crash_record,0.503179401053576,higher -> less likely,0.038742195140299404
y_serious,person__IMPACT1=9.0,person.IMPACT1 = 9 (count),crash_record,0.5031760151548327,higher -> more likely,0.04502996564607939
y_serious,pbtype__PBSWALK=1,pbtype.PBSWALK = Yes (count),crash_record,0.5031749980977958,higher -> more likely,0.01770982221219188
y_serious,person__VPICBODYCLASS=2.0,person.VPICBODYCLASS = 2 (count),crash_record,0.5031467259854057,higher -> less likely,0.03960731211916046
y_serious,parkwork__PEM_USE=0,parkwork.PEM_USE = Not Applicable (count),crash_record,0.5031310549806445,higher -> less likely,0.03881115374006369
y_serious,parkwork__PTRLR2GVWR=77,parkwork.PTRLR2GVWR = No Trailing Units (count),crash_record,0.5031307521875663,higher -> less likely,0.03932520875648838
y_serious,parkwork__PICFINALBODY=0,parkwork.PICFINALBODY = Not Applicable (count),crash_record,0.5031246765968036,higher -> less likely,0.03875473306752927
y_serious,parkwork__PMODYEAR__min,parkwork.PMODYEAR__min,crash_record,0.5031243592576196,higher -> less likely,1.0
y_serious,distract__DRDISTRACT=12,"distract.DRDISTRACT = Distracted by Outside Person, Object or Event (count)",crash_record,0.5031132640899435,higher -> less likely,0.013490809699340505
y_serious,vehicle__V_CONFIG=1,"vehicle.V_CONFIG = Single-Unit Truck (2- axle and GVWR more than 10,000 lbs) (count)",crash_record,0.5031049711376117,higher -> less likely,0.025314075077108252
y_serious,person__IMPACT1=10.0,person.IMPACT1 = 10 (count),crash_record,0.5031025064922422,higher -> less likely,0.03495574111687856
y_serious,parkwork__PSP_USE=0,parkwork.PSP_USE = No Special Use Noted (count),crash_record,0.5030902802394345,higher -> less likely,0.038040071215426664
y_serious,parkwork__PFIRE=0,parkwork.PFIRE = No or Not Reported (count),crash_record,0.5030895489214204,higher -> less likely,0.03934401564733318
y_serious,parkwork__PHAZ_INV=1,parkwork.PHAZ_INV = No (count),crash_record,0.5030848729335602,higher -> less likely,0.03933774668371825
y_serious,parkwork__PHAZPLAC=0,parkwork.PHAZPLAC = Not Applicable (count),crash_record,0.5030848729335602,higher -> less likely,0.03933774668371825
y_serious,parkwork__PHAZ_REL=0,parkwork.PHAZ_REL = Not Applicable (count),crash_record,0.5030848729335602,higher -> less likely,0.03933774668371825
y_serious,parkwork__PBUS_USE=0,parkwork.PBUS_USE = Not a Bus (count),crash_record,0.5030752067953917,higher -> less likely,0.03876100203114421
y_serious,person__BODY_TYP=34.0,person.BODY_TYP = 34 (count),crash_record,0.503074801009196,higher -> less likely,0.19702725745379773
y_serious,acc__PVH_INVL,accident.PVH_INVL,crash_record,0.5030728797528403,higher -> less likely,0.03936282253817799
y_serious,parkwork__n_rows,parkwork.n_rows,crash_record,0.5030728797528403,higher -> less likely,0.03936282253817799
y_serious,parkwork__PTRLR3GVWR=77,parkwork.PTRLR3GVWR = No Trailing Units (count),crash_record,0.5030728797528403,higher -> less likely,0.03936282253817799
y_serious,pvehiclesf__n_rows,pvehiclesf.n_rows,crash_record,0.5030728797528403,higher -> less likely,0.03936282253817799
y_serious,pvehiclesf__PVEHICLESF=0,pvehiclesf.PVEHICLESF = None Noted (count),crash_record,0.5030715547196299,higher -> less likely,0.03908071917550591
y_serious,vpicdecode__DESTINATIONMARKETID=2.0,vpicdecode.DESTINATIONMARKETID = 2 (count),crash_record,0.503064259095134,higher -> more likely,0.003968253968253968
y_serious,parkwork__PHIT_RUN=0,parkwork.PHIT_RUN = No (count),crash_record,0.5030619588040417,higher -> less likely,0.03934401564733318
y_serious,vehicle__VALIGN=8,vehicle.VALIGN = Not Reported (count),crash_record,0.5030595680595782,higher -> less likely,0.041393966749416984
y_serious,cevent__SOE=14,cevent.SOE = Parked Motor Vehicle (count),crash_record,0.5030324557901382,higher -> less likely,0.03892399508513253
y_serious,vevent__SOE=14,vevent.SOE = Parked Motor Vehicle (count),crash_record,0.5030324557901382,higher -> less likely,0.03892399508513253
y_serious,vsoe__SOE=14,vsoe.SOE = Parked Motor Vehicle (count),crash_record,0.5030324557901382,higher -> less likely,0.03892399508513253
y_serious,vehicle__VPICBODYCLASS=2,vehicle.VPICBODYCLASS = Minivan (count),crash_record,0.5030300678880171,higher -> less likely,0.0395258155921663
y_serious,vpicdecode__GROSSVEHICLEWEIGHTRATINGFROMID=1.0,vpicdecode.GROSSVEHICLEWEIGHTRATINGFROMID = 1 (count),crash_record,0.5030163963876297,higher -> less likely,0.02858020512048948
y_serious,vehicle__IMPACT1_IM=10,vehicle.IMPACT1_IM = 10 Clock Point (count),crash_record,0.5029866180008937,higher -> less likely,0.03540710649715389
y_serious,nmcrash__NMCC=19,"nmcrash.NMCC = Not Visible (Dark clothing, No Lighting, etc.) (count)",crash_record,0.5029726906896782,higher -> more likely,0.002651771609117581
y_serious,pbtype__MOTDIR=2,pbtype.MOTDIR = Eastbound (count),crash_record,0.5029303852634159,higher -> more likely,0.006688984177135836
y_serious,vpicdecode__ENGINEELECTRIFICATIONLEVELID=2.0,vpicdecode.ENGINEELECTRIFICATIONLEVELID = 2 (count),crash_record,0.5028928268835771,higher -> less likely,0.018317911682840592
y_serious,vehicle__VPROFILE=3,vehicle.VPROFILE = Hillcrest (count),crash_record,0.5028421161488547,higher -> more likely,0.011948644650066452
y_serious,vision__VISION=99,vision.VISION = Reported as Unknown (count),crash_record,0.5028380393936791,higher -> more likely,0.01790416008425487
y_serious,pbtype__MOTDIR=4,pbtype.MOTDIR = Westbound (count),crash_record,0.5027834851430654,higher -> more likely,0.006989894430652724
y_serious,vehicle__VSURCOND=3,vehicle.VSURCOND = Snow (count),crash_record,0.5027712394954498,higher -> less likely,0.01036259685548785
y_serious,pbtype__PEDCGP=600,pbtype.PEDCGP = Pedestrian in Roadway - Circumstances Unknown (count),crash_record,0.5027564870689166,higher -> more likely,0.001504551267584443
y_serious,vehicle__VPROFILE=8,vehicle.VPROFILE = Not Reported (count),crash_record,0.5027384430425336,higher -> less likely,0.17727375310313698
y_serious,nmdistract__NMDISTRACT=99,nmdistract.NMDISTRACT = Reported as Unknown if Distracted (count),crash_record,0.5027315430052396,higher -> more likely,0.0018242684119461371
y_serious,person__VPICBODYCLASS=95.0,person.VPICBODYCLASS = 95 (count),crash_record,0.5026903464269584,higher -> less likely,0.01807342210185812
y_serious,crashrf__CRASHRF=20,crashrf.CRASHRF = Police Pursuit Involved (count),crash_record,0.5026822352173521,higher -> more likely,0.00472052960204619
y_serious,violatn__VIOLATION=61,violatn.VIOLATION = Unsafe or prohibited lane change (count),crash_record,0.5026754087465708,higher -> less likely,0.018079691065473056
y_serious,cevent__AOI2=9,cevent.AOI2 = 9 Clock Point (count),crash_record,0.5026662236330768,higher -> more likely,0.03629103036685975
y_serious,vevent__AOI2=9,vevent.AOI2 = 9 Clock Point (count),crash_record,0.5026662236330768,higher -> more likely,0.03629103036685975
y_serious,parkwork__PGVWR_TO=11,"parkwork.PGVWR_TO = Class 1: 6,000 lbs. or less (2,722 kg or less) (count)",crash_record,0.5026603859631036,higher -> less likely,0.021308207327164673
y_serious,vehicle__PCRASH5=6,vehicle.PCRASH5 = Returned to roadway (count),crash_record,0.5026276898281593,higher -> more likely,0.003893026404874746
y_serious,vehicle__J_KNIFE=1,vehicle.J_KNIFE = No (count),crash_record,0.5026028507639593,higher -> more likely,0.048979412723488554
y_serious,person__REST_USE=99,person.REST_USE = Reported as Unknown (count),crash_record,0.5025931219270584,higher -> more likely,0.1031620652473733
y_serious,vehicle__VPICBODYCLASS=95,vehicle.VPICBODYCLASS = Cargo Van (count),crash_record,0.5025910973431917,higher -> less likely,0.01797938764763409
y_serious,person__AIR_BAG=2,"person.AIR_BAG = Deployed- Side (door, seatback) (count)",crash_record,0.5025852810743859,higher -> more likely,0.013703954462248301
y_serious,vehicle__BDYTYP_IM=6.0,vehicle.BDYTYP_IM = 6 (count),crash_record,0.5025606240873048,higher -> less likely,0.02769628125078362
y_serious,crashrf__CRASHRF=23,crashrf.CRASHRF = Indication of a Stalled/Disabled Vehicle (count),crash_record,0.5025359415191407,higher -> more likely,0.004143784949472153
y_serious,vpicdecode__AUTOMATICCRASHNOTIFICATIONID=3.0,vpicdecode.AUTOMATICCRASHNOTIFICATIONID = 3 (count),crash_record,0.5025188448288043,higher -> less likely,0.012970485719300885
y_serious,person__TOW_VEH=1.0,person.TOW_VEH = 1 (count),crash_record,0.5025165686140252,higher -> more likely,0.048966874796258684
y_serious,person__IMPACT1=62.0,person.IMPACT1 = 62 (count),crash_record,0.50251359184541,higher -> less likely,0.02786554326838687
y_serious,vehicle__VNUM_LAN=1,vehicle.VNUM_LAN = One lane (count),crash_record,0.502500895435708,higher -> less likely,0.022869179267283532
y_serious,vsoe__AOI=10,vsoe.AOI = 10 Clock Point (count),crash_record,0.5024995013502938,higher -> less likely,0.030348052859901203
y_serious,violatn__VIOLATION=76,violatn.VIOLATION = Driving uninsured vehicle (count),crash_record,0.5024662078218275,higher -> more likely,0.02362772386469069
y_serious,vpicdecode__WHEELBASETYPEID=1.0,vpicdecode.WHEELBASETYPEID = 1 (count),crash_record,0.5024515552116762,higher -> less likely,0.023684144537225105
y_serious,driverrf__DRIVERRF=60,driverrf.DRIVERRF = Alcohol and/or Drug Test Refused (count),crash_record,0.5024397902543419,higher -> more likely,0.007535294265152085
y_serious,vpicdecode__GROSSVEHICLEWEIGHTRATINGFROMID=4.0,vpicdecode.GROSSVEHICLEWEIGHTRATINGFROMID = 4 (count),crash_record,0.5024364583601068,higher -> less likely,0.016882319015020436
y_serious,weather__WEATHERCODE=2.0,weather.WEATHERCODE = 2 (count),crash_record,0.5024331085758332,higher -> less likely,0.030749266531257053
y_serious,vpicdecode__PLANTCOUNTRYID=30.0,vpicdecode.PLANTCOUNTRYID = 30 (count),crash_record,0.502420035137754,higher -> more likely,0.006187467087941022
y_serious,vehicle__VTRAFWAY=2,"vehicle.VTRAFWAY = Two-Way, Divided, Unprotected Median (count)",crash_record,0.5024192003250324,higher -> more likely,0.146712555480328
y_serious,vehicle__VALIGN=4,vehicle.VALIGN = Curve - Unknown Direction (count),crash_record,0.5024086784745647,higher -> more likely,0.01070112089069435
y_serious,person__DRUGS=8,person.DRUGS = Not Reported (count),crash_record,0.5024015079131403,higher -> more likely,0.6651182326537777
y_serious,vehicle__VTRAFCON=40,vehicle.VTRAFCON = Warning Sign (count),crash_record,0.5023995617444883,higher -> more likely,0.004883522656034504
y_serious,vehicle__TRLR1GVWR=98,vehicle.TRLR1GVWR = Not Reported (count),crash_record,0.502362950700696,higher -> more likely,0.04838386118006971
y_serious,pbtype__MOTDIR=1,pbtype.MOTDIR = Northbound (count),crash_record,0.5023297242180742,higher -> more likely,0.007265728829709872
y_serious,person__REST_USE=4,person.REST_USE = Child Restraint Type Unknown (count),crash_record,0.5023227146669944,higher -> less likely,0.023740565209759524
y_serious,pbtype__PEDCTYPE=680,pbtype.PEDCTYPE = Not At Intersection - Other / Unknown (count),crash_record,0.5023128276620913,higher -> more likely,0.0023633992828305623
y_serious,nmcrash__NMCC=3,"nmcrash.NMCC = Failure to Obey Traffic Signs, Signals or Officer (count)",crash_record,0.5023101092122534,higher -> more likely,0.005685949998746207
y_serious,vehicle__PCRASH1_IM=6,vehicle.PCRASH1_IM = Passing or Overtaking Another Vehicle (count),crash_record,0.5022830481049791,higher -> more likely,0.01854359437297826
y_serious,parkwork__PHARM_EV=12,parkwork.PHARM_EV = Motor Vehicle In-Transport (count),crash_record,0.5022647492709478,higher -> more likely,0.004476040021063717
y_serious,pbtype__PEDCTYPE=410,pbtype.PEDCTYPE = Walking/Running Along Roadway With Traffic - From Behind (count),crash_record,0.5022585180201321,higher -> more likely,0.0024574337370545903
y_serious,pbtype__BIKELOC=3,pbtype.BIKELOC = Not At Intersection (count),crash_record,0.5022566994225008,higher -> more likely,0.010851576017452794
y_serious,vehicle__TOW_VEH=1,vehicle.TOW_VEH = One Trailer (count),crash_record,0.5022490485051883,higher -> more likely,0.04890418516010933
y_serious,vpicdecode__AIRBAGLOCSEATCUSHIONID=3.0,vpicdecode.AIRBAGLOCSEATCUSHIONID = 3 (count),crash_record,0.5022401095051183,higher -> less likely,0.009447328167707315
y_serious,acc__WRK_ZONE,accident.WRK_ZONE,crash_record,0.5022142744506556,higher -> more likely,1.0
y_serious,factor__VEHICLECC=99,factor.VEHICLECC = Reported as Unknown (count),crash_record,0.5022045737027868,higher -> more likely,0.056665162115399084
y_serious,cevent__AOI2=10,cevent.AOI2 = 10 Clock Point (count),crash_record,0.5022040378376209,higher -> less likely,0.02487524762406279
y_serious,vevent__AOI2=10,vevent.AOI2 = 10 Clock Point (count),crash_record,0.5022040378376209,higher -> less likely,0.02487524762406279
y_serious,person__GVWR_TO=13.0,person.GVWR_TO = 13 (count),crash_record,0.5021894430775,higher -> less likely,0.014989092003310013
y_serious,maneuver__MANEUVER=92,maneuver.MANEUVER = Phantom/Non-Contact Motor Vehicle (count),crash_record,0.50218818826687,higher -> less likely,0.02921963940921287
y_serious,nmcrash__NMCC=9,nmcrash.NMCC = Wrong-Way Riding or Walking (count),crash_record,0.5021785313245155,higher -> more likely,0.006237618796860503
y_serious,pbtype__BIKEPOS=3,pbtype.BIKEPOS = Sidewalk  / Crosswalk / Driveway Access (count),crash_record,0.5021595550097817,higher -> less likely,0.012211941121893728
y_serious,vehicle__GVWR_TO=13,"vehicle.GVWR_TO = Class 3: 10,001 - 14,000 lbs. (4,536 - 6,350 kg) (count)",crash_record,0.5021524824255763,higher -> less likely,0.014964016148850273
y_serious,person__AIR_BAG=3,person.AIR_BAG = Deployed- Curtain (roof) (count),crash_record,0.5021486317202305,higher -> more likely,0.005648336217056596
y_serious,vehicle__IMPACT1_IM=62,vehicle.IMPACT1_IM = Left-Front Side (count),crash_record,0.5021455387499645,higher -> less likely,0.028417212066501166
y_serious,pbtype__PEDDIR=3,pbtype.PEDDIR = Southbound (count),crash_record,0.5021426059540602,higher -> more likely,0.004501115875523458
y_serious,vehicle__PCRASH1_IM=11,vehicle.PCRASH1_IM = Turning Left (count),crash_record,0.5021345868697914,higher -> less likely,0.18332957195516436
y_serious,vpicdecode__AIRBAGLOCCURTAINID=3.0,vpicdecode.AIRBAGLOCCURTAINID = 3 (count),crash_record,0.5021266604124497,higher -> less likely,0.08390380902229244
y_serious,driverrf__DRIVERRF=37,driverrf.DRIVERRF = Police Pursuing this Driver or Police Officer in Pursuit (count),crash_record,0.5021105411535514,higher -> more likely,0.003541964442438376
y_serious,person__GVWR_TO=18.0,person.GVWR_TO = 18 (count),crash_record,0.5021037997858494,higher -> more likely,0.04980691592066
y_serious,pbtype__MOTDIR=3,pbtype.MOTDIR = Southbound (count),crash_record,0.5021001045733597,higher -> more likely,0.0071090047393364926
y_serious,vpicdecode__DRIVETYPEID=4.0,vpicdecode.DRIVETYPEID = 4 (count),crash_record,0.5020858435376916,higher -> less likely,0.03573309260513052
y_serious,person__LOCATION=3,person.LOCATION = At Intersection - Not In Crosswalk (count),crash_record,0.5020450751499532,higher -> more likely,0.012412547957571655
y_serious,pbtype__PEDCTYPE=770,pbtype.PEDCTYPE = Motorist Failed to Yield (count),crash_record,0.5019889726586421,higher -> more likely,0.004582612402517615
y_serious,parkwork__PTYPE=3,parkwork.PTYPE = Motor Vehicle Not In-Transport Outside the Trafficway (count),crash_record,0.5019781202604576,higher -> more likely,0.005247122545700745
y_serious,weather__WEATHER=4.0,weather.WEATHER = Snow (count),crash_record,0.5019706146370074,higher -> less likely,0.009810928057373556
y_serious,vevent__AOI1=82,vevent.AOI1 = Right-Front Side (count),crash_record,0.5019586370055731,higher -> less likely,0.015653602146493143
y_serious,cevent__AOI1=82,cevent.AOI1 = Right-Front Side (count),crash_record,0.50193429418094,higher -> less likely,0.015653602146493143
y_serious,vehicle__VNUM_LAN=6,vehicle.VNUM_LAN = Six lanes (count),crash_record,0.5019341771433063,higher -> less likely,0.02632964718272775
y_serious,parkwork__PVE_FORMS=2,parkwork.PVE_FORMS = 2 (count),crash_record,0.5019335857688629,higher -> more likely,0.004494846911908523
y_serious,pbtype__BIKEDIR=1,pbtype.BIKEDIR = With Traffic (count),crash_record,0.5019032770344495,higher -> more likely,0.019070187316632813
y_serious,factor__VEHICLECC=1,factor.VEHICLECC = Tires (count),crash_record,0.5018936475123407,higher -> more likely,0.008525790516311844
y_serious,vehicle__VTRAFWAY=6,vehicle.VTRAFWAY = Entrance/Exit Ramp (count),crash_record,0.5018749355354624,higher -> less likely,0.02708819178013491
y_serious,vehicle__CARGO_BT=22,vehicle.CARGO_BT = Bus (count),crash_record,0.5018719801680145,higher -> less likely,0.007704556282755335
y_serious,weather__WEATHER=98.0,weather.WEATHER = Not Reported (count),crash_record,0.5018648203071736,higher -> more likely,0.016456029489204844
y_serious,pbtype__PEDPOS=4,pbtype.PEDPOS = Paved Shoulder / Bicycle Lane / Parking Lane (count),crash_record,0.5018585661504212,higher -> more likely,0.0024574337370545903
y_serious,parkwork__PBODYTYP=4,"parkwork.PBODYTYP = 4-door sedan, hardtop (count)",crash_record,0.5018352400484318,higher -> less likely,0.013183630482208681
y_serious,crashrf__n_rows,crashrf.n_rows,crash_record,0.5018238021276856,higher -> more likely,1.0
y_serious,nmprior__NMACTION=12,"nmprior.NMACTION = Disabled Vehicle Related (Working on, Pushing, Leaving/Approaching) (count)",crash_record,0.5018153396379814,higher -> more likely,0.0011033375962285915
y_serious,vevent__AOI1=2,vevent.AOI1 = 2 Clock Point (count),crash_record,0.5018114882638491,higher -> less likely,0.016456029489204844
y_serious,pbtype__PEDDIR=2,pbtype.PEDDIR = Eastbound (count),crash_record,0.5018044405919401,higher -> more likely,0.00439454349406956
y_serious,vpicdecode__TRUCKBODYCABTYPEID=2.0,vpicdecode.TRUCKBODYCABTYPEID = 2 (count),crash_record,0.5017889973089747,higher -> less likely,0.07919581734747612
y_serious,cevent__AOI1=2,cevent.AOI1 = 2 Clock Point (count),crash_record,0.5017855679391103,higher -> less likely,0.016456029489204844
y_serious,drimpair__DRIMPAIR=8,"drimpair.DRIMPAIR = Emotional (depressed, angry, disturbed, etc.) (count)",crash_record,0.5017779790517436,higher -> more likely,0.004024674640788385
y_serious,vehicle__SPEEDREL=8,vehicle.SPEEDREL = No Driver Present/Unknown if Driver Present (count),crash_record,0.5017729994348223,higher -> more likely,0.003573309260513052
y_serious,vehicle__P_CRASH3=0,vehicle.P_CRASH3 = No Driver Present / Unknown if Driver Present (count),crash_record,0.5017729994348223,higher -> more likely,0.003573309260513052
y_serious,vehicle__PCRASH4=0,vehicle.PCRASH4 = No Driver Present / Unknown if Driver Present (count),crash_record,0.5017729994348223,higher -> more likely,0.003573309260513052
y_serious,vehicle__PCRASH5=0,vehicle.PCRASH5 = No Driver Present / Unknown if Driver Present (count),crash_record,0.5017729994348223,higher -> more likely,0.003573309260513052
y_serious,distract__DRDISTRACT=16,distract.DRDISTRACT = No Driver Present/Unknown if Driver present (count),crash_record,0.5017729994348223,higher -> more likely,0.003573309260513052
y_serious,drimpair__DRIMPAIR=95,drimpair.DRIMPAIR = No Driver Present/Unknown if Driver Present (count),crash_record,0.5017729994348223,higher -> more likely,0.003573309260513052
y_serious,maneuver__MANEUVER=95,maneuver.MANEUVER = No Driver Present/Unknown if Driver present (count),crash_record,0.5017729994348223,higher -> more likely,0.003573309260513052
y_serious,vision__VISION=95,vision.VISION = No Driver Present/Unknown if Driver present (count),crash_record,0.5017729994348223,higher -> more likely,0.003573309260513052
y_serious,vpicdecode__PLANTCOUNTRYID=2.0,vpicdecode.PLANTCOUNTRYID = 2 (count),crash_record,0.5017613485055825,higher -> less likely,0.04143784949472153
y_serious,person__LOCATION=1,person.LOCATION = At Intersection - In Marked Crosswalk (count),crash_record,0.5017559530706682,higher -> more likely,0.022555731086536773
y_serious,vpicdecode__AIRBAGLOCKNEEID=2.0,vpicdecode.AIRBAGLOCKNEEID = 2 (count),crash_record,0.5017553399606642,higher -> less likely,0.010268562401263823
y_serious,nmprior__NMACTION=98,nmprior.NMACTION = Not Reported (count),crash_record,0.5017546348925195,higher -> more likely,0.002037413174853933
y_serious,vehicle__VEVENT_IM=54,"vehicle.VEVENT_IM = Motor Vehicle In-Transport Strikes or is Struck by Cargo, Persons or Objects Set-in-Motion from/by Another Motor Vehicle In Transport (count)",crash_record,0.5017534718728336,higher -> more likely,0.006394342887233883
y_serious,vehicle__DR_PRES=0,vehicle.DR_PRES = No Driver Present/Not Applicable (count),crash_record,0.5017450501791045,higher -> more likely,0.0035294265152085056
y_serious,pbtype__PEDPOS=9,pbtype.PEDPOS = Other/Unknown (count),crash_record,0.501712379625243,higher -> more likely,0.0020186062840091275
y_serious,vehicle__GVWR_TO=18,"vehicle.GVWR_TO = Class 8: 33,001 lbs. and above (14,969 kg and above) (count)",crash_record,0.501709494145982,higher -> more likely,0.04956242633967752
y_serious,parkwork__PIMPACT1=6,parkwork.PIMPACT1 = 6 Clock Point (count),post_crash,0.5016895200018224,higher -> more likely,0.01246896863010607
y_serious,vehicle__P_CRASH3=98,vehicle.P_CRASH3 = Other actions (specify:) (count),crash_record,0.5016862009817268,higher -> more likely,0.006118508488176734
y_serious,vpicdecode__ENGINEELECTRIFICATIONLEVELID=9.0,vpicdecode.ENGINEELECTRIFICATIONLEVELID = 9 (count),crash_record,0.5016810212304519,higher -> less likely,0.010462900273326813
y_serious,vehicle__BDYTYP_IM=5.0,vehicle.BDYTYP_IM = 5 (count),crash_record,0.5016418360275043,higher -> less likely,0.014819829985706762
y_serious,vpictrailerdecode__BODYCLASSID=61.0,vpictrailerdecode.BODYCLASSID = 61 (count),crash_record,0.5016102365351878,higher -> more likely,0.00804934928157677
y_serious,vpictrailerdecode__n_rows,vpictrailerdecode.n_rows,crash_record,0.5016035764250429,higher -> more likely,0.008337721607863788
y_serious,vpictrailerdecode__VEHICLETYPEID=6,vpictrailerdecode.VEHICLETYPEID = 6 (count),crash_record,0.5016035764250429,higher -> more likely,0.008337721607863788
y_serious,vehicle__CARGO_BT=97,vehicle.CARGO_BT = Other (count),crash_record,0.5015999843728676,higher -> less likely,0.014932671330775596
y_serious,vpicdecode__POLKVIN__min,vpicdecode.POLKVIN__min,crash_record,0.5015945335958722,higher -> less likely,0.0800860101807969
y_serious,nmcrash__NMCC=6,"nmcrash.NMCC = Inattentive (Talking, Eating, Etc.) (count)",crash_record,0.5015689508411084,higher -> more likely,0.004664108929511773
y_serious,vehicle__V_CONFIG=21,"vehicle.V_CONFIG = Bus (seats for more than 15 occupants, including driver) (count)",crash_record,0.5015675759833055,higher -> less likely,0.006902128940043632
y_serious,pbtype__PEDSNR=99,pbtype.PEDSNR = Unknown/Insufficient Information (count),crash_record,0.5015658652274938,higher -> more likely,0.0040685573860929315
y_serious,vpicdecode__REARAUTOMATICEMERGENCYBRAKINGID=1.0,vpicdecode.REARAUTOMATICEMERGENCYBRAKINGID = 1 (count),crash_record,0.5015618912982394,higher -> less likely,0.009058652423581334
y_serious,parkwork__PVPICBODYCLASS=13,parkwork.PVPICBODYCLASS = Sedan/Saloon (count),crash_record,0.5015526098794925,higher -> less likely,0.01417412673336844
y_serious,pbtype__BIKECGP=230,pbtype.BIKECGP = Motorist Overtaking Bicyclist (count),crash_record,0.5015422161016355,higher -> more likely,0.0032347852253065525
y_serious,vehicle__VEVENT_IM=25,vehicle.VEVENT_IM = Concrete Traffic Barrier (count),crash_record,0.501538573556081,higher -> more likely,0.00914014895057549
y_serious,vehicle__PCRASH5=9,vehicle.PCRASH5 = Unknown (count),crash_record,0.5015288189709007,higher -> more likely,0.003855412623185135
y_serious,pbtype__PEDCTYPE=690,pbtype.PEDCTYPE = At Intersection - Other / Unknown (count),crash_record,0.5015261750907551,higher -> more likely,0.001648737430727952
y_serious,driverrf__DRIVERRF=54,driverrf.DRIVERRF = Stopped in Roadway (Vehicle Not Abandoned) (count),crash_record,0.5015220426591054,higher -> more likely,0.0037300333508864312
y_serious,vehicle__P_CRASH3=8,vehicle.P_CRASH3 = Braking and steering left (count),crash_record,0.5015203974443686,higher -> more likely,0.0046076882569773565
y_serious,vpicdecode__BLINDSPOTINTERVENTIONID=1.0,vpicdecode.BLINDSPOTINTERVENTIONID = 1 (count),crash_record,0.5015171135355629,higher -> less likely,0.00561699139898192
y_serious,vpicdecode__WHEELBASEIN_FROM__min,vpicdecode.WHEELBASEIN_FROM__min,crash_record,0.5015060825713888,higher -> more likely,1.0
y_serious,vehicle__VPICBODYCLASS=998,vehicle.VPICBODYCLASS = Not Reported (count),crash_record,0.501485320931151,higher -> less likely,0.011045913889515785
y_serious,person__ICFINALBODY=11.0,person.ICFINALBODY = 11 (count),crash_record,0.5014756019588507,higher -> less likely,0.008588480152461195
y_serious,pbtype__PEDPOS=1,pbtype.PEDPOS = Intersection Area (count),crash_record,0.5014686325349594,higher -> more likely,0.002946412899019534
y_serious,person__REST_USE=2,person.REST_USE = Lap Belt Only Used (count),crash_record,0.5014647386928858,higher -> more likely,0.012907796083151533
y_serious,vehicle__VPICBODYCLASS=3,vehicle.VPICBODYCLASS = Coupe (count),crash_record,0.501451906352332,higher -> more likely,0.04183279420246245
y_serious,person__ATST_TYP=2,person.ATST_TYP = Breath Test (AC) (count),post_crash,0.5014427647099592,higher -> more likely,0.006770480704129994
y_serious,vpicdecode__PLANTCOUNTRYID=8.0,vpicdecode.PLANTCOUNTRYID = 8 (count),crash_record,0.5014370333770362,higher -> more likely,0.0055354948719877626
y_serious,vpicdecode__BODYCLASSID=3.0,vpicdecode.BODYCLASSID = 3 (count),crash_record,0.5014321786559897,higher -> more likely,0.04753755109205346
y_serious,parkwork__PIMPACT1=7,parkwork.PIMPACT1 = 7 Clock Point (count),post_crash,0.5014284321141378,higher -> less likely,0.005648336217056596
y_serious,person__VPICBODYCLASS=3.0,person.VPICBODYCLASS = 3 (count),crash_record,0.5014229808355526,higher -> more likely,0.04185160109330725
y_serious,vehicle__ICFINALBODY=11,vehicle.ICFINALBODY = Truck (count),crash_record,0.5014052603346284,higher -> less likely,0.008557135334386519
y_serious,crashrf__CRASHRF=19,crashrf.CRASHRF = Recent/Previous Crash scene Nearby (count),crash_record,0.5013963584522081,higher -> more likely,0.005836405125504651
y_serious,vpictrailerdecode__PLANTCOUNTRYID=6.0,vpictrailerdecode.PLANTCOUNTRYID = 6 (count),crash_record,0.501383616397829,higher -> more likely,0.0074726046290027335
y_serious,pbtype__PEDDIR=4,pbtype.PEDDIR = Westbound (count),crash_record,0.5013824958460844,higher -> more likely,0.0044321572757591715
y_serious,vehicle__BDYTYP_IM=66.0,vehicle.BDYTYP_IM = 66 (count),crash_record,0.5013575358987286,higher -> more likely,0.011754306778003461
y_serious,vpicdecode__BACKUPCAMERAID=3.0,vpicdecode.BACKUPCAMERAID = 3 (count),crash_record,0.5013469593749663,higher -> less likely,0.007535294265152085
y_serious,weather__WEATHERCODE=98.0,weather.WEATHERCODE = 98 (count),crash_record,0.5013157238696906,higher -> more likely,0.015653602146493143
y_serious,vehicle__PCRASH4=5,"vehicle.PCRASH4 = Skidding Laterally, Rotation Direction Unknown (count)",crash_record,0.5013138985841946,higher -> more likely,0.004965019183028662
y_serious,vevent__AOI1=10,vevent.AOI1 = 10 Clock Point (count),crash_record,0.5013117335551674,higher -> less likely,0.015076857493919106
y_serious,vpicdecode__DAYTIMERUNNINGLIGHTID=3.0,vpicdecode.DAYTIMERUNNINGLIGHTID = 3 (count),crash_record,0.5013010981781951,higher -> less likely,0.004921136437724115
y_serious,cevent__AOI1=10,cevent.AOI1 = 10 Clock Point (count),crash_record,0.5012835555744742,higher -> less likely,0.015076857493919106
y_serious,pbtype__BIKEDIR=2,pbtype.BIKEDIR = Facing Traffic (count),crash_record,0.5012760471086815,higher -> less likely,0.009716893603149528
y_serious,vpicdecode__FUELDELIVERYINJECTIONTYPEID=5.0,vpicdecode.FUELDELIVERYINJECTIONTYPEID = 5 (count),crash_record,0.5012718058320323,higher -> more likely,0.005222046691241004
y_serious,vehicle__PCRASH5=7,vehicle.PCRASH5 = Entered roadway (count),crash_record,0.5012630479059015,higher -> less likely,0.008080694099651446
y_serious,vpicdecode__WHEELBASEIN_FROM__max,vpicdecode.WHEELBASEIN_FROM__max,crash_record,0.501257326437579,higher -> more likely,1.0
y_serious,vpicdecode__FUELTYPEPRIMARYID=2.0,vpicdecode.FUELTYPEPRIMARYID = 2 (count),crash_record,0.5012458990502195,higher -> less likely,0.008927004187667694
y_serious,pbtype__PEDLEG=9,pbtype.PEDLEG = Unknown/None of the Above (count),crash_record,0.5012456773475021,higher -> more likely,0.00314701973469746
y_serious,vehicle__P_CRASH2=10,vehicle.P_CRASH2 = Over the lane line on left side of travel lane (count),crash_record,0.5012376699669965,higher -> more likely,0.07554728052358384
y_serious,distract__DRDISTRACT=17,distract.DRDISTRACT = Distraction/Inattention (count),crash_record,0.5012318259435519,higher -> less likely,0.010976955289751499
y_serious,vehicle__VEVENT_IM=34,vehicle.VEVENT_IM = Ditch (count),crash_record,0.5012288898037152,higher -> more likely,0.01331527871812232
y_serious,acc__SCH_BUS,accident.SCH_BUS,crash_record,0.5012256829725514,higher -> more likely,1.0
y_serious,weather__WEATHERCODE=4.0,weather.WEATHERCODE = 4 (count),crash_record,0.5012236259525407,higher -> less likely,0.004833370947115023
y_serious,vehicle__VPICBODYCLASS=11,vehicle.VPICBODYCLASS = Truck (count),crash_record,0.5012230803899709,higher -> less likely,0.019164221770856842
y_serious,vehicle__PCRASH1_IM=16,vehicle.PCRASH1_IM = Merging (count),crash_record,0.5012183096016274,higher -> less likely,0.005560570726447504
y_serious,vpicdecode__FUELTYPESECONDARYID=15.0,vpicdecode.FUELTYPESECONDARYID = 15 (count),crash_record,0.5012173599248281,higher -> less likely,0.012149251485744377
y_serious,nmprior__NMACTION=6,nmprior.NMACTION = Movement Along Roadway Against Traffic (In or Adjacent to Travel Lane) (count),crash_record,0.5012059372189742,higher -> more likely,0.0030780611349331727
y_serious,person__AIR_BAG=99,person.AIR_BAG = Reported as Deployment Unknown (count),crash_record,0.5012045443039364,higher -> less likely,0.03420973444670127
y_serious,vpicdecode__PARKASSISTID=2.0,vpicdecode.PARKASSISTID = 2 (count),crash_record,0.5011962453325263,higher -> less likely,0.008657438752225481
y_serious,parkwork__PMAN_COLL=6,parkwork.PMAN_COLL = Angle (count),crash_record,0.5011898861762967,higher -> more likely,0.0026455026455026454
y_serious,pbtype__BIKELOC=1,pbtype.BIKELOC = At Intersection (count),crash_record,0.501186728500939,higher -> less likely,0.020624890293136737
y_serious,vehicle__SPEC_USE=5,vehicle.SPEC_USE = Police (count),crash_record,0.5011755274978027,higher -> less likely,0.006870784121968956
y_serious,vpicdecode__FUELTYPEPRIMARYID=15.0,vpicdecode.FUELTYPEPRIMARYID = 15 (count),crash_record,0.5011660803872057,higher -> more likely,0.03526918929762532
y_serious,person__VPICBODYCLASS=11.0,person.VPICBODYCLASS = 11 (count),crash_record,0.5011603701210567,higher -> less likely,0.019251987261465934
y_serious,parkwork__PTOWED=2,parkwork.PTOWED = 2 (count),post_crash,0.5011599039768814,higher -> more likely,0.0029276060081747284
y_serious,vpicdecode__ENGINEVALVETRAINDESIGNID=3.0,vpicdecode.ENGINEVALVETRAINDESIGNID = 3 (count),crash_record,0.5011505499948017,higher -> more likely,0.03644775445723313
y_serious,person__SPEC_USE=5.0,person.SPEC_USE = 5 (count),crash_record,0.5011279789527465,higher -> less likely,0.006789287594974798
y_serious,pbtype__PEDCTYPE=140,pbtype.PEDCTYPE = Vehicle into Vehicle or Vehicle into Object (count),crash_record,0.5011250510055442,higher -> more likely,0.0016048546854234057
y_serious,vehicle__SPEC_USE=2,vehicle.SPEC_USE = Vehicle Used for School Transport (count),crash_record,0.5011236654471576,higher -> less likely,0.0035545023696682463
y_serious,vehicle__BUS_USE=1,vehicle.BUS_USE = School (count),crash_record,0.5011164094482605,higher -> less likely,0.003541964442438376
y_serious,vpicdecode__TRUCKBEDTYPEID=2.0,vpicdecode.TRUCKBEDTYPEID = 2 (count),crash_record,0.5011092251767132,higher -> less likely,0.013070789137139847
y_serious,vpicdecode__GROSSVEHICLEWEIGHTRATINGFROMID=17.0,vpicdecode.GROSSVEHICLEWEIGHTRATINGFROMID = 17 (count),crash_record,0.5011033727934375,higher -> less likely,0.03145765941974473
y_serious,vehicle__CARGO_BT=4,vehicle.CARGO_BT = Dump (count),crash_record,0.5011013256380272,higher -> more likely,0.004595150329747486
y_serious,vehicle__CARGO_BT=1,vehicle.CARGO_BT = Van/Enclosed Box (count),crash_record,0.5010998248811698,higher -> more likely,0.022060482960956893
y_serious,distract__DRDISTRACT=10,distract.DRDISTRACT = While Using or Reaching for Device/Object Brought into Vehicle (count),crash_record,0.5010982958680837,higher -> less likely,0.0069209358308884375
y_serious,vpicdecode__EVENTDATARECORDERID=1.0,vpicdecode.EVENTDATARECORDERID = 1 (count),crash_record,0.5010961741429811,higher -> less likely,0.005811329271044911
y_serious,factor__VEHICLECC=2,factor.VEHICLECC = Brake System (count),crash_record,0.5010933563783511,higher -> less likely,0.007604252864916372
y_serious,cevent__SOE=9,cevent.SOE = Pedalcyclist (count),crash_record,0.5010928186740224,higher -> more likely,0.03449183780937336
y_serious,vevent__SOE=9,vevent.SOE = Pedalcyclist (count),crash_record,0.5010928186740224,higher -> more likely,0.03449183780937336
y_serious,vsoe__SOE=9,vsoe.SOE = Pedalcyclist (count),crash_record,0.5010928186740224,higher -> more likely,0.03449183780937336
y_serious,pbtype__PEDCTYPE=0,pbtype.PEDCTYPE = Not a Pedestrian (count),crash_record,0.5010907153405479,higher -> more likely,0.03449183780937336
y_serious,pbtype__PEDLOC=7,pbtype.PEDLOC = Not a Pedestrian (count),crash_record,0.5010907153405479,higher -> more likely,0.03449183780937336
y_serious,pbtype__PEDPOS=77,pbtype.PEDPOS = Not a Pedestrian (count),crash_record,0.5010907153405479,higher -> more likely,0.03449183780937336
y_serious,pbtype__PEDDIR=7,pbtype.PEDDIR = Not a Pedestrian (count),crash_record,0.5010907153405479,higher -> more likely,0.03449183780937336
y_serious,pbtype__MOTDIR=7,pbtype.MOTDIR = Not a Pedestrian (count),crash_record,0.5010907153405479,higher -> more likely,0.03449183780937336
y_serious,pbtype__MOTMAN=7,pbtype.MOTMAN = Not a Pedestrian (count),crash_record,0.5010907153405479,higher -> more likely,0.03449183780937336
y_serious,pbtype__PEDLEG=7,pbtype.PEDLEG = Not a Pedestrian (count),crash_record,0.5010907153405479,higher -> more likely,0.03449183780937336
y_serious,pbtype__PEDSNR=7,pbtype.PEDSNR = Not a Pedestrian (count),crash_record,0.5010907153405479,higher -> more likely,0.03449183780937336
y_serious,pbtype__PEDCGP=0,pbtype.PEDCGP = Not a Pedestrian (count),crash_record,0.5010907153405479,higher -> more likely,0.03449183780937336
y_serious,parkwork__PGVWR_TO=12,"parkwork.PGVWR_TO = Class 2: 6,001 - 10,000 lbs. (2,722 - 4,536 kg) (count)",crash_record,0.5010860572427261,higher -> less likely,0.016926201760324982
y_serious,violatn__VIOLATION=23,violatn.VIOLATION = Speed greater than reasonable & prudent (not necessarily over the limit) (count),crash_record,0.5010846155062754,higher -> less likely,0.023345620502018605
y_serious,vpicdecode__AIRBAGLOCSEATCUSHIONID=4.0,vpicdecode.AIRBAGLOCSEATCUSHIONID = 4 (count),crash_record,0.5010741311078506,higher -> less likely,0.005128012237016977
y_serious,vehicle__BODY_TYP=2,"vehicle.BODY_TYP = 2-door sedan,hardtop,coupe (count)",crash_record,0.501072907730185,higher -> more likely,0.044967276009930036
y_serious,vsoe__AOI=3,vsoe.AOI = 3 Clock Point (count),crash_record,0.5010710663938134,higher -> more likely,0.03695554051004288
y_serious,vehicle__V_CONFIG=88,"vehicle.V_CONFIG = Qualifying Vehicle, Unknown Configuration (count)",crash_record,0.5010702553230117,higher -> less likely,0.005259660472930615
y_serious,vpicdecode__SEMIAUTOHEADLAMPBEAMSWITCHINGID=3.0,vpicdecode.SEMIAUTOHEADLAMPBEAMSWITCHINGID = 3 (count),crash_record,0.5010528653698046,higher -> less likely,0.007303342611399483
y_serious,vehicle__CARGO_BT=3,vehicle.CARGO_BT = Flatbed (count),crash_record,0.5010527088737686,higher -> more likely,0.006200005015170892
y_serious,person__BODY_TYP=2.0,person.BODY_TYP = 2 (count),crash_record,0.5010357186876788,higher -> more likely,0.044979813937159906
y_serious,vpicdecode__AUTOPEDESTRIANALERTINGSOUNDID=2.0,vpicdecode.AUTOPEDESTRIANALERTINGSOUNDID = 2 (count),crash_record,0.5010275492936489,higher -> less likely,0.008826700769828732
y_serious,vpicdecode__PLANTCOUNTRYID=5.0,vpicdecode.PLANTCOUNTRYID = 5 (count),crash_record,0.5010255399246746,higher -> less likely,0.008500714661852102
y_serious,person__PER_TYP=6,person.PER_TYP = Bicyclist (count),crash_record,0.5010085641174941,higher -> more likely,0.03431003786454023
y_serious,pbtype__PBPTYPE=6,pbtype.PBPTYPE = Bicyclist (count),crash_record,0.5010085641174941,higher -> more likely,0.03431003786454023
y_serious,vehicle__BDYTYP_IM=20.0,vehicle.BDYTYP_IM = 20 (count),crash_record,0.5010056390126343,higher -> less likely,0.01643722259836004
y_serious,pbtype__PEDDIR=1,pbtype.PEDDIR = Northbound (count),crash_record,0.5010043121402613,higher -> more likely,0.004532460693598134
y_serious,driverrf__DRIVERRF=16,driverrf.DRIVERRF = Police or Law Enforcement Officer (count),crash_record,0.5010033442390305,higher -> less likely,0.0061122395245618
y_serious,parkwork__PUNDEROVERRIDE=7.0,parkwork.PUNDEROVERRIDE = Not Applicable (count),crash_record,0.500998372145957,higher -> more likely,0.0013164823591363876
y_serious,person__IMPACT1=3.0,person.IMPACT1 = 3 (count),crash_record,0.5009785270775877,higher -> less likely,0.04602046189723915
y_serious,parkwork__PGVWR_TO=18,"parkwork.PGVWR_TO = Class 8: 33,001 lbs. and above (14,969 kg and above) (count)",crash_record,0.500974093524826,higher -> more likely,0.0012663306502169061
y_serious,vpictrailerdecode__TRAILERLENGTHFT__max,vpictrailerdecode.TRAILERLENGTHFT__max,crash_record,0.5009740846634052,higher -> more likely,1.0
y_serious,nmprior__NMACTION=16,nmprior.NMACTION = Movement Along Roadway - Direction Unknown (count),crash_record,0.5009713476547423,higher -> more likely,0.0010406479600792396
y_serious,vpicdecode__EVENTDATARECORDERID=2.0,vpicdecode.EVENTDATARECORDERID = 2 (count),crash_record,0.5009635230201421,higher -> less likely,0.008669976679455352
y_serious,crashrf__CRASHRF=28,crashrf.CRASHRF = Regular Congestion (count),crash_record,0.5009529901346975,higher -> less likely,0.002476240627899396
y_serious,vehicle__VSURCOND=4,vehicle.VSURCOND = Ice/Frost (count),crash_record,0.5009495781532816,higher -> less likely,0.007817397627824168
y_serious,vehicle__VEVENT_IM=9,vehicle.VEVENT_IM = Pedalcyclist (count),crash_record,0.5009482293781513,higher -> more likely,0.03444795506406881
y_serious,vehicle__GVWR_FROM=17,"vehicle.GVWR_FROM = Class 7: 26,001 - 33,000 lbs. (11,794 - 14,969 kg) (count)",crash_record,0.5009455411909014,higher -> less likely,0.009836003911833296
y_serious,maneuver__MANEUVER=4,maneuver.MANEUVER = Contact Motor Vehicle (In this crash) (count),crash_record,0.5009212344807383,higher -> less likely,0.06966699265277464
y_serious,vpicdecode__POLKVIN__max,vpicdecode.POLKVIN__max,crash_record,0.5009169102745658,higher -> less likely,0.08688783570300158
y_serious,nmprior__NMACTION=9,"nmprior.NMACTION = Stationary and Adjacent to Roadway (e.g., Shoulder, Median, Sidewalk) (count)",crash_record,0.5009040896377754,higher -> more likely,0.0019872614659344518
y_serious,vehicle__BDYTYP_IM=2.0,vehicle.BDYTYP_IM = 2 (count),crash_record,0.5009026769935365,higher -> more likely,0.01733368439529577
y_serious,person__REST_MIS=1,"person.REST_MIS = Yes, Indication of Misuse (count)",crash_record,0.500891343737874,higher -> more likely,0.021878683016123775
y_serious,vehicle__VNUM_LAN=7,vehicle.VNUM_LAN = Seven or more lanes (count),crash_record,0.5008874823319445,higher -> less likely,0.010682313999849544
y_serious,vehicle__MAKE=23,vehicle.MAKE = GMC (count),crash_record,0.5008859909380977,higher -> less likely,0.04498608290077485
y_serious,person__MAKE=23.0,person.MAKE = 23 (count),crash_record,0.5008810200154006,higher -> less likely,0.04504877253692419
y_serious,nmprior__NMACTION=14,nmprior.NMACTION = Other (Specify:) (count),crash_record,0.5008796613756697,higher -> more likely,0.0014293237042052208
y_serious,vpicdecode__BODYCLASSID=1.0,vpicdecode.BODYCLASSID = 1 (count),crash_record,0.500876825888198,higher -> more likely,0.012218210085508665
y_serious,vevent__AOI1=62,vevent.AOI1 = Left-Front Side (count),crash_record,0.5008715297680759,higher -> less likely,0.013917099225156097
y_serious,vpicdecode__BATTERYTYPEID=3.0,vpicdecode.BATTERYTYPEID = 3 (count),crash_record,0.5008606303876413,higher -> less likely,0.004344391785150079
y_serious,vpictrailerdecode__TRAILERBODYTYPEID=36.0,vpictrailerdecode.TRAILERBODYTYPEID = 36 (count),crash_record,0.5008543728869564,higher -> more likely,0.0031783645527721357
y_serious,cevent__AOI1=62,cevent.AOI1 = Left-Front Side (count),crash_record,0.5008506104614256,higher -> less likely,0.013917099225156097
y_serious,person__GVWR_FROM=17.0,person.GVWR_FROM = 17 (count),crash_record,0.5008456940448266,higher -> less likely,0.009898693547982647
y_serious,cevent__AOI2=62,cevent.AOI2 = Left-Front Side (count),crash_record,0.5008439943239917,higher -> less likely,0.01837433235537501
y_serious,vevent__AOI2=62,vevent.AOI2 = Left-Front Side (count),crash_record,0.5008439943239917,higher -> less likely,0.01837433235537501
y_serious,vpicdecode__ENGINEELECTRIFICATIONLEVELID=4.0,vpicdecode.ENGINEELECTRIFICATIONLEVELID = 4 (count),crash_record,0.5008347777775333,higher -> less likely,0.005497881090298152
y_serious,parkwork__PMONTH=12,parkwork.PMONTH = December (count),crash_record,0.500832550885757,higher -> less likely,0.00332881967953058
y_serious,vehicle__P_CRASH2=15,vehicle.P_CRASH2 = Turning Left (count),crash_record,0.500826168154804,higher -> more likely,0.13405551794177387
y_serious,person__MAKE=6.0,person.MAKE = 6 (count),crash_record,0.5008241708239864,higher -> less likely,0.02594097143860177
y_serious,vehicle__VNUM_LAN=5,vehicle.VNUM_LAN = Five lanes (count),crash_record,0.5008221679756802,higher -> less likely,0.08636751172296196
y_serious,vpicdecode__VEHICLETYPEID=5,vpicdecode.VEHICLETYPEID = 5 (count),crash_record,0.5008180706553205,higher -> less likely,0.007773514882519622
y_serious,person__REST_USE=10,person.REST_USE = Child Restraint System - Forward Facing (count),crash_record,0.5008153747770263,higher -> less likely,0.01859374608189774
y_serious,vpicdecode__PLANTCOUNTRYID=9.0,vpicdecode.PLANTCOUNTRYID = 9 (count),crash_record,0.5007926883693036,higher -> more likely,0.0059116326888838736
y_serious,pbtype__PEDSNR=1a,"pbtype.PEDSNR = Motorist traveling straight through - Crash Occurred on Near (Approach) Side of Intersection / Pedestrian within crosswalk area, traveled from motoristâs left (count)",crash_record,0.5007886664546192,higher -> more likely,0.0013102133955214524
y_serious,pbtype__PEDSNR=3b,"pbtype.PEDSNR = Motorist traveling straight through - Crash Occurred on Far Side of Intersection / Pedestrian within crosswalk area, traveled from motoristâs right (count)",crash_record,0.5007831703673399,higher -> more likely,0.0008588480152461195
y_serious,person__GVWR_TO=16.0,person.GVWR_TO = 16 (count),crash_record,0.5007817002074639,higher -> less likely,0.006883322049198826
y_serious,person__GVWR_FROM=16.0,person.GVWR_FROM = 16 (count),crash_record,0.5007793072894444,higher -> less likely,0.006833170340279345
y_serious,vpicdecode__AUTOMATICCRASHNOTIFICATIONID=2.0,vpicdecode.AUTOMATICCRASHNOTIFICATIONID = 2 (count),crash_record,0.5007723808350844,higher -> less likely,0.007510218410692345
y_serious,pbtype__BIKECGP=140,pbtype.BIKECGP = Motorist Failed to Yield - Sign-Controlled Intersection (count),crash_record,0.5007693002373684,higher -> less likely,0.0028962611901000527
y_serious,vehicle__GVWR_TO=16,"vehicle.GVWR_TO = Class 6: 19,501 - 26,000 lbs. (8,845 - 11,794 kg) (count)",crash_record,0.5007637859256575,higher -> less likely,0.006895859976428696
y_serious,vehicle__GVWR_FROM=16,"vehicle.GVWR_FROM = Class 6: 19,501 - 26,000 lbs. (8,845 - 11,794 kg) (count)",crash_record,0.500757803463412,higher -> less likely,0.0068394393038942805
y_serious,parkwork__PBODYTYP=66,"parkwork.PBODYTYP = Truck-tractor (Cab only, or with any number of trailing unit; any weight) (count)",crash_record,0.5007490323287481,higher -> more likely,0.000733468742947416
y_serious,parkwork__PVPICBODYCLASS=66,parkwork.PVPICBODYCLASS = Truck-Tractor (count),crash_record,0.5007490323287481,higher -> more likely,0.000733468742947416
y_serious,pbtype__PEDSNR=3a,"pbtype.PEDSNR = Motorist traveling straight through - Crash Occurred on Far Side of Intersection / Pedestrian within crosswalk area, traveled from motoristâs left (count)",crash_record,0.5007481572216411,higher -> more likely,0.0009654203967000176
y_serious,person__VPICBODYCLASS=9.0,person.VPICBODYCLASS = 9 (count),crash_record,0.5007342901012088,higher -> less likely,0.012017603249830738
y_serious,vehicle__IMPACT1_IM=3,vehicle.IMPACT1_IM = 3 Clock Point (count),crash_record,0.5007304664817153,higher -> less likely,0.04674766167657163
y_serious,person__SPEC_USE=98.0,person.SPEC_USE = 98 (count),crash_record,0.500726008518247,higher -> less likely,0.0037425712781163018
y_serious,person__GVWR_TO=15.0,person.GVWR_TO = 15 (count),crash_record,0.5007216675924127,higher -> less likely,0.004519922766368264
y_serious,person__GVWR_FROM=15.0,person.GVWR_FROM = 15 (count),crash_record,0.5007191111560991,higher -> less likely,0.0046076882569773565
y_serious,person__REST_USE=11,person.REST_USE = Child Restraint System - Rear Facing (count),crash_record,0.5007190108381272,higher -> less likely,0.008431756062087816
y_serious,vehicle__GVWR_TO=15,"vehicle.GVWR_TO = Class 5: 16,001 - 19,500 lbs. (7,258 - 8,845 kg) (count)",crash_record,0.5007185634199733,higher -> less likely,0.0045136538027533285
y_serious,parkwork__PHARM_EV=8,parkwork.PHARM_EV = Pedestrian (count),crash_record,0.5007185161033298,higher -> more likely,0.0006018205070337771
y_serious,vehicle__GVWR_FROM=15,"vehicle.GVWR_FROM = Class 5: 16,001 - 19,500 lbs. (7,258 - 8,845 kg) (count)",crash_record,0.5007160146747043,higher -> less likely,0.004601419293362421
y_serious,parkwork__PGVWR_FROM=18,"parkwork.PGVWR_FROM = Class 8: 33,001 lbs. and above (14,969 kg and above) (count)",crash_record,0.5007140440953457,higher -> more likely,0.0008400411244013139
y_serious,vpicdecode__BRAKESYSTEMTYPEID=3.0,vpicdecode.BRAKESYSTEMTYPEID = 3 (count),crash_record,0.5007137334440265,higher -> more likely,0.0058175982346598465
y_serious,vehicle__SPEC_USE=98,vehicle.SPEC_USE = 98 (count),crash_record,0.5007116073718116,higher -> less likely,0.003717495423656561
y_serious,vehicle__ACC_TYPE=82,vehicle.ACC_TYPE = K82-Trafficway Vehicle Turning-Turn Into Path-Turn Into Opposite Directions (Turning Left) (count),crash_record,0.5007038710170265,higher -> more likely,0.04325584894305273
y_serious,vehicle__ACC_TYPE=83,vehicle.ACC_TYPE = K83-Trafficway Vehicle Turning-Turn Into Path-Turn Into Opposite Directions (Going Straight) (count),crash_record,0.5007038710170265,higher -> more likely,0.04325584894305273
y_serious,pbtype__BIKECTYPE=141,pbtype.BIKECTYPE = Motorist Drive Out - Sign-Controlled Intersection (count),crash_record,0.5006987905805436,higher -> less likely,0.0021753303743825073
y_serious,pbtype__BIKECTYPE=239,pbtype.BIKECTYPE = Motorist Overtaking - Other/ Unknown (count),crash_record,0.5006950776452123,higher -> more likely,0.001886958048095489
y_serious,vehicle__EMER_USE=8,vehicle.EMER_USE = Not Reported (count),crash_record,0.500688767143199,higher -> less likely,0.0031720955891572007
y_serious,pbtype__BIKECGP=320,pbtype.BIKECGP = Motorist Failed to Yield - Midblock (count),crash_record,0.5006883518267959,higher -> less likely,0.0018806890844805537
y_serious,weather__WEATHER=1.0,weather.WEATHER = Clear (count),crash_record,0.5006878708021213,higher -> more likely,0.49265904360691093
y_serious,vpictrailerdecode__TRAILERTYPECONNECTIONID=4.0,vpictrailerdecode.TRAILERTYPECONNECTIONID = 4 (count),crash_record,0.5006837800024299,higher -> more likely,0.0017678477394117206
y_serious,pbtype__BIKECGP=145,pbtype.BIKECGP = Bicyclist Failed to Yield - Sign-Controlled Intersection (count),crash_record,0.5006831155630636,higher -> more likely,0.002137716592692896
y_serious,pbtype__PEDPOS=5,pbtype.PEDPOS = Sidewalk / Shared-Use Path / Driveway Access (count),crash_record,0.5006829918375649,higher -> more likely,0.0026455026455026454
y_serious,vpicdecode__LANEKEEPINGASSISTANCEID=4.0,vpicdecode.LANEKEEPINGASSISTANCEID = 4 (count),crash_record,0.5006804967624108,higher -> less likely,0.00647583941422804
y_serious,vpicdecode__TRUCKBEDTYPEID=1.0,vpicdecode.TRUCKBEDTYPEID = 1 (count),crash_record,0.5006801080302703,higher -> less likely,0.005046515710022819
y_serious,vehicle__P_CRASH3=9,vehicle.P_CRASH3 = Braking and steering right (count),crash_record,0.5006796928810638,higher -> more likely,0.004770681310965671
y_serious,vehicle__BDYTYP_IM=15.0,vehicle.BDYTYP_IM = 15 (count),crash_record,0.5006793193638157,higher -> less likely,0.027677474359938815
y_serious,vpicdecode__FUELDELIVERYINJECTIONTYPEID=4.0,vpicdecode.FUELDELIVERYINJECTIONTYPEID = 4 (count),crash_record,0.5006760083691579,higher -> more likely,0.0870884425386795
y_serious,person__EMER_USE=8.0,person.EMER_USE = 8 (count),crash_record,0.500673457784726,higher -> less likely,0.0031909024800020063
y_serious,vehicle__PCRASH1_IM=12,vehicle.PCRASH1_IM = Making a U-turn (count),crash_record,0.5006632857095866,higher -> less likely,0.011284134506883321
y_serious,parkwork__PTRLR1GVWR=98,parkwork.PTRLR1GVWR = Not Reported (count),crash_record,0.5006624146151984,higher -> more likely,0.001159758268763008
y_serious,pbtype__PEDCTYPE=742,pbtype.PEDCTYPE = Dart-Out - Visual Obstruction Noted (count),crash_record,0.5006602432326999,higher -> more likely,0.0013478271772110635
y_serious,person__REST_USE=1,person.REST_USE = Shoulder Belt Only Used (count),crash_record,0.5006500938963008,higher -> less likely,0.009133879986960556
y_serious,driverrf__DRIVERRF=10,driverrf.DRIVERRF = Looked But Did Not See (count),crash_record,0.5006465346146629,higher -> less likely,0.0039745229318689035
y_serious,vpicdecode__LANECENTERINGASSISTANCEID=3.0,vpicdecode.LANECENTERINGASSISTANCEID = 3 (count),crash_record,0.5006439423982726,higher -> less likely,0.004062288422477996
y_serious,nmcrash__NMCC=1,nmcrash.NMCC = Dart-Out - Visual Obstruction Noted (count),crash_record,0.5006438158304316,higher -> more likely,0.0016988891396474335
y_serious,vpicdecode__TOPSPEEDMPH__max,vpicdecode.TOPSPEEDMPH__max,crash_record,0.50064097984137,higher -> less likely,1.0
y_serious,person__REST_USE=8,person.REST_USE = Restraint Used - Type Unknown (count),crash_record,0.5006317305243742,higher -> more likely,0.004300509039845532
y_serious,vpicdecode__BODYCLASSID=11.0,vpicdecode.BODYCLASSID = 11 (count),crash_record,0.5006302891223167,higher -> less likely,0.01763459464881266
y_serious,vehicle__BDYTYP_IM=34.0,vehicle.BDYTYP_IM = 34 (count),crash_record,0.5006283250636263,higher -> less likely,0.07134080593796234
y_serious,vpicdecode__GROSSVEHICLEWEIGHTRATINGFROMID=16.0,vpicdecode.GROSSVEHICLEWEIGHTRATINGFROMID = 16 (count),crash_record,0.5006250772692908,higher -> less likely,0.022969482685122496
y_serious,vehicle__VEVENT_IM=24,vehicle.VEVENT_IM = Guardrail Face (count),crash_record,0.5006231732341869,higher -> more likely,0.010951879435291757
y_serious,parkwork__PTRAILER=1,parkwork.PTRAILER = One Trailer (count),crash_record,0.5006199570400123,higher -> more likely,0.0011409513779182027
y_serious,crashrf__CRASHRF=10,crashrf.CRASHRF = Emergency Vehicle Related (count),crash_record,0.5006145193043533,higher -> less likely,0.005209508764011134
y_serious,parkwork__PIMPACT1=10,parkwork.PIMPACT1 = 10 Clock Point (count),post_crash,0.500606834446127,higher -> less likely,0.0020624890293136737
y_serious,nmprior__NMACTION=4,nmprior.NMACTION = Jogging/Running (count),crash_record,0.5006060800549793,higher -> more likely,0.0007961583790967677
y_serious,vpicdecode__FUELTYPESECONDARYID=4.0,vpicdecode.FUELTYPESECONDARYID = 4 (count),crash_record,0.500605718074298,higher -> less likely,0.004595150329747486
y_serious,pbtype__BIKECGP=215,pbtype.BIKECGP = Motorist Right Turn / Merge (count),crash_record,0.5006005008709802,higher -> less likely,0.0022819027558364053
y_serious,parkwork__PMAKE=49,parkwork.PMAKE = Toyota (count),crash_record,0.5005983843289727,higher -> less likely,0.005460267308608541
y_serious,vpicdecode__ENGINESTROKECYCLES__min,vpicdecode.ENGINESTROKECYCLES__min,crash_record,0.5005895464828577,higher -> less likely,1.0
y_serious,weather__WEATHERCODE=10.0,weather.WEATHERCODE = 10 (count),crash_record,0.5005887757064413,higher -> less likely,0.045581634444193685
y_serious,vehicle__V_CONFIG=4,vehicle.V_CONFIG = Truck Pulling Trailer(s) (count),crash_record,0.5005845269059443,higher -> less likely,0.006770480704129994
y_serious,weather__WEATHER=5.0,"weather.WEATHER = Fog, Smog, Smoke (count)",crash_record,0.5005844871131488,higher -> more likely,0.0026768474635773215
y_serious,safetyeq__NMLIGHT=2,safetyeq.NMLIGHT = Yes (count),crash_record,0.5005740533752997,higher -> more likely,0.0012663306502169061
y_serious,vpicdecode__GROSSVEHICLEWEIGHTRATINGFROMID=8.0,vpicdecode.GROSSVEHICLEWEIGHTRATINGFROMID = 8 (count),crash_record,0.5005726437406,higher -> less likely,0.008362797462323528
y_serious,vpictrailerdecode__TRAILERLENGTHFT__min,vpictrailerdecode.TRAILERLENGTHFT__min,crash_record,0.5005700485146706,higher -> more likely,1.0
y_serious,parkwork__PIMPACT1=9,parkwork.PIMPACT1 = 9 Clock Point (count),post_crash,0.5005668781323699,higher -> less likely,0.0029150680809448583
y_serious,pbtype__BIKECTYPE=144,pbtype.BIKECTYPE = Bicyclist Ride Through - Sign-Controlled Intersection (count),crash_record,0.5005660090443413,higher -> more likely,0.001648737430727952
y_serious,pbtype__MOTMAN=9,pbtype.MOTMAN = Unknown Motorist Maneuver (count),crash_record,0.5005611745540858,higher -> more likely,0.001611123649038341
y_serious,pbtype__BIKECGP=310,pbtype.BIKECGP = Bicyclist Failed to Yield - Midblock (count),crash_record,0.5005587911662734,higher -> more likely,0.0016612753579578225
y_serious,parkwork__PMONTH=11,parkwork.PMONTH = November (count),crash_record,0.5005585204749463,higher -> less likely,0.0034541989518292837
y_serious,vpicdecode__ENGINESTROKECYCLES__max,vpicdecode.ENGINESTROKECYCLES__max,crash_record,0.5005579780891124,higher -> less likely,1.0
y_serious,nmprior__NMACTION=11,nmprior.NMACTION = Entering / Exiting Parked or Stopped Vehicle (count),crash_record,0.500556559091402,higher -> more likely,0.0009278066150104065
y_serious,person__GVWR_FROM=14.0,person.GVWR_FROM = 14 (count),crash_record,0.5005448847546354,higher -> less likely,0.0037989919506507186
y_serious,vpicdecode__DYNAMICBRAKESUPPORTID=3.0,vpicdecode.DYNAMICBRAKESUPPORTID = 3 (count),crash_record,0.5005439223708931,higher -> less likely,0.004488577948293588
y_serious,parkwork__PV_CONFIG=6,parkwork.PV_CONFIG = Truck Tractor/Semi-Trailer (count),crash_record,0.5005391059378725,higher -> more likely,0.0005892825798039068
y_serious,vpicdecode__FUELTYPEPRIMARYID=1.0,vpicdecode.FUELTYPEPRIMARYID = 1 (count),crash_record,0.5005381032597448,higher -> more likely,0.08804132500814965
y_serious,vehicle__GVWR_FROM=14,"vehicle.GVWR_FROM = Class 4: 14,001 - 16,000 lbs. (6,350 - 7,258 kg) (count)",crash_record,0.5005328674976023,higher -> less likely,0.003824067805110459
y_serious,parkwork__PMODYEAR__max,parkwork.PMODYEAR__max,crash_record,0.5005299714849543,higher -> less likely,1.0
y_serious,pbtype__PEDSNR=1b,"pbtype.PEDSNR = Motorist traveling straight through - Crash Occurred on Near (Approach) Side of Intersection / Pedestrian within crosswalk area, traveled from motoristâs right (count)",crash_record,0.5005253361258726,higher -> more likely,0.0011660272323779433
y_serious,vpicdecode__ENGINEELECTRIFICATIONLEVELID=3.0,vpicdecode.ENGINEELECTRIFICATIONLEVELID = 3 (count),crash_record,0.5005229380247579,higher -> less likely,0.003115674916622784
y_serious,person__DEVMOTOR=1.0,person.DEVMOTOR = 1 (count),crash_record,0.5005220047332273,higher -> more likely,0.005504150053913087
y_serious,vision__VISION=7,"vision.VISION = Not In-Transport Motor Vehicle (parked, working) (count)",crash_record,0.5005200789625628,higher -> less likely,0.0034792748062890243
y_serious,person__GVWR_TO=14.0,person.GVWR_TO = 14 (count),crash_record,0.5005191058782368,higher -> less likely,0.00403094360440332
y_serious,parkwork__PGVWR_FROM=12,"parkwork.PGVWR_FROM = Class 2: 6,001 - 10,000 lbs. (2,722 - 4,536 kg) (count)",crash_record,0.5005176811958412,higher -> less likely,0.00859474911607613
y_serious,nmimpair__NMIMPAIR=10,nmimpair.NMIMPAIR = Physical Impairment - No Details (count),crash_record,0.5005096856862956,higher -> more likely,0.0003635998896662404
y_serious,vehicle__GVWR_TO=14,"vehicle.GVWR_TO = Class 4: 14,001 - 16,000 lbs. (6,350 - 7,258 kg) (count)",crash_record,0.5005070832709118,higher -> less likely,0.0040560194588630605
y_serious,parkwork__PMONTH=3,parkwork.PMONTH = March (count),crash_record,0.500502080079267,higher -> less likely,0.0030341783896286265
y_serious,parkwork__PMAN_COLL=1,parkwork.PMAN_COLL = Front-to-Rear (count),crash_record,0.5004991519648682,higher -> more likely,0.0006582411795681938
y_serious,parkwork__PVPICBODYCLASS=7,parkwork.PVPICBODYCLASS = Sport Utility Vehicle (SUV)/Multi-Purpose Vehicle (MPV) (count),crash_record,0.5004970294037823,higher -> less likely,0.010262293437648888
y_serious,nmdistract__NMDISTRACT=92,"nmdistract.NMDISTRACT = Distraction (Distracted), Details Unknown (count)",crash_record,0.5004917361260027,higher -> more likely,0.0005328619072694903
y_serious,pbtype__MOTMAN=1,pbtype.MOTMAN = Left Turn (count),crash_record,0.5004885998518124,higher -> more likely,0.010218410692344342
y_serious,weather__WEATHERCODE=5.0,weather.WEATHERCODE = 5 (count),crash_record,0.5004869283872062,higher -> more likely,0.0014167857769753504
y_serious,nmcrash__NMCC=7,nmcrash.NMCC = Improper Turn/Merge (count),crash_record,0.5004828947687586,higher -> more likely,0.0011472203415331377
y_serious,pbtype__PEDLOC=9,pbtype.PEDLOC = Unknown / Insufficient Information (count),crash_record,0.5004770418838931,higher -> more likely,0.00042002056220065697
y_serious,person__GVWR_TO=99.0,person.GVWR_TO = 99 (count),crash_record,0.5004680861641613,higher -> less likely,0.004219012512851375
y_serious,vpicdecode__DYNAMICBRAKESUPPORTID=2.0,vpicdecode.DYNAMICBRAKESUPPORTID = 2 (count),crash_record,0.5004670363365868,higher -> less likely,0.0014982823039695079
y_serious,vpicdecode__AUTOREVERSESYSTEMID=2.0,vpicdecode.AUTOREVERSESYSTEMID = 2 (count),crash_record,0.5004670363365868,higher -> less likely,0.0014982823039695079
y_serious,vpicdecode__ADAPTIVEDRIVINGBEAMID=2.0,vpicdecode.ADAPTIVEDRIVINGBEAMID = 2 (count),crash_record,0.5004651766085871,higher -> less likely,0.0019559166478597756
y_serious,vehicle__GVWR_TO=99,vehicle.GVWR_TO = Reported as Unknown (count),crash_record,0.5004644578303196,higher -> less likely,0.00421274354923644
y_serious,vpicdecode__LANEDEPARTUREWARNINGID=2.0,vpicdecode.LANEDEPARTUREWARNINGID = 2 (count),crash_record,0.500459883999594,higher -> less likely,0.002269364828606535
y_serious,person__DEVTYPE=9.0,person.DEVTYPE = 9 (count),crash_record,0.5004589112496611,higher -> less likely,0.0012537927229870358
y_serious,pbtype__BIKECGP=190,pbtype.BIKECGP = Crossing Paths - Other Circumstances (count),crash_record,0.500458724491037,higher -> less likely,0.00544772938137867
y_serious,vehicle__GVWR_TO=17,"vehicle.GVWR_TO = Class 7: 26,001 - 33,000 lbs. (11,794 - 14,969 kg) (count)",crash_record,0.5004537517291772,higher -> less likely,0.006820632413049475
y_serious,person__GVWR_FROM=99.0,person.GVWR_FROM = 99 (count),crash_record,0.5004535755039401,higher -> less likely,0.004193936658391634
y_serious,vpicdecode__TRANSMISSIONSTYLEID=4.0,vpicdecode.TRANSMISSIONSTYLEID = 4 (count),crash_record,0.5004531218995111,higher -> less likely,0.002764612954186414
y_serious,vehicle__GVWR_FROM=99,vehicle.GVWR_FROM = Reported as Unknown (count),crash_record,0.5004499458325253,higher -> less likely,0.0041876676947767
y_serious,vpicdecode__TRUCKBODYCABTYPEID=7.0,vpicdecode.TRUCKBODYCABTYPEID = 7 (count),crash_record,0.5004467533802709,higher -> more likely,0.0038366057323403293
y_serious,person__DEVTYPE=3.0,person.DEVTYPE = 3 (count),crash_record,0.5004459872853599,higher -> more likely,0.011396975851952155
y_serious,pbtype__BIKECTYPE=322,pbtype.BIKECTYPE = Motorist Drive-Out - Commercial Driveway (count),crash_record,0.5004445816633789,higher -> less likely,0.0010907996689987212
y_serious,parkwork__PHARM_EV=33,parkwork.PHARM_EV = Curb (count),crash_record,0.5004407906472262,higher -> more likely,0.0004827101983500088
y_serious,cevent__AOI1=3,cevent.AOI1 = 3 Clock Point (count),crash_record,0.5004397983352891,higher -> more likely,0.01611123649038341
y_serious,crashrf__CRASHRF=16,crashrf.CRASHRF = Non-occupant struck vehicle (count),crash_record,0.500437630631116,higher -> less likely,0.005134281200631911
y_serious,maneuver__MANEUVER=3,maneuver.MANEUVER = Live Animal (count),crash_record,0.5004353171314907,higher -> less likely,0.008356528498708594
y_serious,parkwork__PIMPACT1=11,parkwork.PIMPACT1 = 11 Clock Point (count),post_crash,0.5004332892036917,higher -> less likely,0.003052985280473432
y_serious,parkwork__PTOWED=6,parkwork.PTOWED = Towed (count),post_crash,0.5004324234595954,higher -> more likely,0.0021565234835377017
y_serious,vpicdecode__DESTINATIONMARKETID=17.0,vpicdecode.DESTINATIONMARKETID = 17 (count),crash_record,0.5004306257615415,higher -> more likely,0.014926402367160661
y_serious,parkwork__PIMPACT1=63,parkwork.PIMPACT1 = Left-Back Side (count),post_crash,0.5004255724109108,higher -> less likely,0.001611123649038341
y_serious,vpicdecode__SEMIAUTOHEADLAMPBEAMSWITCHINGID=2.0,vpicdecode.SEMIAUTOHEADLAMPBEAMSWITCHINGID = 2 (count),crash_record,0.500424878377743,higher -> less likely,0.0021627924471526367
y_serious,vpicdecode__TOPSPEEDMPH__min,vpicdecode.TOPSPEEDMPH__min,crash_record,0.5004221774835501,higher -> more likely,1.0
y_serious,pbtype__PBPTYPE=12,pbtype.PBPTYPE = 12 (count),crash_record,0.5004213022092466,higher -> more likely,0.0012537927229870358
y_serious,vpicdecode__TRUCKBODYCABTYPEID=3.0,vpicdecode.TRUCKBODYCABTYPEID = 3 (count),crash_record,0.5004162129113428,higher -> less likely,0.02177837959828481
y_serious,violatn__VIOLATION=75,violatn.VIOLATION = Fail to carry insurance card (count),crash_record,0.5004152448429153,higher -> more likely,0.017810125630030843
y_serious,vision__VISION=97,vision.VISION = Vision Obscured - No Details (count),crash_record,0.5004130659365688,higher -> more likely,0.003987060859098774
y_serious,parkwork__PHOUR=14,parkwork.PHOUR = 2:00pm-2:59pm (count),crash_record,0.5004124180496679,higher -> less likely,0.0021878683016123774
y_serious,parkwork__PHOUR=16,parkwork.PHOUR = 4:00pm-4:59pm (count),crash_record,0.5004114583410714,higher -> less likely,0.0022317510469169236
y_serious,parkwork__PIMPACT1=12,parkwork.PIMPACT1 = 12 Clock Point (count),post_crash,0.5004111595607121,higher -> more likely,0.005836405125504651
y_serious,vevent__AOI1=3,vevent.AOI1 = 3 Clock Point (count),crash_record,0.5004086489362723,higher -> more likely,0.01611123649038341
y_serious,nmdistract__NMDISTRACT=12,"nmdistract.NMDISTRACT = Distracted by Animal, Other Object, Event, or Activity (count)",crash_record,0.5004068485630726,higher -> more likely,0.0004952481255798792
y_serious,parkwork__PMAKE=37,parkwork.PMAKE = Honda (count),crash_record,0.5004047494095136,higher -> less likely,0.004294240076230598
y_serious,parkwork__PMAN_COLL=2,parkwork.PMAN_COLL = Front-to-Front (count),crash_record,0.5003993807260585,higher -> more likely,0.00036986885328117557
y_serious,parkwork__PIMPACT1=62,parkwork.PIMPACT1 = Left-Front Side (count),post_crash,0.5003991259184103,higher -> less likely,0.001473206449509767
y_serious,safetyeq__NMREFCLO=2,safetyeq.NMREFCLO = Yes (count),crash_record,0.500397614962559,higher -> more likely,0.0008337721607863788
y_serious,parkwork__PMONTH=2,parkwork.PMONTH = February (count),crash_record,0.5003959349709253,higher -> less likely,0.002758343990571479
y_serious,parkwork__PCARGTYP=1,parkwork.PCARGTYP = Van/Enclosed Box (count),crash_record,0.5003923195112233,higher -> more likely,0.0005203239800396198
y_serious,parkwork__PMAKE=2,parkwork.PMAKE = Jeep / Kaiser-Jeep / Willys- Jeep (count),crash_record,0.500390417816872,higher -> less likely,0.001642468467113017
y_serious,parkwork__PTOWED=8,parkwork.PTOWED = Not Reported (count),post_crash,0.5003889341140697,higher -> less likely,0.003899295368489681
y_serious,vehicle__V_CONFIG=2,vehicle.V_CONFIG = Single-Unit Truck (3 or more axles) (count),crash_record,0.5003871516309082,higher -> more likely,0.005322350109079967
y_serious,vpicdecode__REARCROSSTRAFFICALERTID=3.0,vpicdecode.REARCROSSTRAFFICALERTID = 3 (count),crash_record,0.5003867386552578,higher -> less likely,0.002557737154893553
y_serious,person__GVWR_TO=17.0,person.GVWR_TO = 17 (count),crash_record,0.5003858844477284,higher -> less likely,0.006889591012813762
y_serious,parkwork__PTOWED=3,parkwork.PTOWED = 3 (count),post_crash,0.5003850464582709,higher -> more likely,0.0005328619072694903
y_serious,pbtype__PEDSNR=5b,"pbtype.PEDSNR = Motorist turning right - Crash Occurred on Near (Approach) Side of Intersection / Pedestrian within crosswalk area, traveled from motoristâs right (count)",crash_record,0.5003835383447622,higher -> less likely,0.0013540961408259986
y_serious,pbtype__PEDCGP=350,pbtype.PEDCGP = Unique Midblock (count),crash_record,0.500381828257737,higher -> more likely,0.0008149652699415733
y_serious,parkwork__PVE_FORMS=3,parkwork.PVE_FORMS = 3 (count),crash_record,0.5003812482526637,higher -> more likely,0.00040121367135585143
y_serious,parkwork__PVPICBODYCLASS=3,parkwork.PVPICBODYCLASS = Coupe (count),crash_record,0.5003801614746364,higher -> less likely,0.0012099099776824896
y_serious,vpicdecode__FORWARDCOLLISIONWARNINGID=2.0,vpicdecode.FORWARDCOLLISIONWARNINGID = 2 (count),crash_record,0.5003763485557264,higher -> less likely,0.003046716316858497
y_serious,vehicle__VNUM_LAN=4,vehicle.VNUM_LAN = Four lanes (count),crash_record,0.5003744242898316,higher -> less likely,0.1103588354773189
y_serious,person__LOCATION=2,person.LOCATION = At Intersection - In Unmarked / Unknown if Marked Crosswalk (count),crash_record,0.5003742310105393,higher -> more likely,0.006174929160711151
y_serious,parkwork__PVPICBODYCLASS=11,parkwork.PVPICBODYCLASS = Truck (count),crash_record,0.5003694710899761,higher -> more likely,0.0006519722159532587
y_serious,vpicdecode__HEADLAMPLIGHTSOURCEID=2.0,vpicdecode.HEADLAMPLIGHTSOURCEID = 2 (count),crash_record,0.5003670255050214,higher -> less likely,0.0019245718297851
y_serious,vehicle__ICFINALBODY=60,vehicle.ICFINALBODY = Pickup (count),crash_record,0.5003643055504139,higher -> less likely,0.003855412623185135
y_serious,person__ICFINALBODY=60.0,person.ICFINALBODY = 60 (count),crash_record,0.5003637477824909,higher -> less likely,0.003855412623185135
y_serious,vpicdecode__PLANTCOUNTRYID=10.0,vpicdecode.PLANTCOUNTRYID = 10 (count),crash_record,0.500363019474016,higher -> less likely,0.003899295368489681
y_serious,pbtype__BIKECTYPE=221,pbtype.BIKECTYPE = Bicyclist Left Turn - Same Direction (count),crash_record,0.500361519385945,higher -> more likely,0.0010343789964643046
y_serious,vpictrailerdecode__AXLESCOUNT__max,vpictrailerdecode.AXLESCOUNT__max,crash_record,0.5003604260872494,higher -> more likely,0.9999937310363851
y_serious,vpicdecode__TRUCKBEDTYPEID=0.0,vpicdecode.TRUCKBEDTYPEID = 0 (count),crash_record,0.5003590547405755,higher -> less likely,0.6380237719100278
y_serious,pbtype__PEDLOC=4,pbtype.PEDLOC = Non-Trafficway Location (count),crash_record,0.5003583963202876,higher -> more likely,0.0005328619072694903
y_serious,pbtype__BIKECGP=210,pbtype.BIKECGP = Motorist Left Turn / Merge (count),crash_record,0.5003543750743897,higher -> less likely,0.00314701973469746
y_serious,vpicdecode__ENGINEVALVETRAINDESIGNID=4.0,vpicdecode.ENGINEVALVETRAINDESIGNID = 4 (count),crash_record,0.5003532847852333,higher -> less likely,0.11748037814388525
y_serious,pbtype__BIKECTYPE=213,pbtype.BIKECTYPE = Motorist Right Turn - Same Direction (count),crash_record,0.5003505571395813,higher -> less likely,0.00157350986734873
y_serious,pbtype__MOTMAN=2,pbtype.MOTMAN = Right Turn (count),crash_record,0.5003495101543494,higher -> less likely,0.005397577672459189
y_serious,vpicdecode__TRUCKBODYCABTYPEID=0.0,vpicdecode.TRUCKBODYCABTYPEID = 0 (count),crash_record,0.500345666805655,higher -> less likely,0.6379861581283383
y_serious,pbtype__BIKECGP=150,pbtype.BIKECGP = Motorist Failed to Yield - Signalized Intersection (count),crash_record,0.5003431110381278,higher -> less likely,0.0016988891396474335
y_serious,pbtype__PEDCTYPE=795,pbtype.PEDCTYPE = Motorist Right Turn - Perpendicular Paths (count),crash_record,0.5003422371013972,higher -> less likely,0.001466937485894832
y_serious,pbtype__PEDCTYPE=781,pbtype.PEDCTYPE = Motorist Left Turn - Parallel Paths (count),crash_record,0.5003413074881923,higher -> more likely,0.008952080042127435
y_serious,parkwork__PCARGTYP=96,parkwork.PCARGTYP = No Cargo Body Type (count),crash_record,0.5003398490320795,higher -> more likely,0.00028837232628701825
y_serious,vehicle__BDYTYP_IM=9.0,vehicle.BDYTYP_IM = 9 (count),crash_record,0.5003352222000256,higher -> less likely,0.014080092279144411
y_serious,distract__DRDISTRACT=92,"distract.DRDISTRACT = Distraction (Distracted), Details Unknown (count)",crash_record,0.5003347082376169,higher -> more likely,0.01942751824268412
y_serious,vpicdecode__TRANSMISSIONSTYLEID=8.0,vpicdecode.TRANSMISSIONSTYLEID = 8 (count),crash_record,0.5003337819683444,higher -> less likely,0.0022819027558364053
y_serious,vehicle__VTRAFCON=1,vehicle.VTRAFCON = Traffic control signal (on colors) without Pedestrian Signal (count),crash_record,0.5003308705736074,higher -> less likely,0.003567040296898117
y_serious,pbtype__PBSEX=8,pbtype.PBSEX = Not Reported (count),crash_record,0.5003265448626651,higher -> more likely,0.002708192281651997
y_serious,vpicdecode__DESTINATIONMARKETID=16.0,vpicdecode.DESTINATIONMARKETID = 16 (count),crash_record,0.50032143734033,higher -> less likely,0.015026705784999624
y_serious,pbtype__PEDPOS=8,pbtype.PEDPOS = Non-Trafficway - Parking Lot/Other (count),crash_record,0.5003206339605729,higher -> more likely,0.0004137515985857218
y_serious,vision__VISION=2,"vision.VISION = Reflected Glare, Bright Sunlight, Headlights (count)",crash_record,0.5003198503100167,higher -> less likely,0.008293838862559242
y_serious,parkwork__PIMPACT1=8,parkwork.PIMPACT1 = 8 Clock Point (count),post_crash,0.5003191791827858,higher -> less likely,0.001473206449509767
y_serious,crashrf__CRASHRF=3,crashrf.CRASHRF = Other Maintenance or Construction-Created Condition (count),crash_record,0.5003152507310118,higher -> less likely,0.002526392336818877
y_serious,parkwork__PTOWED=7,parkwork.PTOWED = 7 (count),post_crash,0.5003105810966232,higher -> more likely,0.000984227287544823
y_serious,parkwork__PBODYTYP=49,"parkwork.PBODYTYP = Unknown light vehicle type (automobile,utility vehicle, van, or light truck) (count)",crash_record,0.5003101045862574,higher -> less likely,0.0025640061185084884
y_serious,pbtype__BIKEDIR=3,pbtype.BIKEDIR = Not applicable (count),crash_record,0.5003090470676383,higher -> more likely,0.003291205897840969
y_serious,parkwork__PBODYTYP=2,"parkwork.PBODYTYP = 2-door sedan,hardtop,coupe (count)",crash_record,0.5003084892997156,higher -> less likely,0.0013164823591363876
y_serious,vpicdecode__CRASHIMMINENTBRAKINGID=2.0,vpicdecode.CRASHIMMINENTBRAKINGID = 2 (count),crash_record,0.5003061299882164,higher -> less likely,0.0012663306502169061
y_serious,parkwork__PBODYTYP=9,parkwork.PBODYTYP = Other or Unknown automobile type (count),crash_record,0.5003044829343168,higher -> more likely,0.0024699716642844604
y_serious,pbtype__BIKECTYPE=180,pbtype.BIKECTYPE = Crossing Paths - Intersection - Other / Unknown Control (count),crash_record,0.5002951210939959,higher -> less likely,0.0021690614107675718
y_serious,parkwork__PBODYTYP=15,"parkwork.PBODYTYP = Large utility (ANSI D16.1 Utility Vehicle Categories and ""Full Size"" and ""Large"") (count)",crash_record,0.5002911643859932,higher -> less likely,0.0024386268462097847
y_serious,vpicdecode__TRANSMISSIONSTYLEID=14.0,vpicdecode.TRANSMISSIONSTYLEID = 14 (count),crash_record,0.5002790693825319,higher -> less likely,0.001542165049274054
y_serious,vpicdecode__TRACKWIDTHIN__max,vpicdecode.TRACKWIDTHIN__max,crash_record,0.5002757490248633,higher -> more likely,1.0
y_serious,parkwork__PM_HARM=14,parkwork.PM_HARM = Parked Motor Vehicle (count),crash_record,0.5002753872113787,higher -> more likely,0.002658040572732516
y_serious,vpicdecode__BATTERYV_FROM__min,vpicdecode.BATTERYV_FROM__min,crash_record,0.5002748217524111,higher -> more likely,1.0
y_serious,vpicdecode__BATTERYV_FROM__max,vpicdecode.BATTERYV_FROM__max,crash_record,0.5002748217524111,higher -> more likely,1.0
y_serious,nmimpair__NMIMPAIR=8,"nmimpair.NMIMPAIR = Emotional (depressed, angry, disturbed, etc.) (count)",crash_record,0.5002745676135495,higher -> more likely,0.00040121367135585143
y_serious,parkwork__PMAKE=55,parkwork.PMAKE = Hyundai (count),crash_record,0.5002730227167844,higher -> less likely,0.0014857443767396373
y_serious,vpicdecode__PLANTCOUNTRYID=28.0,vpicdecode.PLANTCOUNTRYID = 28 (count),crash_record,0.500269562917135,higher -> less likely,0.003968253968253968
y_serious,vpicdecode__BATTERYPACKSPERVEHICLE__min,vpicdecode.BATTERYPACKSPERVEHICLE__min,crash_record,0.5002693552589337,higher -> less likely,1.0
y_serious,vpicdecode__BATTERYPACKSPERVEHICLE__max,vpicdecode.BATTERYPACKSPERVEHICLE__max,crash_record,0.5002693552589337,higher -> less likely,1.0
y_serious,parkwork__PBODYTYP=5,parkwork.PBODYTYP = 5-door/4-door hatchback (count),crash_record,0.5002687434865025,higher -> less likely,0.0011096065598435267
y_serious,pbtype__MOTDIR=9,pbtype.MOTDIR = Unknown Initial Direction of Travel (count),crash_record,0.5002667852796938,higher -> more likely,0.0009215376513954713
y_serious,parkwork__PMONTH=10,parkwork.PMONTH = October (count),crash_record,0.5002667665536724,higher -> less likely,0.003780185059805913
y_serious,vpicdecode__TRACKWIDTHIN__min,vpicdecode.TRACKWIDTHIN__min,crash_record,0.5002622505729772,higher -> more likely,1.0
y_serious,vpicdecode__WHEELBASETYPEID=4.0,vpicdecode.WHEELBASETYPEID = 4 (count),crash_record,0.5002609964311336,higher -> more likely,0.0028210336267208303
y_serious,vpicdecode__GROSSVEHICLEWEIGHTRATINGTOID=8.0,vpicdecode.GROSSVEHICLEWEIGHTRATINGTOID = 8 (count),crash_record,0.5002593562322954,higher -> less likely,0.0009089997241656009
y_serious,nmdistract__NMDISTRACT=93,"nmdistract.NMDISTRACT = Inattention (Inattentive), Details Unknown (count)",crash_record,0.5002589069749785,higher -> more likely,0.0013039444319065173
y_serious,vpicdecode__AIRBAGLOCSEATCUSHIONID=1.0,vpicdecode.AIRBAGLOCSEATCUSHIONID = 1 (count),crash_record,0.5002587677001944,higher -> less likely,0.0013227513227513227
y_serious,parkwork__PMONTH=9,parkwork.PMONTH = September (count),crash_record,0.5002546447987519,higher -> less likely,0.00366734371473708
y_serious,vpicdecode__BASEPRICE__max,vpicdecode.BASEPRICE__max,crash_record,0.5002541355178487,higher -> less likely,1.0
y_serious,parkwork__PVPICBODYCLASS=999,parkwork.PVPICBODYCLASS = Unknown (count),crash_record,0.5002494436463096,higher -> less likely,0.004488577948293588
y_serious,distract__DRDISTRACT=3,distract.DRDISTRACT = By Other Occupant(s) (count),crash_record,0.5002465911047828,higher -> more likely,0.0037676471325760424
y_serious,vpicdecode__WHEELBASETYPEID=2.0,vpicdecode.WHEELBASETYPEID = 2 (count),crash_record,0.5002456409263936,higher -> less likely,0.006231349833245568
y_serious,pbtype__PBPTYPE=11,pbtype.PBPTYPE = 11 (count),crash_record,0.5002434036684269,higher -> more likely,0.0015609719401188595
y_serious,vpicdecode__CURBWEIGHTLB__max,vpicdecode.CURBWEIGHTLB__max,crash_record,0.5002426758615417,higher -> more likely,1.0
y_serious,parkwork__PHOUR=15,parkwork.PHOUR = 3:00pm-3:59pm (count),crash_record,0.5002405354104178,higher -> less likely,0.002212944156072118
y_serious,safetyeq__NMHELMET=2,safetyeq.NMHELMET = Yes (count),crash_record,0.500239181619389,higher -> more likely,0.007560370119611826
y_serious,parkwork__PHOUR=17,parkwork.PHOUR = 5:00pm-5:59pm (count),crash_record,0.5002381067123216,higher -> less likely,0.002024875247624063
y_serious,vpicdecode__BLINDSPOTINTERVENTIONID=3.0,vpicdecode.BLINDSPOTINTERVENTIONID = 3 (count),crash_record,0.5002346462438858,higher -> less likely,0.0012349858321422302
y_serious,parkwork__PHARM_EV=30,parkwork.PHARM_EV = Utility Pole/Light Support (count),crash_record,0.5002331800967286,higher -> more likely,0.00028837232628701825
y_serious,vpictrailerdecode__TRAILERBODYTYPEID=15.0,vpictrailerdecode.TRAILERBODYTYPEID = 15 (count),crash_record,0.5002321030161051,higher -> more likely,0.0003824067805110459
y_serious,person__DEVTYPE=5.0,person.DEVTYPE = 5 (count),crash_record,0.5002320911451451,higher -> more likely,0.0003824067805110459
y_serious,vpicdecode__WINDOWS__max,vpicdecode.WINDOWS__max,crash_record,0.5002297497236844,higher -> less likely,1.0
y_serious,vpictrailerdecode__TRAILERBODYTYPEID=4.0,vpictrailerdecode.TRAILERBODYTYPEID = 4 (count),crash_record,0.5002284631456967,higher -> more likely,0.0003886757441259811
y_serious,vpicdecode__PEDESTRIANAUTOEMERGENCYBRAKINGID=2.0,vpicdecode.PEDESTRIANAUTOEMERGENCYBRAKINGID = 2 (count),crash_record,0.5002274910645503,higher -> less likely,0.0020060683567792574
y_serious,vpicdecode__DESTINATIONMARKETID=14.0,vpicdecode.DESTINATIONMARKETID = 14 (count),crash_record,0.5002269150721959,higher -> more likely,0.007027508212342336
y_serious,person__DEVMOTOR=3.0,person.DEVMOTOR = 3 (count),crash_record,0.5002267659328112,higher -> less likely,0.0058301361618897166
y_serious,pbtype__BIKECGP=158,pbtype.BIKECGP = Bicyclist Failed to Yield - Signalized Intersection (count),crash_record,0.5002262300676454,higher -> more likely,0.0030655232077033026
y_serious,pbtype__PEDSNR=11a,"pbtype.PEDSNR = Motorist turning left - Crash Occurred on Far Side of Intersection / Pedestrian within crosswalk area, approach direction same as motoristâs (count)",crash_record,0.5002261193834833,higher -> more likely,0.0020060683567792574
y_serious,nmimpair__NMIMPAIR=96,nmimpair.NMIMPAIR = Other Physical Impairment (count),crash_record,0.5002233684975012,higher -> more likely,0.0002131447629077961
y_serious,parkwork__PMONTH=4,parkwork.PMONTH = April (count),crash_record,0.5002221499685374,higher -> less likely,0.002827302590335766
y_serious,weather__n_rows,weather.n_rows,crash_record,0.500218227034252,higher -> more likely,1.0
y_serious,vehicle__VTRAFCON=4,vehicle.VTRAFCON = Flashing Traffic Control Signal (count),crash_record,0.5002168061973786,higher -> more likely,0.0030341783896286265
y_serious,cevent__AOI2=3,cevent.AOI2 = 3 Clock Point (count),crash_record,0.5002166787935545,higher -> more likely,0.032993555505403845
y_serious,vevent__AOI2=3,vevent.AOI2 = 3 Clock Point (count),crash_record,0.5002166787935545,higher -> more likely,0.032993555505403845
y_serious,nmcrash__NMCC=10,nmcrash.NMCC = Riding on Wrong Side of Road (count),crash_record,0.5002124950325425,higher -> less likely,0.001473206449509767
y_serious,parkwork__PGVWR_FROM=17,"parkwork.PGVWR_FROM = Class 7: 26,001 - 33,000 lbs. (11,794 - 14,969 kg) (count)",crash_record,0.5002124850007453,higher -> more likely,0.00023195165375260163
y_serious,pbtype__BIKECTYPE=155,pbtype.BIKECTYPE = Bicyclist Ride Through - Signalized Intersection (count),crash_record,0.500211819725396,higher -> more likely,0.002306978610296146
y_serious,pbtype__PBPTYPE=8,pbtype.PBPTYPE = Person on a Personal Conveyance (count),crash_record,0.5002105104086679,higher -> less likely,0.002068757992928609
y_serious,violatn__VIOLATION=98,"violatn.VIOLATION = Other moving violation (coasting, backing, opening door) (count)",crash_record,0.5002077580179162,higher -> more likely,0.02503197171443617
y_serious,vpicdecode__WHEELBASEIN_TO__min,vpicdecode.WHEELBASEIN_TO__min,crash_record,0.5002060566251152,higher -> more likely,1.0
y_serious,vpictrailerdecode__PLANTCOUNTRYID=12.0,vpictrailerdecode.PLANTCOUNTRYID = 12 (count),crash_record,0.5002047409549156,higher -> more likely,0.0007522756337922215
y_serious,pbtype__PEDPOS=6,pbtype.PEDPOS = Unpaved Right-of-Way (count),crash_record,0.5002028887507637,higher -> more likely,0.0002946412899019534
y_serious,vpicdecode__ENGINEELECTRIFICATIONLEVELID=1.0,vpicdecode.ENGINEELECTRIFICATIONLEVELID = 1 (count),crash_record,0.5002010041104678,higher -> more likely,0.001542165049274054
y_serious,pbtype__PEDSNR=11c,"pbtype.PEDSNR = Motorist turning left - Crash Occurred on Far Side of Intersection / Pedestrian within crosswalk area, approach direction unknown (count)",crash_record,0.5001998688454207,higher -> less likely,0.0017741167030266556
y_serious,nmdistract__NMDISTRACT=2,nmdistract.NMDISTRACT = By Other Non-Motorist(s) (count),crash_record,0.5001990561026528,higher -> more likely,0.00016299305398831466
y_serious,pbtype__BIKEPOS=2,pbtype.BIKEPOS = Bicycle Lane / Paved Shoulder / Parking Lane (count),crash_record,0.5001902602228893,higher -> less likely,0.002495047518744201
y_serious,vpicdecode__WHEELBASEIN_TO__max,vpicdecode.WHEELBASEIN_TO__max,crash_record,0.500189202871467,higher -> more likely,1.0
y_serious,parkwork__PHOUR=19,parkwork.PHOUR = 7:00pm-7:59pm (count),crash_record,0.5001874765663697,higher -> less likely,0.0019371097570149703
y_serious,vpicdecode__FUELDELIVERYINJECTIONTYPEID=7.0,vpicdecode.FUELDELIVERYINJECTIONTYPEID = 7 (count),crash_record,0.5001849211332359,higher -> more likely,0.0021690614107675718
y_serious,pbtype__PEDSNR=11b,"pbtype.PEDSNR = Motorist turning left - Crash Occurred on Far Side of Intersection / Pedestrian within crosswalk area, approach direction opposite motoristâs (count)",crash_record,0.5001846713414861,higher -> more likely,0.0035983851149727925
y_serious,safetyeq__NMOTHPRO=9,safetyeq.NMOTHPRO = Reported as Unknown (count),crash_record,0.500183163395174,higher -> more likely,0.0009278066150104065
y_serious,safetyeq__NMOTHPRE=9,safetyeq.NMOTHPRE = Reported as Unknown (count),crash_record,0.500183163395174,higher -> more likely,0.0009278066150104065
y_serious,parkwork__PVPICBODYCLASS=5,parkwork.PVPICBODYCLASS = Hatchback/Liftback/Notchback (count),crash_record,0.5001785730119832,higher -> less likely,0.0014606685222798967
y_serious,vpictrailerdecode__AXLESCOUNT__min,vpictrailerdecode.AXLESCOUNT__min,crash_record,0.5001785051301556,higher -> more likely,0.9999937310363851
y_serious,vpicdecode__DESTINATIONMARKETID=18.0,vpicdecode.DESTINATIONMARKETID = 18 (count),crash_record,0.5001779495357888,higher -> more likely,0.004946212292183856
y_serious,parkwork__PMAKE=6,parkwork.PMAKE = Chrysler (count),crash_record,0.500176989492799,higher -> less likely,0.0008588480152461195
y_serious,parkwork__PMAKE=20,parkwork.PMAKE = Chevrolet (count),crash_record,0.5001766283481006,higher -> more likely,0.006193736051555957
y_serious,vpicdecode__FUELDELIVERYINJECTIONTYPEID=6.0,vpicdecode.FUELDELIVERYINJECTIONTYPEID = 6 (count),crash_record,0.500176112212136,higher -> less likely,0.0023320544647558866
y_serious,vpicdecode__WHEELBASETYPEID=3.0,vpicdecode.WHEELBASETYPEID = 3 (count),crash_record,0.5001753268896136,higher -> less likely,0.0011785651596078136
y_serious,parkwork__PMONTH=5,parkwork.PMONTH = May (count),crash_record,0.5001733461112614,higher -> less likely,0.0030655232077033026
y_serious,pbtype__BIKECTYPE=280,pbtype.BIKECTYPE = Parallel Paths - Other / Unknown (count),crash_record,0.5001712573238929,higher -> more likely,0.0010406479600792396
y_serious,vpicdecode__AXLECONFIGURATIONID=1.0,vpicdecode.AXLECONFIGURATIONID = 1 (count),crash_record,0.500165735989924,higher -> more likely,0.006626294540986484
y_serious,vpicdecode__WINDOWS__min,vpicdecode.WINDOWS__min,crash_record,0.5001620922739932,higher -> less likely,1.0
y_serious,vpicdecode__BATTERYKWH_FROM__min,vpicdecode.BATTERYKWH_FROM__min,crash_record,0.5001599389487297,higher -> more likely,1.0
y_serious,vpicdecode__BATTERYKWH_FROM__max,vpicdecode.BATTERYKWH_FROM__max,crash_record,0.5001599389487297,higher -> more likely,1.0
y_serious,parkwork__PV_CONFIG=1,"parkwork.PV_CONFIG = Single-Unit Truck (2- axle and GVWR more than 10,000 lbs) (count)",crash_record,0.5001552459068141,higher -> more likely,0.0008839238697058603
y_serious,parkwork__PHARM_EV=42,parkwork.PHARM_EV = Tree (Standing Only) (count),crash_record,0.5001493329983623,higher -> more likely,0.00015672409037337947
y_serious,parkwork__PNUMOCCS__min,parkwork.PNUMOCCS__min,crash_record,0.5001486891241802,higher -> less likely,0.005742370671280624
y_serious,parkwork__PHOUR=22,parkwork.PHOUR = 10:00pm-10:59pm (count),crash_record,0.5001468800567562,higher -> more likely,0.0017741167030266556
y_serious,parkwork__PMONTH=1,parkwork.PMONTH = January (count),crash_record,0.5001467138633163,higher -> less likely,0.0027896888086461546
y_serious,pbtype__BIKEDIR=9,pbtype.BIKEDIR = Unknown (count),crash_record,0.5001464542069661,higher -> more likely,0.002419819955364979
y_serious,nmdistract__NMDISTRACT=17,nmdistract.NMDISTRACT = Distraction/Inattention (count),crash_record,0.5001450285213909,higher -> less likely,0.0011722961959928784
y_serious,parkwork__PMONTH=6,parkwork.PMONTH = June (count),crash_record,0.5001449551220748,higher -> more likely,0.003391509315679932
y_serious,parkwork__PBODYTYP=14,"parkwork.PBODYTYP = Compact Utility (Utility Vehicle Categories ""Small"" and ""Midsize"") (count)",crash_record,0.5001447182044649,higher -> less likely,0.006149853306251411
y_serious,vpicdecode__SAEAUTOMATIONLEVEL_FROM__min,vpicdecode.SAEAUTOMATIONLEVEL_FROM__min,crash_record,0.5001434541980208,higher -> more likely,0.9994295243110409
y_serious,vpicdecode__SAEAUTOMATIONLEVEL_FROM__max,vpicdecode.SAEAUTOMATIONLEVEL_FROM__max,crash_record,0.5001434541980208,higher -> more likely,0.9994295243110409
y_serious,pbtype__PEDCTYPE=791,pbtype.PEDCTYPE = Motorist Right Turn - Parallel Paths (count),crash_record,0.5001409099670604,higher -> less likely,0.0023633992828305623
y_serious,parkwork__PV_CONFIG=2,parkwork.PV_CONFIG = Single-Unit Truck (3 or more axles) (count),crash_record,0.5001408042987969,higher -> more likely,0.00012537927229870358
y_serious,parkwork__PHOUR=20,parkwork.PHOUR = 8:00pm-8:59pm (count),crash_record,0.500136513197555,higher -> less likely,0.0018493442664058778
y_serious,pbtype__BIKECTYPE=212,pbtype.BIKECTYPE = Motorist Left Turn- Opposite Direction (count),crash_record,0.5001361953567811,higher -> less likely,0.0022630958649915997
y_serious,safetyeq__NMLIGHT=9,safetyeq.NMLIGHT = Reported as Unknown (count),crash_record,0.500136001575899,higher -> more likely,0.0010093031420045637
y_serious,parkwork__PMAN_COLL=7,parkwork.PMAN_COLL = Sideswipe - Same Direction (count),crash_record,0.5001354372873079,higher -> more likely,0.000595551543418842
y_serious,parkwork__PMAKE=48,parkwork.PMAKE = Subaru (count),crash_record,0.5001345183746866,higher -> less likely,0.000877654906090925
y_serious,safetyeq__NMHELMET=9,safetyeq.NMHELMET = Reported as Unknown (count),crash_record,0.5001339229875242,higher -> more likely,0.0021189097018480905
y_serious,parkwork__PHARM_EV=59,parkwork.PHARM_EV = Traffic Sign Support (count),crash_record,0.5001335469623268,higher -> more likely,0.00013791719952857393
y_serious,weather__WEATHER=99.0,weather.WEATHER = Reported as Unknown (count),crash_record,0.5001330622593265,higher -> less likely,0.0010594548509240452
y_serious,parkwork__PBODYTYP=20,"parkwork.PBODYTYP = Minivan (Chrysler Town and Country, Caravan, Grand Caravan, Voyager, Voyager, Honda-Odyssey, ...) (count)",crash_record,0.5001324934564267,higher -> less likely,0.001473206449509767
y_serious,vpicdecode__ENGINECONFIGURATIONID=5.0,vpicdecode.ENGINECONFIGURATIONID = 5 (count),crash_record,0.5001324073501676,higher -> less likely,0.0031783645527721357
y_serious,parkwork__PBODYTYP=34,parkwork.PBODYTYP = Light Pickup (count),crash_record,0.5001323075337858,higher -> less likely,0.0065447980139923265
y_serious,vpictrailerdecode__TRAILERTYPECONNECTIONID=6.0,vpictrailerdecode.TRAILERTYPECONNECTIONID = 6 (count),crash_record,0.5001317786908781,higher -> more likely,0.0006018205070337771
y_serious,nmprior__NMACTION=2,nmprior.NMACTION = Waiting to Cross Roadway (count),crash_record,0.5001305427734659,higher -> more likely,0.0005579377617292309
y_serious,parkwork__PCARGTYP=4,parkwork.PCARGTYP = Dump (count),crash_record,0.5001299228084005,higher -> more likely,0.00014418616314350912
y_serious,vpicdecode__AXLESCOUNT__max,vpicdecode.AXLESCOUNT__max,crash_record,0.5001295141798623,higher -> less likely,1.0
y_serious,vpictrailerdecode__TRAILERTYPECONNECTIONID=3.0,vpictrailerdecode.TRAILERTYPECONNECTIONID = 3 (count),crash_record,0.5001275668408338,higher -> more likely,0.00019433787206299055
y_serious,vpicdecode__REARAUTOMATICEMERGENCYBRAKINGID=3.0,vpicdecode.REARAUTOMATICEMERGENCYBRAKINGID = 3 (count),crash_record,0.5001260018804745,higher -> less likely,0.0009089997241656009
y_serious,vehicle__CARGO_BT=96,vehicle.CARGO_BT = No Cargo Body Type (count),crash_record,0.5001240548758392,higher -> less likely,0.003993329822713709
y_serious,vpicdecode__AIRBAGLOCFRONTID=1.0,vpicdecode.AIRBAGLOCFRONTID = 1 (count),crash_record,0.5001229075726356,higher -> more likely,0.004626495147822162
y_serious,parkwork__PHOUR=12,parkwork.PHOUR = 12:00pm-12:59pm (count),crash_record,0.5001229055662763,higher -> less likely,0.0020562200656987386
y_serious,parkwork__PVPICBODYCLASS=60,parkwork.PVPICBODYCLASS = Pickup (count),crash_record,0.5001217983902613,higher -> less likely,0.007171694375485845
y_serious,parkwork__PVPICBODYCLASS=2,parkwork.PVPICBODYCLASS = Minivan (count),crash_record,0.5001207191360817,higher -> less likely,0.0012224479049123599
y_serious,parkwork__PGVWR_FROM=16,"parkwork.PGVWR_FROM = Class 6: 19,501 - 26,000 lbs. (8,845 - 11,794 kg) (count)",crash_record,0.5001203093371671,higher -> more likely,0.0002068757992928609
y_serious,parkwork__PGVWR_TO=16,"parkwork.PGVWR_TO = Class 6: 19,501 - 26,000 lbs. (8,845 - 11,794 kg) (count)",crash_record,0.5001203093371671,higher -> more likely,0.0002068757992928609
y_serious,vpicdecode__AIRBAGLOCSIDEID=1.0,vpicdecode.AIRBAGLOCSIDEID = 1 (count),crash_record,0.5001201272600484,higher -> less likely,0.0033413576067604506
y_serious,pbtype__PEDCGP=460,pbtype.PEDCGP = Driveway Access/Driveway Access Related (count),crash_record,0.500118008544485,higher -> less likely,0.0014481305950500263
y_serious,vpicdecode__CURBWEIGHTLB__min,vpicdecode.CURBWEIGHTLB__min,crash_record,0.5001176062694181,higher -> more likely,1.0
y_serious,parkwork__PHOUR=0,parkwork.PHOUR = 0:00am-0:59am (count),crash_record,0.5001162989590496,higher -> more likely,0.001504551267584443
y_serious,vpicdecode__AXLESCOUNT__min,vpicdecode.AXLESCOUNT__min,crash_record,0.5001162787282587,higher -> less likely,1.0
y_serious,vpicdecode__AXLECONFIGURATIONID=2.0,vpicdecode.AXLECONFIGURATIONID = 2 (count),crash_record,0.5001161239041889,higher -> more likely,0.001504551267584443
y_serious,parkwork__PGVWR_TO=17,"parkwork.PGVWR_TO = Class 7: 26,001 - 33,000 lbs. (11,794 - 14,969 kg) (count)",crash_record,0.5001154114793929,higher -> more likely,0.00016926201760324982
y_serious,parkwork__PCARGTYP=3,parkwork.PCARGTYP = Flatbed (count),crash_record,0.5001141347660056,higher -> more likely,0.00012537927229870358
y_serious,parkwork__PIMPACT1=1,parkwork.PIMPACT1 = 1 Clock Point (count),post_crash,0.5001136636059316,higher -> less likely,0.0010719927781539156
y_serious,weather__WEATHERCODE=99.0,weather.WEATHERCODE = 99 (count),crash_record,0.5001134460831295,higher -> more likely,0.0004952481255798792
y_serious,parkwork__PGVWR_FROM=13,"parkwork.PGVWR_FROM = Class 3: 10,001 - 14,000 lbs. (4,536 - 6,350 kg) (count)",crash_record,0.5001127545579108,higher -> more likely,0.0008651169788610547
y_serious,vpicdecode__ADAPTIVECRUISECONTROLID=2.0,vpicdecode.ADAPTIVECRUISECONTROLID = 2 (count),crash_record,0.5001126778146625,higher -> less likely,0.004250357330926051
y_serious,parkwork__PMONTH=7,parkwork.PMONTH = July (count),crash_record,0.5001111962854162,higher -> more likely,0.00367988164196695
y_serious,distract__DRDISTRACT=15,distract.DRDISTRACT = Other Mobile Phone Related (count),crash_record,0.5001088508512366,higher -> less likely,0.006225080869630632
y_serious,vpictrailerdecode__GROSSVEHICLEWEIGHTRATINGFROMID=9.0,vpictrailerdecode.GROSSVEHICLEWEIGHTRATINGFROMID = 9 (count),crash_record,0.5001083479238049,higher -> more likely,0.0003197171443616941
y_serious,vpicdecode__DESTINATIONMARKETID=15.0,vpicdecode.DESTINATIONMARKETID = 15 (count),crash_record,0.5001067889825238,higher -> less likely,0.002488778555129266
y_serious,vpicdecode__CHARGERLEVELID=3.0,vpicdecode.CHARGERLEVELID = 3 (count),crash_record,0.50010364100457,higher -> more likely,0.00042002056220065697
y_serious,vpicdecode__TRUCKBEDLENGTHIN__min,vpicdecode.TRUCKBEDLENGTHIN__min,crash_record,0.5001033754963382,higher -> more likely,1.0
y_serious,vpicdecode__TRUCKBEDLENGTHIN__max,vpicdecode.TRUCKBEDLENGTHIN__max,crash_record,0.5001033754963382,higher -> more likely,1.0
y_serious,safetyeq__NMREFCLO=9,safetyeq.NMREFCLO = Reported as Unknown (count),crash_record,0.5001020762114072,higher -> more likely,0.0010218410692344343
y_serious,vpicdecode__EVDRIVEUNITID=1.0,vpicdecode.EVDRIVEUNITID = 1 (count),crash_record,0.5001016848041209,higher -> less likely,0.0009591514330850823
y_serious,vpicdecode__GROSSVEHICLEWEIGHTRATINGTOID=14.0,vpicdecode.GROSSVEHICLEWEIGHTRATINGTOID = 14 (count),crash_record,0.5001013883645143,higher -> less likely,0.00031344818074675895
y_serious,parkwork__PV_CONFIG=19,"parkwork.PV_CONFIG = Vehicle More Than 10,000 lbs., Other (count)",crash_record,0.5000998157131105,higher -> more likely,0.00028837232628701825
y_serious,vpicdecode__GROSSVEHICLEWEIGHTRATINGTOID=9.0,vpicdecode.GROSSVEHICLEWEIGHTRATINGTOID = 9 (count),crash_record,0.5000976655645825,higher -> less likely,0.0012287168685272951
y_serious,vehicle__BDYTYP_IM=21.0,vehicle.BDYTYP_IM = 21 (count),crash_record,0.5000958128588409,higher -> less likely,0.0066639083226760955
y_serious,parkwork__PHARM_EV=45,parkwork.PHARM_EV = Working Motor Vehicle (count),crash_record,0.5000952112854036,higher -> less likely,0.00039494470774091627
y_serious,parkwork__PVPICBODYCLASS=95,parkwork.PVPICBODYCLASS = Cargo Van (count),crash_record,0.5000950156653585,higher -> less likely,0.0005328619072694903
y_serious,nmdistract__NMDISTRACT=15,nmdistract.NMDISTRACT = Other Mobile Phone Related (count),crash_record,0.5000949148457969,higher -> more likely,0.00025075854459740717
y_serious,parkwork__PV_CONFIG=5,parkwork.PV_CONFIG = Truck Tractor (Bobtail) (count),crash_record,0.5000947182225723,higher -> more likely,0.00011284134506883322
y_serious,vpicdecode__KEYLESSIGNITIONID=2.0,vpicdecode.KEYLESSIGNITIONID = 2 (count),crash_record,0.500092264946573,higher -> more likely,0.000946613505855212
y_serious,parkwork__PHARM_EV=1,parkwork.PHARM_EV = Rollover/Overturn (count),crash_record,0.500087464564428,higher -> more likely,0.00012537927229870358
y_serious,nmdistract__NMDISTRACT=5,nmdistract.NMDISTRACT = While Talking or Listening to Mobile Phone (count),crash_record,0.5000863843070688,higher -> more likely,0.00021941372652273125
y_serious,pbtype__PEDCGP=200,pbtype.PEDCGP = Backing Vehicle (count),crash_record,0.5000861383608413,higher -> less likely,0.0016236615762682113
y_serious,vpictrailerdecode__TRAILERBODYTYPEID=5.0,vpictrailerdecode.TRAILERBODYTYPEID = 5 (count),crash_record,0.5000855936342546,higher -> less likely,0.0003322550715915645
y_serious,safetyeq__NMPROPAD=9,safetyeq.NMPROPAD = Reported as Unknown (count),crash_record,0.5000817760338395,higher -> more likely,0.0012412547957571655
y_serious,vpicdecode__BASEPRICE__min,vpicdecode.BASEPRICE__min,crash_record,0.5000815361066904,higher -> more likely,1.0
y_serious,vpicdecode__FUELTYPESECONDARYID=6.0,vpicdecode.FUELTYPESECONDARYID = 6 (count),crash_record,0.5000788378876434,higher -> less likely,0.0008275031971714436
y_serious,pbtype__PBPTYPE=7,pbtype.PBPTYPE = Other Pedalcyclist (count),crash_record,0.500077856610683,higher -> more likely,0.00018806890844805536
y_serious,vpictrailerdecode__PLANTCOUNTRYID=8.0,vpictrailerdecode.PLANTCOUNTRYID = 8 (count),crash_record,0.5000753046886781,higher -> more likely,0.00010030341783896286
y_serious,vpicdecode__AXLECONFIGURATIONID=3.0,vpicdecode.AXLECONFIGURATIONID = 3 (count),crash_record,0.5000742257688919,higher -> more likely,0.00019433787206299055
y_serious,parkwork__PVPICBODYCLASS=8,parkwork.PVPICBODYCLASS = Crossover Utility Vehicle (CUV) (count),crash_record,0.5000732476686672,higher -> less likely,0.0004952481255798792
y_serious,vpicdecode__CHARGERPOWERKW__min,vpicdecode.CHARGERPOWERKW__min,crash_record,0.5000723670440719,higher -> less likely,1.0
y_serious,vpicdecode__CHARGERPOWERKW__max,vpicdecode.CHARGERPOWERKW__max,crash_record,0.5000723670440719,higher -> less likely,1.0
y_serious,parkwork__PHOUR=18,parkwork.PHOUR = 6:00pm-6:59pm (count),crash_record,0.5000706539475075,higher -> more likely,0.0019057649389402943
y_serious,vpictrailerdecode__TRAILERBODYTYPEID=109.0,vpictrailerdecode.TRAILERBODYTYPEID = 109 (count),crash_record,0.5000705977694434,higher -> more likely,0.00020060683567792571
y_serious,pbtype__BIKECGP=290,pbtype.BIKECGP = Parallel Paths - Other Circumstances (count),crash_record,0.5000702998250672,higher -> more likely,0.0016299305398831466
y_serious,parkwork__PBODYTYP=6,parkwork.PBODYTYP = Station Wagon (excluding van and truck based) (count),crash_record,0.5000698437126889,higher -> less likely,0.0020562200656987386
y_serious,vpicdecode__ENTERTAINMENTSYSTEMID=0.0,vpicdecode.ENTERTAINMENTSYSTEMID = 0 (count),crash_record,0.5000685407494324,higher -> less likely,0.00039494470774091627
y_serious,vpicdecode__EVDRIVEUNITID=0.0,vpicdecode.EVDRIVEUNITID = 0 (count),crash_record,0.5000685407494324,higher -> less likely,0.00039494470774091627
y_serious,vpicdecode__BATTERYTYPEID=0.0,vpicdecode.BATTERYTYPEID = 0 (count),crash_record,0.5000685407494324,higher -> less likely,0.00039494470774091627
y_serious,vpicdecode__CHARGERLEVELID=0.0,vpicdecode.CHARGERLEVELID = 0 (count),crash_record,0.5000685407494324,higher -> less likely,0.00039494470774091627
y_serious,vpicdecode__FUELTYPESECONDARYID=0.0,vpicdecode.FUELTYPESECONDARYID = 0 (count),crash_record,0.5000685407494324,higher -> less likely,0.00039494470774091627
y_serious,vpicdecode__ENGINEELECTRIFICATIONLEVELID=0.0,vpicdecode.ENGINEELECTRIFICATIONLEVELID = 0 (count),crash_record,0.5000685407494324,higher -> less likely,0.00039494470774091627
y_serious,vpicdecode__PRETENSIONERID=0.0,vpicdecode.PRETENSIONERID = 0 (count),crash_record,0.5000685407494324,higher -> less likely,0.00039494470774091627
y_serious,vpicdecode__AIRBAGLOCSEATCUSHIONID=0.0,vpicdecode.AIRBAGLOCSEATCUSHIONID = 0 (count),crash_record,0.5000685407494324,higher -> less likely,0.00039494470774091627
y_serious,parkwork__PCARGTYP=98,parkwork.PCARGTYP = Unknown Cargo Body Type (count),crash_record,0.5000675539549836,higher -> more likely,0.0006206273978785827
y_serious,pvehiclesf__PVEHICLESF=42,"pvehiclesf.PVEHICLESF = Other Working Vehicle (Not Construction, Maintenance, Utility, Police, Fire, or EMS Vehicle) (count)",crash_record,0.50006638290986,higher -> less likely,0.0002068757992928609
y_serious,pbtype__PBSZONE=1,pbtype.PBSZONE = Yes (count),crash_record,0.5000661797659673,higher -> less likely,0.00034479299882143486
y_serious,parkwork__PCARGTYP=99,parkwork.PCARGTYP = Unknown (count),crash_record,0.5000651844444908,higher -> less likely,0.0010343789964643046
y_serious,parkwork__PV_CONFIG=21,"parkwork.PV_CONFIG = Bus (seats for more than 15 occupants, including driver) (count)",crash_record,0.500064423031085,higher -> more likely,0.0001191103086837684
y_serious,parkwork__PGVWR_FROM=14,"parkwork.PGVWR_FROM = Class 4: 14,001 - 16,000 lbs. (6,350 - 7,258 kg) (count)",crash_record,0.5000620699058611,higher -> more likely,0.00016926201760324982
y_serious,parkwork__PGVWR_TO=14,"parkwork.PGVWR_TO = Class 4: 14,001 - 16,000 lbs. (6,350 - 7,258 kg) (count)",crash_record,0.5000620699058611,higher -> more likely,0.00016926201760324982
y_serious,vehicle__VTRAFCON=2,vehicle.VTRAFCON = Traffic control signal (on colors) with Pedestrian Signal (count),crash_record,0.5000611886124792,higher -> less likely,0.012801223701697634
y_serious,vpictrailerdecode__TRAILERBODYTYPEID=16.0,vpictrailerdecode.TRAILERBODYTYPEID = 16 (count),crash_record,0.5000610891304904,higher -> less likely,0.0005203239800396198
y_serious,vpictrailerdecode__TRAILERTYPECONNECTIONID=1.0,vpictrailerdecode.TRAILERTYPECONNECTIONID = 1 (count),crash_record,0.5000610891304904,higher -> less likely,0.0005203239800396198
y_serious,pbtype__PEDSNR=7a,"pbtype.PEDSNR = Motorist turning right - Crash Occurred on Far Side of Intersection / Pedestrian within crosswalk area, approach direction same as motoristâs (count)",crash_record,0.5000598070668114,higher -> more likely,0.0011409513779182027
y_serious,vpictrailerdecode__TRAILERTYPECONNECTIONID=5.0,vpictrailerdecode.TRAILERTYPECONNECTIONID = 5 (count),crash_record,0.5000595181510528,higher -> more likely,8.149652699415733e-05
y_serious,vpictrailerdecode__TRAILERTYPECONNECTIONID=30.0,vpictrailerdecode.TRAILERTYPECONNECTIONID = 30 (count),crash_record,0.5000584392312666,higher -> more likely,0.000175530981218185
y_serious,pvehiclesf__PVEHICLESF=29,pvehiclesf.PVEHICLESF = Default Code Used for Vehicle Numbering (count),crash_record,0.500057161347503,higher -> more likely,0.00013164823591363875
y_serious,parkwork__PV_CONFIG=99,parkwork.PV_CONFIG = Unknown (count),crash_record,0.5000566537385659,higher -> less likely,0.0010657238145389805
y_serious,parkwork__PUNDEROVERRIDE=2.0,parkwork.PUNDEROVERRIDE = Override (count),crash_record,0.5000558901516042,higher -> more likely,8.77654906090925e-05
y_serious,parkwork__PEM_USE=5,"parkwork.PEM_USE = Emergency Operation, Emergency Warning Equipment in Use (count)",crash_record,0.5000535398687226,higher -> more likely,0.00013791719952857393
y_serious,parkwork__PHOUR=23,parkwork.PHOUR = 11:00pm-11:59pm (count),crash_record,0.500053281717142,higher -> more likely,0.0015672409037337947
y_serious,vision__VISION=6,vision.VISION = In-Transport Motor Vehicle (including load) (count),crash_record,0.500052923916376,higher -> less likely,0.007648135610220918
y_serious,parkwork__PIMPACT1=5,parkwork.PIMPACT1 = 5 Clock Point (count),post_crash,0.500052314317501,higher -> less likely,0.001611123649038341
y_serious,parkwork__PCARGTYP=97,parkwork.PCARGTYP = Other (count),crash_record,0.5000517650766056,higher -> more likely,0.0006018205070337771
y_serious,vpicdecode__BATTERYTYPEID=1.0,vpicdecode.BATTERYTYPEID = 1 (count),crash_record,0.5000495174524484,higher -> less likely,0.00013164823591363875
y_serious,parkwork__PVPICBODYCLASS=9,parkwork.PVPICBODYCLASS = Van (count),crash_record,0.5000481558031785,higher -> more likely,0.0006080894706487123
y_serious,vpicdecode__BLINDSPOTWARNINGID=2.0,vpicdecode.BLINDSPOTWARNINGID = 2 (count),crash_record,0.5000478456534493,higher -> more likely,0.0012537927229870358
y_serious,parkwork__PMONTH=8,parkwork.PMONTH = August (count),crash_record,0.5000476520397636,higher -> less likely,0.0035858471877429224
y_serious,person__DEVTYPE=7.0,person.DEVTYPE = 7 (count),crash_record,0.5000464749755618,higher -> more likely,0.00028837232628701825
y_serious,parkwork__PCARGTYP=22,parkwork.PCARGTYP = Bus (count),crash_record,0.5000462830338424,higher -> more likely,0.00015045512675844429
y_serious,vpicdecode__BATTERYTYPEID=2.0,vpicdecode.BATTERYTYPEID = 2 (count),crash_record,0.5000442236730789,higher -> less likely,0.0004450964166603977
y_serious,parkwork__PMAKE=35,parkwork.PMAKE = Nissan/Datsun (count),crash_record,0.5000428785762743,higher -> more likely,0.003567040296898117
y_serious,vpicdecode__GROSSVEHICLEWEIGHTRATINGTOID=1.0,vpicdecode.GROSSVEHICLEWEIGHTRATINGTOID = 1 (count),crash_record,0.50004137815381,higher -> more likely,0.00011284134506883322
y_serious,vpictrailerdecode__TRAILERBODYTYPEID=21.0,vpictrailerdecode.TRAILERBODYTYPEID = 21 (count),crash_record,0.50004137815381,higher -> more likely,0.00011284134506883322
y_serious,parkwork__PTYPE=4,"parkwork.PTYPE = Working Motor Vehicle (highway construction, maintenance, utility only) (count)",crash_record,0.5000405866450128,higher -> less likely,0.0004388274530454625
y_serious,parkwork__PV_CONFIG=4,parkwork.PV_CONFIG = Truck Pulling Trailer(s) (count),crash_record,0.5000390246941926,higher -> more likely,0.00016299305398831466
y_serious,pbtype__PEDCGP=310,pbtype.PEDCGP = Working or Playing in Roadway (count),crash_record,0.5000389054830029,higher -> more likely,0.000946613505855212
y_serious,vpictrailerdecode__TRAILERBODYTYPEID=160.0,vpictrailerdecode.TRAILERBODYTYPEID = 160 (count),crash_record,0.5000386334541028,higher -> less likely,0.00011284134506883322
y_serious,vpictrailerdecode__TRAILERBODYTYPEID=61.0,vpictrailerdecode.TRAILERBODYTYPEID = 61 (count),crash_record,0.5000377501543615,higher -> more likely,0.0001191103086837684
y_serious,parkwork__PHOUR=21,parkwork.PHOUR = 9:00pm-9:59pm (count),crash_record,0.5000368332480998,higher -> less likely,0.001861882193635748
y_serious,parkwork__PM_HARM=8,parkwork.PM_HARM = Pedestrian (count),crash_record,0.5000353966947441,higher -> more likely,0.00016926201760324982
y_serious,person__DEVTYPE=1.0,person.DEVTYPE = 1 (count),crash_record,0.5000328486182615,higher -> more likely,8.149652699415733e-05
y_serious,person__DEVTYPE=97.0,person.DEVTYPE = 97 (count),crash_record,0.500031377789599,higher -> less likely,0.00010030341783896286
y_serious,person__DEVMOTOR=2.0,person.DEVMOTOR = 2 (count),crash_record,0.5000309302042483,higher -> less likely,0.0022192131196870535
y_serious,vpicdecode__BATTERYA_FROM__min,vpicdecode.BATTERYA_FROM__min,crash_record,0.5000302982010263,higher -> more likely,1.0
y_serious,vpicdecode__BATTERYA_FROM__max,vpicdecode.BATTERYA_FROM__max,crash_record,0.5000302982010263,higher -> more likely,1.0
y_serious,vpicdecode__EVDRIVEUNITID=2.0,vpicdecode.EVDRIVEUNITID = 2 (count),crash_record,0.5000295160552398,higher -> less likely,0.0005579377617292309
y_serious,vpicdecode__DESTINATIONMARKETID=4.0,vpicdecode.DESTINATIONMARKETID = 4 (count),crash_record,0.5000293204351949,higher -> less likely,0.0006958549612578049
y_serious,person__PER_TYP=3,person.PER_TYP = Occupant of a Motor Vehicle Not In- Transport (count),crash_record,0.5000287091643537,higher -> more likely,0.006174929160711151
y_serious,parkwork__PV_CONFIG=88,"parkwork.PV_CONFIG = Qualifying Vehicle, Unknown Configuration (count)",crash_record,0.5000281440397794,higher -> more likely,0.0001817999448331202
y_serious,parkwork__PUNDEROVERRIDE=8.0,parkwork.PUNDEROVERRIDE = Not Reported (count),crash_record,0.5000280596054866,higher -> less likely,0.005993129215878031
y_serious,pbtype__PBPTYPE=13,pbtype.PBPTYPE = 13 (count),crash_record,0.5000272557241395,higher -> more likely,0.0004137515985857218
y_serious,parkwork__PGVWR_TO=13,"parkwork.PGVWR_TO = Class 3: 10,001 - 14,000 lbs. (4,536 - 6,350 kg) (count)",crash_record,0.5000271642675886,higher -> less likely,0.0005077860528097495
y_serious,vpictrailerdecode__TRAILERBODYTYPEID=101.0,vpictrailerdecode.TRAILERBODYTYPEID = 101 (count),crash_record,0.5000268661560158,higher -> more likely,0.00013791719952857393
y_serious,vpicdecode__BATTERYKWH_TO__min,vpicdecode.BATTERYKWH_TO__min,crash_record,0.5000266735455101,higher -> less likely,1.0
y_serious,vpicdecode__BATTERYKWH_TO__max,vpicdecode.BATTERYKWH_TO__max,crash_record,0.5000266735455101,higher -> less likely,1.0
y_serious,vpicdecode__BATTERYCELLSPERMODULE__min,vpicdecode.BATTERYCELLSPERMODULE__min,crash_record,0.5000266702015778,higher -> more likely,1.0
y_serious,vpicdecode__BATTERYCELLSPERMODULE__max,vpicdecode.BATTERYCELLSPERMODULE__max,crash_record,0.5000266702015778,higher -> more likely,1.0
y_serious,vpictrailerdecode__AXLECONFIGURATIONID=3.0,vpictrailerdecode.AXLECONFIGURATIONID = 3 (count),crash_record,0.5000259828562745,higher -> more likely,0.00036986885328117557
y_serious,pbtype__BIKEPOS=9,pbtype.BIKEPOS = Unknown (count),crash_record,0.5000257862330499,higher -> more likely,0.00023195165375260163
y_serious,parkwork__PBODYTYP=21,"parkwork.PBODYTYP = Large Van-Includes van-based buses (B150-B350, Sportsman, Royal Maxiwagon, Ram, Tradesman,...) (count)",crash_record,0.5000256835743255,higher -> less likely,0.0006895859976428697
y_serious,vpictrailerdecode__GROSSVEHICLEWEIGHTRATINGFROMID=10.0,vpictrailerdecode.GROSSVEHICLEWEIGHTRATINGFROMID = 10 (count),crash_record,0.5000253959961398,higher -> less likely,4.388274530454625e-05
y_serious,vision__VISION=1,"vision.VISION = Rain, Snow, Fog, Smoke, Sand, Dust (count)",crash_record,0.5000248624717267,higher -> less likely,0.004651571002281903
y_serious,parkwork__PMAKE=12,parkwork.PMAKE = Ford (count),crash_record,0.5000239348648812,higher -> less likely,0.006494646305072845
y_serious,person__REST_USE=12,person.REST_USE = Booster Seat (count),crash_record,0.500023608831473,higher -> more likely,0.0068269013766644095
y_serious,vpictrailerdecode__GROSSVEHICLEWEIGHTRATINGFROMID=15.0,vpictrailerdecode.GROSSVEHICLEWEIGHTRATINGFROMID = 15 (count),crash_record,0.5000230425365224,higher -> more likely,6.2689636149351786e-06
y_serious,vpicdecode__CHARGERLEVELID=2.0,vpicdecode.CHARGERLEVELID = 2 (count),crash_record,0.5000228469164776,higher -> less likely,0.00013164823591363875
y_serious,vpicdecode__DESTINATIONMARKETID=19.0,vpicdecode.DESTINATIONMARKETID = 19 (count),crash_record,0.5000225504768709,higher -> more likely,0.0005140550164246847
y_serious,parkwork__PEM_USE=8,parkwork.PEM_USE = Not Reported (count),crash_record,0.5000215733798261,higher -> less likely,0.000175530981218185
y_serious,vpicdecode__GROSSCOMBWEIGHTRATINGFROMID=4.0,vpicdecode.GROSSCOMBWEIGHTRATINGFROMID = 4 (count),crash_record,0.5000208846969499,higher -> more likely,0.00019433787206299055
y_serious,vpicdecode__GROSSCOMBWEIGHTRATINGFROMID=5.0,vpicdecode.GROSSCOMBWEIGHTRATINGFROMID = 5 (count),crash_record,0.5000201022167703,higher -> less likely,0.0003573309260513052
y_serious,vpictrailerdecode__GROSSVEHICLEWEIGHTRATINGFROMID=4.0,vpictrailerdecode.GROSSVEHICLEWEIGHTRATINGFROMID = 4 (count),crash_record,0.5000194145370739,higher -> more likely,1.2537927229870357e-05
y_serious,vpicdecode__BUSLENGTHFT__min,vpicdecode.BUSLENGTHFT__min,crash_record,0.5000192172450628,higher -> less likely,1.0
y_serious,vpicdecode__BUSLENGTHFT__max,vpicdecode.BUSLENGTHFT__max,crash_record,0.5000192172450628,higher -> less likely,1.0
y_serious,parkwork__PMAKE=23,parkwork.PMAKE = GMC (count),crash_record,0.5000191953423057,higher -> more likely,0.001579778830963665
y_serious,parkwork__PIMPACT1=61,parkwork.PIMPACT1 = Left (count),post_crash,0.5000189320076298,higher -> more likely,0.0013039444319065173
y_serious,vpicdecode__GROSSCOMBWEIGHTRATINGTOID=5.0,vpicdecode.GROSSCOMBWEIGHTRATINGTOID = 5 (count),crash_record,0.5000179443771978,higher -> less likely,0.00016926201760324982
y_serious,vpicdecode__WHEELBASETYPEID=6.0,vpicdecode.WHEELBASETYPEID = 6 (count),crash_record,0.5000173772462642,higher -> more likely,0.001122144487073397
y_serious,parkwork__PGVWR_FROM=15,"parkwork.PGVWR_FROM = Class 5: 16,001 - 19,500 lbs. (7,258 - 8,845 kg) (count)",crash_record,0.5000172566975013,higher -> more likely,0.00020060683567792571
y_serious,nmdistract__NMDISTRACT=6,nmdistract.NMDISTRACT = While Manipulating Mobile Phone (count),crash_record,0.5000172566975013,higher -> more likely,0.00020060683567792571
y_serious,parkwork__PNUMOCCS__max,parkwork.PNUMOCCS__max,crash_record,0.5000159938614337,higher -> more likely,0.006149853306251411
y_serious,parkwork__PMAN_COLL=8,parkwork.PMAN_COLL = Sideswipe - Opposite Direction (count),crash_record,0.5000159801513108,higher -> more likely,0.00015672409037337947
y_serious,vpictrailerdecode__TRAILERBODYTYPEID=6.0,vpictrailerdecode.TRAILERBODYTYPEID = 6 (count),crash_record,0.5000158953826248,higher -> less likely,0.0007648135610220918
y_serious,vpicdecode__GROSSCOMBWEIGHTRATINGFROMID=16.0,vpicdecode.GROSSCOMBWEIGHTRATINGFROMID = 16 (count),crash_record,0.5000155909175804,higher -> less likely,0.0001191103086837684
y_serious,parkwork__PEM_USE=2,"parkwork.PEM_USE = Non-Emergency, Non-Transport (count)",crash_record,0.5000155880752379,higher -> less likely,0.0001191103086837684
y_serious,vpictrailerdecode__TRAILERTYPECONNECTIONID=14.0,vpictrailerdecode.TRAILERTYPECONNECTIONID = 14 (count),crash_record,0.5000153952975355,higher -> less likely,0.00025702750821234233
y_serious,parkwork__PMAKE=63,parkwork.PMAKE = KIA (count),crash_record,0.5000151189215234,higher -> less likely,0.0013164823591363876
y_serious,vpicdecode__ENTERTAINMENTSYSTEMID=1.0,vpicdecode.ENTERTAINMENTSYSTEMID = 1 (count),crash_record,0.5000140139190644,higher -> more likely,0.0021878683016123774
y_serious,vpicdecode__EVENTDATARECORDERID=3.0,vpicdecode.EVENTDATARECORDERID = 3 (count),crash_record,0.5000139251376594,higher -> less likely,0.0004388274530454625
y_serious,vpictrailerdecode__TRAILERTYPECONNECTIONID=2.0,vpictrailerdecode.TRAILERTYPECONNECTIONID = 2 (count),crash_record,0.5000132374579631,higher -> less likely,6.895859976428697e-05
y_serious,parkwork__PHARM_EV=38,parkwork.PHARM_EV = Fence (count),crash_record,0.5000123503126993,higher -> more likely,0.00016299305398831466
y_serious,vpictrailerdecode__GROSSVEHICLEWEIGHTRATINGTOID=5.0,vpictrailerdecode.GROSSVEHICLEWEIGHTRATINGTOID = 5 (count),crash_record,0.5000121585381768,higher -> more likely,2.5075854459740714e-05
y_serious,parkwork__PICFINALBODY=60,parkwork.PICFINALBODY = Pickup (count),crash_record,0.5000110796183905,higher -> more likely,0.0001191103086837684
y_serious,vpicdecode__GROSSVEHICLEWEIGHTRATINGTOID=12.0,vpicdecode.GROSSVEHICLEWEIGHTRATINGTOID = 12 (count),crash_record,0.5000108839983457,higher -> less likely,1.8806890844805536e-05
y_serious,vpictrailerdecode__TRAILERTYPECONNECTIONID=31.0,vpictrailerdecode.TRAILERTYPECONNECTIONID = 31 (count),crash_record,0.5000108839983457,higher -> less likely,1.8806890844805536e-05
y_serious,pbtype__BIKECTYPE=158,pbtype.BIKECTYPE = Signalized Intersection - Other / Unknown (count),crash_record,0.5000105686655212,higher -> less likely,0.0010782617417688508
y_serious,pbtype__BIKELOC=2,pbtype.BIKELOC = Intersection-Related (count),crash_record,0.5000103894307449,higher -> less likely,0.0029213370445597933
y_serious,person__DEVTYPE=4.0,person.DEVTYPE = 4 (count),crash_record,0.5000098050785593,higher -> more likely,7.522756337922214e-05
y_serious,vehicle__PCRASH5=3,"vehicle.PCRASH5 = Stayed on roadway, not known if left original travel lane (count)",crash_record,0.5000088941913758,higher -> less likely,0.02490032347852253
y_serious,pbtype__PEDCGP=790,pbtype.PEDCGP = Crossing Roadway - Vehicle Turning (count),crash_record,0.5000088921850163,higher -> less likely,0.01545926427443015
y_serious,vpicdecode__GROSSVEHICLEWEIGHTRATINGTOID=6.0,vpicdecode.GROSSVEHICLEWEIGHTRATINGTOID = 6 (count),crash_record,0.5000072559988971,higher -> less likely,1.2537927229870357e-05
y_serious,vpicdecode__GROSSCOMBWEIGHTRATINGFROMID=17.0,vpicdecode.GROSSCOMBWEIGHTRATINGFROMID = 17 (count),crash_record,0.5000072559988971,higher -> less likely,1.2537927229870357e-05
y_serious,vpictrailerdecode__GROSSVEHICLEWEIGHTRATINGFROMID=7.0,vpictrailerdecode.GROSSVEHICLEWEIGHTRATINGFROMID = 7 (count),crash_record,0.5000072559988971,higher -> less likely,1.2537927229870357e-05
y_serious,vpictrailerdecode__GROSSVEHICLEWEIGHTRATINGFROMID=1.0,vpictrailerdecode.GROSSVEHICLEWEIGHTRATINGFROMID = 1 (count),crash_record,0.5000072559988971,higher -> less likely,1.2537927229870357e-05
y_serious,vpictrailerdecode__GROSSVEHICLEWEIGHTRATINGFROMID=2.0,vpictrailerdecode.GROSSVEHICLEWEIGHTRATINGFROMID = 2 (count),crash_record,0.5000072559988971,higher -> less likely,1.2537927229870357e-05
y_serious,vpictrailerdecode__AXLECONFIGURATIONID=5.0,vpictrailerdecode.AXLECONFIGURATIONID = 5 (count),crash_record,0.5000072559988971,higher -> less likely,1.2537927229870357e-05
y_serious,parkwork__PHARM_EV=18,parkwork.PHARM_EV = Other Object (not fixed) (count),crash_record,0.5000070628868014,higher -> less likely,0.00015045512675844429
y_serious,vpicdecode__TRANSMISSIONSTYLEID=3.0,vpicdecode.TRANSMISSIONSTYLEID = 3 (count),crash_record,0.5000060088793115,higher -> less likely,0.02148373830838286
y_serious,vpicdecode__GROSSCOMBWEIGHTRATINGFROMID=7.0,vpicdecode.GROSSCOMBWEIGHTRATINGFROMID = 7 (count),crash_record,0.5000059814590659,higher -> less likely,5.642067253441661e-05
y_serious,parkwork__PGVWR_TO=15,"parkwork.PGVWR_TO = Class 5: 16,001 - 19,500 lbs. (7,258 - 8,845 kg) (count)",crash_record,0.500005785839021,higher -> less likely,0.00019433787206299055
y_serious,parkwork__PICFINALBODY=11,parkwork.PICFINALBODY = Truck (count),crash_record,0.5000055913893524,higher -> less likely,0.0003322550715915645
y_serious,parkwork__PMAKE=7,parkwork.PMAKE = Dodge (count),crash_record,0.5000052446235633,higher -> less likely,0.0029589508262494045
y_serious,parkwork__PSP_USE=99,parkwork.PSP_USE = Reported as Unknown (count),crash_record,0.5000051021720434,higher -> more likely,0.000175530981218185
y_serious,vpictrailerdecode__PLANTCOUNTRYID=1.0,vpictrailerdecode.PLANTCOUNTRYID = 1 (count),crash_record,0.5000049025392796,higher -> more likely,3.761378168961107e-05
y_serious,vpictrailerdecode__TRAILERBODYTYPEID=174.0,vpictrailerdecode.TRAILERBODYTYPEID = 174 (count),crash_record,0.5000047045784821,higher -> less likely,0.00010030341783896286
y_serious,parkwork__PBUS_USE=99,parkwork.PBUS_USE = Reported as Unknown (count),crash_record,0.5000044119843978,higher -> more likely,0.0005453998344993606
y_serious,vpicdecode__BATTERYMODULESPERPACK__min,vpicdecode.BATTERYMODULESPERPACK__min,crash_record,0.5000036279994485,higher -> less likely,1.0
y_serious,vpicdecode__BATTERYMODULESPERPACK__max,vpicdecode.BATTERYMODULESPERPACK__max,crash_record,0.5000036279994485,higher -> less likely,1.0
y_serious,vpictrailerdecode__GROSSVEHICLEWEIGHTRATINGFROMID=5.0,vpictrailerdecode.GROSSVEHICLEWEIGHTRATINGFROMID = 5 (count),crash_record,0.5000036279994485,higher -> less likely,6.2689636149351786e-06
y_serious,vpictrailerdecode__GROSSVEHICLEWEIGHTRATINGFROMID=12.0,vpictrailerdecode.GROSSVEHICLEWEIGHTRATINGFROMID = 12 (count),crash_record,0.5000036279994485,higher -> less likely,6.2689636149351786e-06
y_serious,vpictrailerdecode__GROSSVEHICLEWEIGHTRATINGFROMID=13.0,vpictrailerdecode.GROSSVEHICLEWEIGHTRATINGFROMID = 13 (count),crash_record,0.5000036279994485,higher -> less likely,6.2689636149351786e-06
y_serious,vpictrailerdecode__GROSSVEHICLEWEIGHTRATINGFROMID=6.0,vpictrailerdecode.GROSSVEHICLEWEIGHTRATINGFROMID = 6 (count),crash_record,0.5000036279994485,higher -> less likely,6.2689636149351786e-06
y_serious,vpictrailerdecode__GROSSVEHICLEWEIGHTRATINGFROMID=14.0,vpictrailerdecode.GROSSVEHICLEWEIGHTRATINGFROMID = 14 (count),crash_record,0.5000036279994485,higher -> less likely,6.2689636149351786e-06
y_serious,parkwork__PHARM_EV=53,parkwork.PHARM_EV = Mail Box (count),crash_record,0.5000032394345045,higher -> less likely,0.00028210336267208303
y_serious,parkwork__PSP_USE=5,parkwork.PSP_USE = Police (count),crash_record,0.5000030195709498,higher -> less likely,0.00042002056220065697
y_serious,vpicdecode__DAYTIMERUNNINGLIGHTID=2.0,vpicdecode.DAYTIMERUNNINGLIGHTID = 2 (count),crash_record,0.5000029523579088,higher -> less likely,0.003046716316858497
y_serious,parkwork__PGVWR_FROM=98,parkwork.PGVWR_FROM = Not Reported (count),crash_record,0.5000026181318663,higher -> more likely,0.0010093031420045637
y_serious,parkwork__PGVWR_TO=98,parkwork.PGVWR_TO = Not Reported (count),crash_record,0.5000026181318663,higher -> more likely,0.0010093031420045637
y_serious,parkwork__PSP_USE=98,parkwork.PSP_USE = 98 (count),crash_record,0.5000019627211173,higher -> less likely,0.0003259861079766293
y_serious,vpicdecode__DESTINATIONMARKETID=13.0,vpicdecode.DESTINATIONMARKETID = 13 (count),crash_record,0.5000007824801798,higher -> more likely,0.0005516687981142957
